profile_id,sample_index,sample_seed,accepted,max_cr,offending_paths,error,top3,top5,top10
P4,0,18400042,True,0.04533524727633617,,,Knowledge analysis / Technological / Reliance on spurious features|Model operation / Human / Loss of situational awareness|Model operation / Human / Policy misconfiguration,Knowledge analysis / Technological / Reliance on spurious features|Model operation / Human / Loss of situational awareness|Model operation / Human / Policy misconfiguration|Model training / Technological / Confidence miscalibration|Model training / Technological / Selective prediction / refusal failure,Knowledge analysis / Technological / Reliance on spurious features|Model operation / Human / Loss of situational awareness|Model operation / Human / Policy misconfiguration|Model training / Technological / Confidence miscalibration|Model training / Technological / Selective prediction / refusal failure|Model operation / Technological / Collective robustness loss|Model operation / Technological / Fallback failure / controlled degradation failure|Knowledge analysis / Technological / Spatial frame / map mismatch|Model training / Technological / Domain shift as technological robustness failure|Model training / Technological / Noise/blur/compression fragility
P4,1,18400043,True,0.051776842043817196,,,Knowledge analysis / Technological / Reliance on spurious features|Model operation / Human / Policy misconfiguration|Model training / Technological / Confidence miscalibration,Knowledge analysis / Technological / Reliance on spurious features|Model operation / Human / Policy misconfiguration|Model training / Technological / Confidence miscalibration|Model training / Technological / Selective prediction / refusal failure|Model operation / Human / Loss of situational awareness,Knowledge analysis / Technological / Reliance on spurious features|Model operation / Human / Policy misconfiguration|Model training / Technological / Confidence miscalibration|Model training / Technological / Selective prediction / refusal failure|Model operation / Human / Loss of situational awareness|Model operation / Technological / Fallback failure / controlled degradation failure|Model operation / Technological / Collective robustness loss|Model training / Technological / Noise/blur/compression fragility|Model training / Technological / Domain shift as technological robustness failure|Knowledge analysis / Technological / Pseudo-quantification risk
P4,2,18400044,True,0.04971811404822371,,,Knowledge analysis / Technological / Reliance on spurious features|Model operation / Human / Policy misconfiguration|Model operation / Human / Loss of situational awareness,Knowledge analysis / Technological / Reliance on spurious features|Model operation / Human / Policy misconfiguration|Model operation / Human / Loss of situational awareness|Model training / Technological / Confidence miscalibration|Model training / Technological / Selective prediction / refusal failure,Knowledge analysis / Technological / Reliance on spurious features|Model operation / Human / Policy misconfiguration|Model operation / Human / Loss of situational awareness|Model training / Technological / Confidence miscalibration|Model training / Technological / Selective prediction / refusal failure|Model operation / Technological / Fallback failure / controlled degradation failure|Model operation / Technological / Collective robustness loss|Model training / Technological / Noise/blur/compression fragility|Model training / Technological / Domain shift as technological robustness failure|Model training / Technological / Overfitting
P4,3,18400045,True,0.03578507508933097,,,Knowledge analysis / Technological / Reliance on spurious features|Model operation / Human / Loss of situational awareness|Model training / Technological / Selective prediction / refusal failure,Knowledge analysis / Technological / Reliance on spurious features|Model operation / Human / Loss of situational awareness|Model training / Technological / Selective prediction / refusal failure|Model operation / Human / Policy misconfiguration|Model training / Technological / Confidence miscalibration,Knowledge analysis / Technological / Reliance on spurious features|Model operation / Human / Loss of situational awareness|Model training / Technological / Selective prediction / refusal failure|Model operation / Human / Policy misconfiguration|Model training / Technological / Confidence miscalibration|Model operation / Technological / Collective robustness loss|Model training / Technological / Overfitting|Model operation / Technological / Fallback failure / controlled degradation failure|Model training / Technological / Domain shift as technological robustness failure|Model training / Technological / Noise/blur/compression fragility
P4,4,18400046,True,0.033149129331146755,,,Knowledge analysis / Technological / Reliance on spurious features|Model operation / Human / Loss of situational awareness|Model operation / Human / Policy misconfiguration,Knowledge analysis / Technological / Reliance on spurious features|Model operation / Human / Loss of situational awareness|Model operation / Human / Policy misconfiguration|Model training / Technological / Confidence miscalibration|Model training / Technological / Selective prediction / refusal failure,Knowledge analysis / Technological / Reliance on spurious features|Model operation / Human / Loss of situational awareness|Model operation / Human / Policy misconfiguration|Model training / Technological / Confidence miscalibration|Model training / Technological / Selective prediction / refusal failure|Model operation / Technological / Collective robustness loss|Model operation / Technological / Fallback failure / controlled degradation failure|Model training / Technological / Domain shift as technological robustness failure|Model training / Technological / Overfitting|Model training / Technological / Noise/blur/compression fragility
P4,5,18400047,True,0.04998730237906889,,,Knowledge analysis / Technological / Reliance on spurious features|Model operation / Human / Loss of situational awareness|Model operation / Human / Policy misconfiguration,Knowledge analysis / Technological / Reliance on spurious features|Model operation / Human / Loss of situational awareness|Model operation / Human / Policy misconfiguration|Model operation / Technological / Fallback failure / controlled degradation failure|Model operation / Technological / Collective robustness loss,Knowledge analysis / Technological / Reliance on spurious features|Model operation / Human / Loss of situational awareness|Model operation / Human / Policy misconfiguration|Model operation / Technological / Fallback failure / controlled degradation failure|Model operation / Technological / Collective robustness loss|Model training / Technological / Selective prediction / refusal failure|Model training / Technological / Confidence miscalibration|Knowledge analysis / Technological / Correlated errors x interaction graph omission|Knowledge analysis / Technological / Spatial frame / map mismatch|Knowledge analysis / Technological / Representation mismatch for swarm needs
P4,6,18400048,True,0.05710032638416471,,,Knowledge analysis / Technological / Reliance on spurious features|Model training / Technological / Confidence miscalibration|Model operation / Human / Policy misconfiguration,Knowledge analysis / Technological / Reliance on spurious features|Model training / Technological / Confidence miscalibration|Model operation / Human / Policy misconfiguration|Model operation / Human / Loss of situational awareness|Model training / Technological / Selective prediction / refusal failure,Knowledge analysis / Technological / Reliance on spurious features|Model training / Technological / Confidence miscalibration|Model operation / Human / Policy misconfiguration|Model operation / Human / Loss of situational awareness|Model training / Technological / Selective prediction / refusal failure|Model operation / Technological / Collective robustness loss|Model operation / Technological / Fallback failure / controlled degradation failure|Model training / Technological / Overfitting|Model training / Technological / Noise/blur/compression fragility|Model training / Technological / Domain shift as technological robustness failure
P4,7,18400049,True,0.05099541979603663,,,Knowledge analysis / Technological / Reliance on spurious features|Model training / Technological / Confidence miscalibration|Model training / Technological / Selective prediction / refusal failure,Knowledge analysis / Technological / Reliance on spurious features|Model training / Technological / Confidence miscalibration|Model training / Technological / Selective prediction / refusal failure|Model operation / Technological / Fallback failure / controlled degradation failure|Model operation / Technological / Collective robustness loss,Knowledge analysis / Technological / Reliance on spurious features|Model training / Technological / Confidence miscalibration|Model training / Technological / Selective prediction / refusal failure|Model operation / Technological / Fallback failure / controlled degradation failure|Model operation / Technological / Collective robustness loss|Model operation / Human / Policy misconfiguration|Model operation / Human / Loss of situational awareness|Model training / Technological / Noise/blur/compression fragility|Model training / Technological / Overfitting|Model training / Technological / Domain shift as technological robustness failure
P4,8,18400050,True,0.04043142987217662,,,Knowledge analysis / Technological / Reliance on spurious features|Model operation / Human / Loss of situational awareness|Model operation / Human / Policy misconfiguration,Knowledge analysis / Technological / Reliance on spurious features|Model operation / Human / Loss of situational awareness|Model operation / Human / Policy misconfiguration|Model training / Technological / Confidence miscalibration|Model training / Technological / Selective prediction / refusal failure,Knowledge analysis / Technological / Reliance on spurious features|Model operation / Human / Loss of situational awareness|Model operation / Human / Policy misconfiguration|Model training / Technological / Confidence miscalibration|Model training / Technological / Selective prediction / refusal failure|Model operation / Technological / Fallback failure / controlled degradation failure|Model operation / Technological / Collective robustness loss|Model training / Technological / Overfitting|Model training / Technological / Domain shift as technological robustness failure|Model training / Technological / Noise/blur/compression fragility
P4,9,18400051,True,0.04112743754485599,,,Knowledge analysis / Technological / Reliance on spurious features|Model operation / Human / Policy misconfiguration|Model training / Technological / Confidence miscalibration,Knowledge analysis / Technological / Reliance on spurious features|Model operation / Human / Policy misconfiguration|Model training / Technological / Confidence miscalibration|Model operation / Human / Loss of situational awareness|Model training / Technological / Selective prediction / refusal failure,Knowledge analysis / Technological / Reliance on spurious features|Model operation / Human / Policy misconfiguration|Model training / Technological / Confidence miscalibration|Model operation / Human / Loss of situational awareness|Model training / Technological / Selective prediction / refusal failure|Model operation / Technological / Fallback failure / controlled degradation failure|Model operation / Technological / Collective robustness loss|Model training / Technological / Domain shift as technological robustness failure|Model training / Technological / Noise/blur/compression fragility|Knowledge analysis / Technological / Spatial frame / map mismatch
P4,10,18400052,True,0.041462464975132084,,,Knowledge analysis / Technological / Reliance on spurious features|Model training / Technological / Confidence miscalibration|Model operation / Human / Loss of situational awareness,Knowledge analysis / Technological / Reliance on spurious features|Model training / Technological / Confidence miscalibration|Model operation / Human / Loss of situational awareness|Model operation / Human / Policy misconfiguration|Model training / Technological / Selective prediction / refusal failure,Knowledge analysis / Technological / Reliance on spurious features|Model training / Technological / Confidence miscalibration|Model operation / Human / Loss of situational awareness|Model operation / Human / Policy misconfiguration|Model training / Technological / Selective prediction / refusal failure|Model operation / Technological / Collective robustness loss|Model operation / Technological / Fallback failure / controlled degradation failure|Model training / Technological / Domain shift as technological robustness failure|Model training / Technological / Noise/blur/compression fragility|Model training / Technological / Overfitting
P4,11,18400053,True,0.035901058286662735,,,Knowledge analysis / Technological / Reliance on spurious features|Model operation / Human / Policy misconfiguration|Model operation / Human / Loss of situational awareness,Knowledge analysis / Technological / Reliance on spurious features|Model operation / Human / Policy misconfiguration|Model operation / Human / Loss of situational awareness|Model training / Technological / Confidence miscalibration|Model operation / Technological / Collective robustness loss,Knowledge analysis / Technological / Reliance on spurious features|Model operation / Human / Policy misconfiguration|Model operation / Human / Loss of situational awareness|Model training / Technological / Confidence miscalibration|Model operation / Technological / Collective robustness loss|Model training / Technological / Selective prediction / refusal failure|Model operation / Technological / Fallback failure / controlled degradation failure|Model training / Technological / Noise/blur/compression fragility|Model training / Technological / Domain shift as technological robustness failure|Model training / Technological / Overfitting
P4,12,18400054,True,0.07321336974317422,,,Knowledge analysis / Technological / Reliance on spurious features|Model training / Technological / Selective prediction / refusal failure|Model training / Technological / Confidence miscalibration,Knowledge analysis / Technological / Reliance on spurious features|Model training / Technological / Selective prediction / refusal failure|Model training / Technological / Confidence miscalibration|Model operation / Human / Loss of situational awareness|Model operation / Human / Policy misconfiguration,Knowledge analysis / Technological / Reliance on spurious features|Model training / Technological / Selective prediction / refusal failure|Model training / Technological / Confidence miscalibration|Model operation / Human / Loss of situational awareness|Model operation / Human / Policy misconfiguration|Model training / Technological / Overfitting|Model training / Technological / Noise/blur/compression fragility|Model operation / Technological / Fallback failure / controlled degradation failure|Model operation / Technological / Collective robustness loss|Model training / Technological / Domain shift as technological robustness failure
P4,13,18400055,True,0.05722255603061668,,,Knowledge analysis / Technological / Reliance on spurious features|Model operation / Human / Loss of situational awareness|Model operation / Human / Policy misconfiguration,Knowledge analysis / Technological / Reliance on spurious features|Model operation / Human / Loss of situational awareness|Model operation / Human / Policy misconfiguration|Model training / Technological / Confidence miscalibration|Model training / Technological / Selective prediction / refusal failure,Knowledge analysis / Technological / Reliance on spurious features|Model operation / Human / Loss of situational awareness|Model operation / Human / Policy misconfiguration|Model training / Technological / Confidence miscalibration|Model training / Technological / Selective prediction / refusal failure|Knowledge analysis / Technological / Pseudo-quantification risk|Knowledge analysis / Technological / Incorrect spatial-geometric interpretation|Knowledge analysis / Technological / Correlated errors x interaction graph omission|Knowledge analysis / Technological / Spatial frame / map mismatch|Model operation / Technological / Collective robustness loss
P4,14,18400056,True,0.055369268559973414,,,Knowledge analysis / Technological / Reliance on spurious features|Model operation / Human / Policy misconfiguration|Model operation / Human / Loss of situational awareness,Knowledge analysis / Technological / Reliance on spurious features|Model operation / Human / Policy misconfiguration|Model operation / Human / Loss of situational awareness|Model training / Technological / Confidence miscalibration|Model training / Technological / Selective prediction / refusal failure,Knowledge analysis / Technological / Reliance on spurious features|Model operation / Human / Policy misconfiguration|Model operation / Human / Loss of situational awareness|Model training / Technological / Confidence miscalibration|Model training / Technological / Selective prediction / refusal failure|Model operation / Technological / Collective robustness loss|Model operation / Technological / Fallback failure / controlled degradation failure|Model training / Technological / Overfitting|Model training / Technological / Noise/blur/compression fragility|Knowledge analysis / Technological / Spatial frame / map mismatch
P4,15,18400057,True,0.04574293178955062,,,Knowledge analysis / Technological / Reliance on spurious features|Model operation / Human / Policy misconfiguration|Model operation / Human / Loss of situational awareness,Knowledge analysis / Technological / Reliance on spurious features|Model operation / Human / Policy misconfiguration|Model operation / Human / Loss of situational awareness|Model training / Technological / Selective prediction / refusal failure|Model training / Technological / Confidence miscalibration,Knowledge analysis / Technological / Reliance on spurious features|Model operation / Human / Policy misconfiguration|Model operation / Human / Loss of situational awareness|Model training / Technological / Selective prediction / refusal failure|Model training / Technological / Confidence miscalibration|Model operation / Technological / Collective robustness loss|Model operation / Technological / Fallback failure / controlled degradation failure|Model training / Technological / Noise/blur/compression fragility|Model training / Technological / Overfitting|Model training / Technological / Domain shift as technological robustness failure
P4,16,18400058,True,0.03412335467121262,,,Knowledge analysis / Technological / Reliance on spurious features|Model training / Technological / Confidence miscalibration|Model training / Technological / Selective prediction / refusal failure,Knowledge analysis / Technological / Reliance on spurious features|Model training / Technological / Confidence miscalibration|Model training / Technological / Selective prediction / refusal failure|Model operation / Human / Loss of situational awareness|Model operation / Human / Policy misconfiguration,Knowledge analysis / Technological / Reliance on spurious features|Model training / Technological / Confidence miscalibration|Model training / Technological / Selective prediction / refusal failure|Model operation / Human / Loss of situational awareness|Model operation / Human / Policy misconfiguration|Knowledge analysis / Technological / Pseudo-quantification risk|Model operation / Technological / Collective robustness loss|Model operation / Technological / Fallback failure / controlled degradation failure|Model training / Technological / Domain shift as technological robustness failure|Knowledge analysis / Technological / Spatial frame / map mismatch
P4,17,18400059,True,0.03762555567222289,,,Knowledge analysis / Technological / Reliance on spurious features|Model operation / Human / Policy misconfiguration|Model training / Technological / Selective prediction / refusal failure,Knowledge analysis / Technological / Reliance on spurious features|Model operation / Human / Policy misconfiguration|Model training / Technological / Selective prediction / refusal failure|Model operation / Human / Loss of situational awareness|Model training / Technological / Confidence miscalibration,Knowledge analysis / Technological / Reliance on spurious features|Model operation / Human / Policy misconfiguration|Model training / Technological / Selective prediction / refusal failure|Model operation / Human / Loss of situational awareness|Model training / Technological / Confidence miscalibration|Model operation / Technological / Collective robustness loss|Model operation / Technological / Fallback failure / controlled degradation failure|Model training / Technological / Noise/blur/compression fragility|Model training / Technological / Domain shift as technological robustness failure|Model training / Technological / Overfitting
P4,18,18400060,True,0.05483346565450206,,,Knowledge analysis / Technological / Reliance on spurious features|Model operation / Human / Loss of situational awareness|Model operation / Human / Policy misconfiguration,Knowledge analysis / Technological / Reliance on spurious features|Model operation / Human / Loss of situational awareness|Model operation / Human / Policy misconfiguration|Model training / Technological / Confidence miscalibration|Model training / Technological / Selective prediction / refusal failure,Knowledge analysis / Technological / Reliance on spurious features|Model operation / Human / Loss of situational awareness|Model operation / Human / Policy misconfiguration|Model training / Technological / Confidence miscalibration|Model training / Technological / Selective prediction / refusal failure|Model operation / Technological / Fallback failure / controlled degradation failure|Model operation / Technological / Collective robustness loss|Model training / Technological / Overfitting|Model training / Technological / Noise/blur/compression fragility|Model training / Technological / Domain shift as technological robustness failure
P4,19,18400061,True,0.04611890724108535,,,Knowledge analysis / Technological / Reliance on spurious features|Model operation / Human / Loss of situational awareness|Model operation / Human / Policy misconfiguration,Knowledge analysis / Technological / Reliance on spurious features|Model operation / Human / Loss of situational awareness|Model operation / Human / Policy misconfiguration|Model training / Technological / Selective prediction / refusal failure|Model operation / Technological / Fallback failure / controlled degradation failure,Knowledge analysis / Technological / Reliance on spurious features|Model operation / Human / Loss of situational awareness|Model operation / Human / Policy misconfiguration|Model training / Technological / Selective prediction / refusal failure|Model operation / Technological / Fallback failure / controlled degradation failure|Model operation / Technological / Collective robustness loss|Model training / Technological / Confidence miscalibration|Model training / Technological / Overfitting|Model training / Technological / Noise/blur/compression fragility|Model training / Technological / Domain shift as technological robustness failure
P4,20,18400062,True,0.037303822765957693,,,Knowledge analysis / Technological / Reliance on spurious features|Model training / Technological / Selective prediction / refusal failure|Model training / Technological / Confidence miscalibration,Knowledge analysis / Technological / Reliance on spurious features|Model training / Technological / Selective prediction / refusal failure|Model training / Technological / Confidence miscalibration|Model operation / Human / Policy misconfiguration|Model operation / Human / Loss of situational awareness,Knowledge analysis / Technological / Reliance on spurious features|Model training / Technological / Selective prediction / refusal failure|Model training / Technological / Confidence miscalibration|Model operation / Human / Policy misconfiguration|Model operation / Human / Loss of situational awareness|Model operation / Technological / Fallback failure / controlled degradation failure|Model operation / Technological / Collective robustness loss|Model training / Technological / Domain shift as technological robustness failure|Knowledge analysis / Technological / Representation mismatch for swarm needs|Knowledge analysis / Technological / Pseudo-quantification risk
P4,21,18400063,True,0.056008028809984144,,,Knowledge analysis / Technological / Reliance on spurious features|Model operation / Human / Policy misconfiguration|Model operation / Human / Loss of situational awareness,Knowledge analysis / Technological / Reliance on spurious features|Model operation / Human / Policy misconfiguration|Model operation / Human / Loss of situational awareness|Model training / Technological / Selective prediction / refusal failure|Model training / Technological / Confidence miscalibration,Knowledge analysis / Technological / Reliance on spurious features|Model operation / Human / Policy misconfiguration|Model operation / Human / Loss of situational awareness|Model training / Technological / Selective prediction / refusal failure|Model training / Technological / Confidence miscalibration|Model operation / Technological / Fallback failure / controlled degradation failure|Model operation / Technological / Collective robustness loss|Model training / Technological / Domain shift as technological robustness failure|Model training / Technological / Overfitting|Model training / Technological / Noise/blur/compression fragility
P4,22,18400064,True,0.03203811695163716,,,Knowledge analysis / Technological / Reliance on spurious features|Model operation / Human / Policy misconfiguration|Model training / Technological / Confidence miscalibration,Knowledge analysis / Technological / Reliance on spurious features|Model operation / Human / Policy misconfiguration|Model training / Technological / Confidence miscalibration|Model operation / Human / Loss of situational awareness|Model training / Technological / Selective prediction / refusal failure,Knowledge analysis / Technological / Reliance on spurious features|Model operation / Human / Policy misconfiguration|Model training / Technological / Confidence miscalibration|Model operation / Human / Loss of situational awareness|Model training / Technological / Selective prediction / refusal failure|Model operation / Technological / Fallback failure / controlled degradation failure|Model operation / Technological / Collective robustness loss|Model training / Technological / Overfitting|Model training / Technological / Noise/blur/compression fragility|Model training / Technological / Domain shift as technological robustness failure
P4,23,18400065,True,0.0394748906316197,,,Knowledge analysis / Technological / Reliance on spurious features|Model training / Technological / Confidence miscalibration|Model training / Technological / Selective prediction / refusal failure,Knowledge analysis / Technological / Reliance on spurious features|Model training / Technological / Confidence miscalibration|Model training / Technological / Selective prediction / refusal failure|Model operation / Human / Loss of situational awareness|Model operation / Human / Policy misconfiguration,Knowledge analysis / Technological / Reliance on spurious features|Model training / Technological / Confidence miscalibration|Model training / Technological / Selective prediction / refusal failure|Model operation / Human / Loss of situational awareness|Model operation / Human / Policy misconfiguration|Model operation / Technological / Collective robustness loss|Model operation / Technological / Fallback failure / controlled degradation failure|Model training / Technological / Overfitting|Model training / Technological / Noise/blur/compression fragility|Knowledge analysis / Technological / Incorrect spatial-geometric interpretation
P4,24,18400066,True,0.036509342457458474,,,Knowledge analysis / Technological / Reliance on spurious features|Model operation / Human / Policy misconfiguration|Model operation / Human / Loss of situational awareness,Knowledge analysis / Technological / Reliance on spurious features|Model operation / Human / Policy misconfiguration|Model operation / Human / Loss of situational awareness|Model training / Technological / Confidence miscalibration|Model training / Technological / Selective prediction / refusal failure,Knowledge analysis / Technological / Reliance on spurious features|Model operation / Human / Policy misconfiguration|Model operation / Human / Loss of situational awareness|Model training / Technological / Confidence miscalibration|Model training / Technological / Selective prediction / refusal failure|Model operation / Technological / Collective robustness loss|Model operation / Technological / Fallback failure / controlled degradation failure|Model training / Technological / Overfitting|Model training / Technological / Domain shift as technological robustness failure|Model training / Technological / Noise/blur/compression fragility
P4,25,18400067,True,0.03547800300796599,,,Knowledge analysis / Technological / Reliance on spurious features|Model operation / Human / Loss of situational awareness|Model operation / Human / Policy misconfiguration,Knowledge analysis / Technological / Reliance on spurious features|Model operation / Human / Loss of situational awareness|Model operation / Human / Policy misconfiguration|Model training / Technological / Selective prediction / refusal failure|Model training / Technological / Confidence miscalibration,Knowledge analysis / Technological / Reliance on spurious features|Model operation / Human / Loss of situational awareness|Model operation / Human / Policy misconfiguration|Model training / Technological / Selective prediction / refusal failure|Model training / Technological / Confidence miscalibration|Model operation / Technological / Collective robustness loss|Model operation / Technological / Fallback failure / controlled degradation failure|Model training / Technological / Noise/blur/compression fragility|Model training / Technological / Domain shift as technological robustness failure|Model training / Technological / Overfitting
P4,26,18400068,True,0.04201191107012085,,,Knowledge analysis / Technological / Reliance on spurious features|Model operation / Human / Policy misconfiguration|Model operation / Human / Loss of situational awareness,Knowledge analysis / Technological / Reliance on spurious features|Model operation / Human / Policy misconfiguration|Model operation / Human / Loss of situational awareness|Model training / Technological / Confidence miscalibration|Model training / Technological / Selective prediction / refusal failure,Knowledge analysis / Technological / Reliance on spurious features|Model operation / Human / Policy misconfiguration|Model operation / Human / Loss of situational awareness|Model training / Technological / Confidence miscalibration|Model training / Technological / Selective prediction / refusal failure|Model operation / Technological / Fallback failure / controlled degradation failure|Model operation / Technological / Collective robustness loss|Knowledge analysis / Technological / Correlated errors x interaction graph omission|Model training / Technological / Noise/blur/compression fragility|Model training / Technological / Domain shift as technological robustness failure
P4,27,18400069,True,0.029798214305215332,,,Knowledge analysis / Technological / Reliance on spurious features|Model operation / Human / Loss of situational awareness|Model training / Technological / Confidence miscalibration,Knowledge analysis / Technological / Reliance on spurious features|Model operation / Human / Loss of situational awareness|Model training / Technological / Confidence miscalibration|Model operation / Human / Policy misconfiguration|Model training / Technological / Selective prediction / refusal failure,Knowledge analysis / Technological / Reliance on spurious features|Model operation / Human / Loss of situational awareness|Model training / Technological / Confidence miscalibration|Model operation / Human / Policy misconfiguration|Model training / Technological / Selective prediction / refusal failure|Model operation / Technological / Collective robustness loss|Model operation / Technological / Fallback failure / controlled degradation failure|Model training / Technological / Domain shift as technological robustness failure|Model training / Technological / Overfitting|Model training / Technological / Noise/blur/compression fragility
P4,28,18400070,True,0.03151434802473586,,,Knowledge analysis / Technological / Reliance on spurious features|Model training / Technological / Confidence miscalibration|Model training / Technological / Selective prediction / refusal failure,Knowledge analysis / Technological / Reliance on spurious features|Model training / Technological / Confidence miscalibration|Model training / Technological / Selective prediction / refusal failure|Model operation / Human / Policy misconfiguration|Model operation / Human / Loss of situational awareness,Knowledge analysis / Technological / Reliance on spurious features|Model training / Technological / Confidence miscalibration|Model training / Technological / Selective prediction / refusal failure|Model operation / Human / Policy misconfiguration|Model operation / Human / Loss of situational awareness|Model training / Technological / Overfitting|Model operation / Technological / Collective robustness loss|Model training / Technological / Noise/blur/compression fragility|Model operation / Technological / Fallback failure / controlled degradation failure|Knowledge analysis / Technological / Representation mismatch for swarm needs
P4,29,18400071,True,0.0401476487306341,,,Knowledge analysis / Technological / Reliance on spurious features|Model operation / Human / Policy misconfiguration|Model operation / Human / Loss of situational awareness,Knowledge analysis / Technological / Reliance on spurious features|Model operation / Human / Policy misconfiguration|Model operation / Human / Loss of situational awareness|Model training / Technological / Selective prediction / refusal failure|Model training / Technological / Confidence miscalibration,Knowledge analysis / Technological / Reliance on spurious features|Model operation / Human / Policy misconfiguration|Model operation / Human / Loss of situational awareness|Model training / Technological / Selective prediction / refusal failure|Model training / Technological / Confidence miscalibration|Model operation / Technological / Fallback failure / controlled degradation failure|Model operation / Technological / Collective robustness loss|Model training / Technological / Domain shift as technological robustness failure|Model training / Technological / Noise/blur/compression fragility|Model training / Technological / Overfitting
P4,30,18400072,True,0.03674034701885493,,,Knowledge analysis / Technological / Reliance on spurious features|Model operation / Human / Loss of situational awareness|Model operation / Human / Policy misconfiguration,Knowledge analysis / Technological / Reliance on spurious features|Model operation / Human / Loss of situational awareness|Model operation / Human / Policy misconfiguration|Model training / Technological / Confidence miscalibration|Model training / Technological / Selective prediction / refusal failure,Knowledge analysis / Technological / Reliance on spurious features|Model operation / Human / Loss of situational awareness|Model operation / Human / Policy misconfiguration|Model training / Technological / Confidence miscalibration|Model training / Technological / Selective prediction / refusal failure|Model operation / Technological / Collective robustness loss|Model operation / Technological / Fallback failure / controlled degradation failure|Model training / Technological / Overfitting|Model training / Technological / Domain shift as technological robustness failure|Model training / Technological / Noise/blur/compression fragility
P4,31,18400073,True,0.04017490846968381,,,Knowledge analysis / Technological / Reliance on spurious features|Model training / Technological / Selective prediction / refusal failure|Model operation / Human / Loss of situational awareness,Knowledge analysis / Technological / Reliance on spurious features|Model training / Technological / Selective prediction / refusal failure|Model operation / Human / Loss of situational awareness|Model operation / Human / Policy misconfiguration|Model training / Technological / Confidence miscalibration,Knowledge analysis / Technological / Reliance on spurious features|Model training / Technological / Selective prediction / refusal failure|Model operation / Human / Loss of situational awareness|Model operation / Human / Policy misconfiguration|Model training / Technological / Confidence miscalibration|Model operation / Technological / Collective robustness loss|Model operation / Technological / Fallback failure / controlled degradation failure|Model training / Technological / Domain shift as technological robustness failure|Model training / Technological / Noise/blur/compression fragility|Model training / Technological / Overfitting
P4,32,18400074,True,0.042063372302289764,,,Knowledge analysis / Technological / Reliance on spurious features|Model operation / Human / Loss of situational awareness|Model operation / Human / Policy misconfiguration,Knowledge analysis / Technological / Reliance on spurious features|Model operation / Human / Loss of situational awareness|Model operation / Human / Policy misconfiguration|Model training / Technological / Selective prediction / refusal failure|Model training / Technological / Confidence miscalibration,Knowledge analysis / Technological / Reliance on spurious features|Model operation / Human / Loss of situational awareness|Model operation / Human / Policy misconfiguration|Model training / Technological / Selective prediction / refusal failure|Model training / Technological / Confidence miscalibration|Model operation / Technological / Fallback failure / controlled degradation failure|Model operation / Technological / Collective robustness loss|Model training / Technological / Noise/blur/compression fragility|Model training / Technological / Domain shift as technological robustness failure|Knowledge analysis / Technological / Correlated errors x interaction graph omission
P4,33,18400075,True,0.045013767495459295,,,Knowledge analysis / Technological / Reliance on spurious features|Model operation / Human / Loss of situational awareness|Model operation / Human / Policy misconfiguration,Knowledge analysis / Technological / Reliance on spurious features|Model operation / Human / Loss of situational awareness|Model operation / Human / Policy misconfiguration|Model training / Technological / Confidence miscalibration|Model training / Technological / Selective prediction / refusal failure,Knowledge analysis / Technological / Reliance on spurious features|Model operation / Human / Loss of situational awareness|Model operation / Human / Policy misconfiguration|Model training / Technological / Confidence miscalibration|Model training / Technological / Selective prediction / refusal failure|Model operation / Technological / Fallback failure / controlled degradation failure|Model operation / Technological / Collective robustness loss|Model training / Technological / Domain shift as technological robustness failure|Model training / Technological / Noise/blur/compression fragility|Model training / Technological / Overfitting
P4,34,18400076,True,0.04602908609123982,,,Knowledge analysis / Technological / Reliance on spurious features|Model operation / Technological / Collective robustness loss|Model operation / Technological / Fallback failure / controlled degradation failure,Knowledge analysis / Technological / Reliance on spurious features|Model operation / Technological / Collective robustness loss|Model operation / Technological / Fallback failure / controlled degradation failure|Model operation / Human / Loss of situational awareness|Model operation / Human / Policy misconfiguration,Knowledge analysis / Technological / Reliance on spurious features|Model operation / Technological / Collective robustness loss|Model operation / Technological / Fallback failure / controlled degradation failure|Model operation / Human / Loss of situational awareness|Model operation / Human / Policy misconfiguration|Model training / Technological / Confidence miscalibration|Model training / Technological / Selective prediction / refusal failure|Model operation / Technological / Map inconsistency|Model training / Technological / Domain shift as technological robustness failure|Knowledge analysis / Technological / Spatial frame / map mismatch
P4,35,18400077,True,0.06184684878483262,,,Knowledge analysis / Technological / Reliance on spurious features|Model operation / Human / Policy misconfiguration|Model training / Technological / Selective prediction / refusal failure,Knowledge analysis / Technological / Reliance on spurious features|Model operation / Human / Policy misconfiguration|Model training / Technological / Selective prediction / refusal failure|Model operation / Human / Loss of situational awareness|Model training / Technological / Confidence miscalibration,Knowledge analysis / Technological / Reliance on spurious features|Model operation / Human / Policy misconfiguration|Model training / Technological / Selective prediction / refusal failure|Model operation / Human / Loss of situational awareness|Model training / Technological / Confidence miscalibration|Model operation / Technological / Collective robustness loss|Model training / Technological / Domain shift as technological robustness failure|Model operation / Technological / Fallback failure / controlled degradation failure|Model training / Technological / Noise/blur/compression fragility|Model training / Technological / Overfitting
P4,36,18400078,True,0.04380094076170748,,,Knowledge analysis / Technological / Reliance on spurious features|Model operation / Human / Loss of situational awareness|Model training / Technological / Confidence miscalibration,Knowledge analysis / Technological / Reliance on spurious features|Model operation / Human / Loss of situational awareness|Model training / Technological / Confidence miscalibration|Model operation / Human / Policy misconfiguration|Model training / Technological / Selective prediction / refusal failure,Knowledge analysis / Technological / Reliance on spurious features|Model operation / Human / Loss of situational awareness|Model training / Technological / Confidence miscalibration|Model operation / Human / Policy misconfiguration|Model training / Technological / Selective prediction / refusal failure|Model operation / Technological / Collective robustness loss|Model training / Technological / Overfitting|Model operation / Technological / Fallback failure / controlled degradation failure|Model training / Technological / Domain shift as technological robustness failure|Model training / Technological / Noise/blur/compression fragility
P4,37,18400079,True,0.042293769008717605,,,Knowledge analysis / Technological / Reliance on spurious features|Model operation / Human / Loss of situational awareness|Model operation / Human / Policy misconfiguration,Knowledge analysis / Technological / Reliance on spurious features|Model operation / Human / Loss of situational awareness|Model operation / Human / Policy misconfiguration|Model training / Technological / Selective prediction / refusal failure|Model training / Technological / Confidence miscalibration,Knowledge analysis / Technological / Reliance on spurious features|Model operation / Human / Loss of situational awareness|Model operation / Human / Policy misconfiguration|Model training / Technological / Selective prediction / refusal failure|Model training / Technological / Confidence miscalibration|Model operation / Technological / Fallback failure / controlled degradation failure|Model operation / Technological / Collective robustness loss|Model training / Technological / Overfitting|Knowledge analysis / Technological / Correlated errors x interaction graph omission|Model training / Technological / Domain shift as technological robustness failure
P4,38,18400080,True,0.041227323317175504,,,Knowledge analysis / Technological / Reliance on spurious features|Model operation / Human / Policy misconfiguration|Model training / Technological / Confidence miscalibration,Knowledge analysis / Technological / Reliance on spurious features|Model operation / Human / Policy misconfiguration|Model training / Technological / Confidence miscalibration|Model operation / Human / Loss of situational awareness|Model training / Technological / Selective prediction / refusal failure,Knowledge analysis / Technological / Reliance on spurious features|Model operation / Human / Policy misconfiguration|Model training / Technological / Confidence miscalibration|Model operation / Human / Loss of situational awareness|Model training / Technological / Selective prediction / refusal failure|Model operation / Technological / Collective robustness loss|Model operation / Technological / Fallback failure / controlled degradation failure|Model training / Technological / Domain shift as technological robustness failure|Model training / Technological / Overfitting|Knowledge analysis / Technological / Incorrect spatial-geometric interpretation
P4,39,18400081,True,0.042150997860822374,,,Knowledge analysis / Technological / Reliance on spurious features|Model training / Technological / Selective prediction / refusal failure|Model operation / Human / Policy misconfiguration,Knowledge analysis / Technological / Reliance on spurious features|Model training / Technological / Selective prediction / refusal failure|Model operation / Human / Policy misconfiguration|Model operation / Human / Loss of situational awareness|Model training / Technological / Confidence miscalibration,Knowledge analysis / Technological / Reliance on spurious features|Model training / Technological / Selective prediction / refusal failure|Model operation / Human / Policy misconfiguration|Model operation / Human / Loss of situational awareness|Model training / Technological / Confidence miscalibration|Model operation / Technological / Fallback failure / controlled degradation failure|Model operation / Technological / Collective robustness loss|Model training / Technological / Overfitting|Model training / Technological / Domain shift as technological robustness failure|Model training / Technological / Noise/blur/compression fragility
P4,40,18400082,True,0.03456689368262925,,,Knowledge analysis / Technological / Reliance on spurious features|Model operation / Human / Policy misconfiguration|Model operation / Human / Loss of situational awareness,Knowledge analysis / Technological / Reliance on spurious features|Model operation / Human / Policy misconfiguration|Model operation / Human / Loss of situational awareness|Model training / Technological / Confidence miscalibration|Model training / Technological / Selective prediction / refusal failure,Knowledge analysis / Technological / Reliance on spurious features|Model operation / Human / Policy misconfiguration|Model operation / Human / Loss of situational awareness|Model training / Technological / Confidence miscalibration|Model training / Technological / Selective prediction / refusal failure|Model operation / Technological / Fallback failure / controlled degradation failure|Model operation / Technological / Collective robustness loss|Knowledge analysis / Technological / Correlated errors x interaction graph omission|Model training / Technological / Domain shift as technological robustness failure|Model training / Technological / Overfitting
P4,41,18400083,True,0.04032801630122085,,,Knowledge analysis / Technological / Reliance on spurious features|Model training / Technological / Confidence miscalibration|Model training / Technological / Selective prediction / refusal failure,Knowledge analysis / Technological / Reliance on spurious features|Model training / Technological / Confidence miscalibration|Model training / Technological / Selective prediction / refusal failure|Model operation / Human / Policy misconfiguration|Model operation / Human / Loss of situational awareness,Knowledge analysis / Technological / Reliance on spurious features|Model training / Technological / Confidence miscalibration|Model training / Technological / Selective prediction / refusal failure|Model operation / Human / Policy misconfiguration|Model operation / Human / Loss of situational awareness|Model training / Technological / Domain shift as technological robustness failure|Model training / Technological / Noise/blur/compression fragility|Model training / Technological / Overfitting|Model operation / Technological / Fallback failure / controlled degradation failure|Model operation / Technological / Collective robustness loss
P4,42,18400084,True,0.05031710664194306,,,Knowledge analysis / Technological / Reliance on spurious features|Model operation / Human / Policy misconfiguration|Model operation / Human / Loss of situational awareness,Knowledge analysis / Technological / Reliance on spurious features|Model operation / Human / Policy misconfiguration|Model operation / Human / Loss of situational awareness|Model training / Technological / Confidence miscalibration|Model training / Technological / Selective prediction / refusal failure,Knowledge analysis / Technological / Reliance on spurious features|Model operation / Human / Policy misconfiguration|Model operation / Human / Loss of situational awareness|Model training / Technological / Confidence miscalibration|Model training / Technological / Selective prediction / refusal failure|Model operation / Technological / Fallback failure / controlled degradation failure|Model operation / Technological / Collective robustness loss|Model training / Technological / Domain shift as technological robustness failure|Model training / Technological / Overfitting|Model training / Technological / Noise/blur/compression fragility
P4,43,18400085,True,0.03858346571338641,,,Knowledge analysis / Technological / Reliance on spurious features|Model training / Technological / Confidence miscalibration|Model operation / Human / Policy misconfiguration,Knowledge analysis / Technological / Reliance on spurious features|Model training / Technological / Confidence miscalibration|Model operation / Human / Policy misconfiguration|Model operation / Human / Loss of situational awareness|Model training / Technological / Selective prediction / refusal failure,Knowledge analysis / Technological / Reliance on spurious features|Model training / Technological / Confidence miscalibration|Model operation / Human / Policy misconfiguration|Model operation / Human / Loss of situational awareness|Model training / Technological / Selective prediction / refusal failure|Model operation / Technological / Fallback failure / controlled degradation failure|Model operation / Technological / Collective robustness loss|Model training / Technological / Overfitting|Model training / Technological / Domain shift as technological robustness failure|Model training / Technological / Noise/blur/compression fragility
P4,44,18400086,True,0.06957626583521277,,,Knowledge analysis / Technological / Reliance on spurious features|Model operation / Human / Policy misconfiguration|Model operation / Human / Loss of situational awareness,Knowledge analysis / Technological / Reliance on spurious features|Model operation / Human / Policy misconfiguration|Model operation / Human / Loss of situational awareness|Model training / Technological / Selective prediction / refusal failure|Model operation / Technological / Fallback failure / controlled degradation failure,Knowledge analysis / Technological / Reliance on spurious features|Model operation / Human / Policy misconfiguration|Model operation / Human / Loss of situational awareness|Model training / Technological / Selective prediction / refusal failure|Model operation / Technological / Fallback failure / controlled degradation failure|Model training / Technological / Confidence miscalibration|Model operation / Technological / Collective robustness loss|Model training / Technological / Noise/blur/compression fragility|Knowledge analysis / Technological / Correlated errors x interaction graph omission|Model training / Technological / Overfitting
P4,45,18400087,True,0.05807673706032763,,,Knowledge analysis / Technological / Reliance on spurious features|Model operation / Human / Loss of situational awareness|Model operation / Human / Policy misconfiguration,Knowledge analysis / Technological / Reliance on spurious features|Model operation / Human / Loss of situational awareness|Model operation / Human / Policy misconfiguration|Model training / Technological / Selective prediction / refusal failure|Model training / Technological / Confidence miscalibration,Knowledge analysis / Technological / Reliance on spurious features|Model operation / Human / Loss of situational awareness|Model operation / Human / Policy misconfiguration|Model training / Technological / Selective prediction / refusal failure|Model training / Technological / Confidence miscalibration|Model operation / Technological / Collective robustness loss|Model operation / Technological / Fallback failure / controlled degradation failure|Model training / Technological / Overfitting|Model training / Technological / Noise/blur/compression fragility|Knowledge analysis / Technological / Representation mismatch for swarm needs
P4,46,18400088,True,0.03491588019845332,,,Knowledge analysis / Technological / Reliance on spurious features|Model operation / Human / Loss of situational awareness|Model operation / Human / Policy misconfiguration,Knowledge analysis / Technological / Reliance on spurious features|Model operation / Human / Loss of situational awareness|Model operation / Human / Policy misconfiguration|Model training / Technological / Selective prediction / refusal failure|Model training / Technological / Confidence miscalibration,Knowledge analysis / Technological / Reliance on spurious features|Model operation / Human / Loss of situational awareness|Model operation / Human / Policy misconfiguration|Model training / Technological / Selective prediction / refusal failure|Model training / Technological / Confidence miscalibration|Model operation / Technological / Collective robustness loss|Model operation / Technological / Fallback failure / controlled degradation failure|Model training / Technological / Overfitting|Model training / Technological / Noise/blur/compression fragility|Model training / Technological / Domain shift as technological robustness failure
P4,47,18400089,True,0.03959875197499436,,,Knowledge analysis / Technological / Reliance on spurious features|Model operation / Human / Loss of situational awareness|Model operation / Human / Policy misconfiguration,Knowledge analysis / Technological / Reliance on spurious features|Model operation / Human / Loss of situational awareness|Model operation / Human / Policy misconfiguration|Model training / Technological / Selective prediction / refusal failure|Model training / Technological / Confidence miscalibration,Knowledge analysis / Technological / Reliance on spurious features|Model operation / Human / Loss of situational awareness|Model operation / Human / Policy misconfiguration|Model training / Technological / Selective prediction / refusal failure|Model training / Technological / Confidence miscalibration|Model training / Technological / Noise/blur/compression fragility|Model training / Technological / Domain shift as technological robustness failure|Model training / Technological / Overfitting|Model operation / Technological / Fallback failure / controlled degradation failure|Knowledge analysis / Technological / Representation mismatch for swarm needs
P4,48,18400090,True,0.046113625185710744,,,Knowledge analysis / Technological / Reliance on spurious features|Model operation / Human / Loss of situational awareness|Model training / Technological / Confidence miscalibration,Knowledge analysis / Technological / Reliance on spurious features|Model operation / Human / Loss of situational awareness|Model training / Technological / Confidence miscalibration|Model operation / Human / Policy misconfiguration|Model training / Technological / Selective prediction / refusal failure,Knowledge analysis / Technological / Reliance on spurious features|Model operation / Human / Loss of situational awareness|Model training / Technological / Confidence miscalibration|Model operation / Human / Policy misconfiguration|Model training / Technological / Selective prediction / refusal failure|Model operation / Technological / Fallback failure / controlled degradation failure|Model operation / Technological / Collective robustness loss|Knowledge analysis / Technological / Incorrect spatial-geometric interpretation|Model training / Technological / Noise/blur/compression fragility|Model training / Technological / Domain shift as technological robustness failure
P4,49,18400091,True,0.03559028337531369,,,Knowledge analysis / Technological / Reliance on spurious features|Model operation / Human / Loss of situational awareness|Model operation / Human / Policy misconfiguration,Knowledge analysis / Technological / Reliance on spurious features|Model operation / Human / Loss of situational awareness|Model operation / Human / Policy misconfiguration|Model training / Technological / Selective prediction / refusal failure|Model training / Technological / Confidence miscalibration,Knowledge analysis / Technological / Reliance on spurious features|Model operation / Human / Loss of situational awareness|Model operation / Human / Policy misconfiguration|Model training / Technological / Selective prediction / refusal failure|Model training / Technological / Confidence miscalibration|Model operation / Technological / Collective robustness loss|Model operation / Technological / Fallback failure / controlled degradation failure|Model training / Technological / Domain shift as technological robustness failure|Model training / Technological / Noise/blur/compression fragility|Model training / Technological / Overfitting
P4,50,18400092,True,0.04164658455215313,,,Knowledge analysis / Technological / Reliance on spurious features|Model operation / Human / Loss of situational awareness|Model operation / Human / Policy misconfiguration,Knowledge analysis / Technological / Reliance on spurious features|Model operation / Human / Loss of situational awareness|Model operation / Human / Policy misconfiguration|Model training / Technological / Selective prediction / refusal failure|Model training / Technological / Confidence miscalibration,Knowledge analysis / Technological / Reliance on spurious features|Model operation / Human / Loss of situational awareness|Model operation / Human / Policy misconfiguration|Model training / Technological / Selective prediction / refusal failure|Model training / Technological / Confidence miscalibration|Model operation / Technological / Fallback failure / controlled degradation failure|Model operation / Technological / Collective robustness loss|Model training / Technological / Overfitting|Model training / Technological / Domain shift as technological robustness failure|Model training / Technological / Noise/blur/compression fragility
P4,51,18400093,True,0.08559742452802463,,,Knowledge analysis / Technological / Reliance on spurious features|Model operation / Human / Policy misconfiguration|Model operation / Human / Loss of situational awareness,Knowledge analysis / Technological / Reliance on spurious features|Model operation / Human / Policy misconfiguration|Model operation / Human / Loss of situational awareness|Model training / Technological / Selective prediction / refusal failure|Model operation / Technological / Collective robustness loss,Knowledge analysis / Technological / Reliance on spurious features|Model operation / Human / Policy misconfiguration|Model operation / Human / Loss of situational awareness|Model training / Technological / Selective prediction / refusal failure|Model operation / Technological / Collective robustness loss|Model training / Technological / Confidence miscalibration|Model operation / Technological / Fallback failure / controlled degradation failure|Knowledge analysis / Technological / Pseudo-quantification risk|Model training / Technological / Noise/blur/compression fragility|Model training / Technological / Overfitting
P4,52,18400094,True,0.03956826645364864,,,Knowledge analysis / Technological / Reliance on spurious features|Model operation / Human / Loss of situational awareness|Model operation / Human / Policy misconfiguration,Knowledge analysis / Technological / Reliance on spurious features|Model operation / Human / Loss of situational awareness|Model operation / Human / Policy misconfiguration|Model training / Technological / Confidence miscalibration|Model training / Technological / Selective prediction / refusal failure,Knowledge analysis / Technological / Reliance on spurious features|Model operation / Human / Loss of situational awareness|Model operation / Human / Policy misconfiguration|Model training / Technological / Confidence miscalibration|Model training / Technological / Selective prediction / refusal failure|Model operation / Technological / Collective robustness loss|Model operation / Technological / Fallback failure / controlled degradation failure|Model training / Technological / Domain shift as technological robustness failure|Model training / Technological / Overfitting|Knowledge analysis / Technological / Spatial frame / map mismatch
P4,53,18400095,True,0.039872739904692575,,,Knowledge analysis / Technological / Reliance on spurious features|Model training / Technological / Confidence miscalibration|Model operation / Human / Policy misconfiguration,Knowledge analysis / Technological / Reliance on spurious features|Model training / Technological / Confidence miscalibration|Model operation / Human / Policy misconfiguration|Model operation / Human / Loss of situational awareness|Model training / Technological / Selective prediction / refusal failure,Knowledge analysis / Technological / Reliance on spurious features|Model training / Technological / Confidence miscalibration|Model operation / Human / Policy misconfiguration|Model operation / Human / Loss of situational awareness|Model training / Technological / Selective prediction / refusal failure|Model operation / Technological / Collective robustness loss|Model operation / Technological / Fallback failure / controlled degradation failure|Model training / Technological / Overfitting|Model training / Technological / Noise/blur/compression fragility|Knowledge analysis / Technological / Correlated errors x interaction graph omission
P4,54,18400096,True,0.03892792844921676,,,Knowledge analysis / Technological / Reliance on spurious features|Model operation / Human / Policy misconfiguration|Model operation / Human / Loss of situational awareness,Knowledge analysis / Technological / Reliance on spurious features|Model operation / Human / Policy misconfiguration|Model operation / Human / Loss of situational awareness|Model training / Technological / Confidence miscalibration|Model training / Technological / Selective prediction / refusal failure,Knowledge analysis / Technological / Reliance on spurious features|Model operation / Human / Policy misconfiguration|Model operation / Human / Loss of situational awareness|Model training / Technological / Confidence miscalibration|Model training / Technological / Selective prediction / refusal failure|Model operation / Technological / Fallback failure / controlled degradation failure|Model operation / Technological / Collective robustness loss|Model training / Technological / Overfitting|Model training / Technological / Domain shift as technological robustness failure|Model training / Technological / Noise/blur/compression fragility
P4,55,18400097,True,0.04645123457638143,,,Knowledge analysis / Technological / Reliance on spurious features|Model operation / Human / Policy misconfiguration|Model operation / Human / Loss of situational awareness,Knowledge analysis / Technological / Reliance on spurious features|Model operation / Human / Policy misconfiguration|Model operation / Human / Loss of situational awareness|Model training / Technological / Selective prediction / refusal failure|Model training / Technological / Confidence miscalibration,Knowledge analysis / Technological / Reliance on spurious features|Model operation / Human / Policy misconfiguration|Model operation / Human / Loss of situational awareness|Model training / Technological / Selective prediction / refusal failure|Model training / Technological / Confidence miscalibration|Model operation / Technological / Fallback failure / controlled degradation failure|Model operation / Technological / Collective robustness loss|Model training / Technological / Overfitting|Model training / Technological / Domain shift as technological robustness failure|Model training / Technological / Noise/blur/compression fragility
P4,56,18400098,True,0.04168456256887032,,,Knowledge analysis / Technological / Reliance on spurious features|Model operation / Human / Loss of situational awareness|Model training / Technological / Selective prediction / refusal failure,Knowledge analysis / Technological / Reliance on spurious features|Model operation / Human / Loss of situational awareness|Model training / Technological / Selective prediction / refusal failure|Model operation / Human / Policy misconfiguration|Model training / Technological / Confidence miscalibration,Knowledge analysis / Technological / Reliance on spurious features|Model operation / Human / Loss of situational awareness|Model training / Technological / Selective prediction / refusal failure|Model operation / Human / Policy misconfiguration|Model training / Technological / Confidence miscalibration|Model operation / Technological / Collective robustness loss|Model operation / Technological / Fallback failure / controlled degradation failure|Model training / Technological / Noise/blur/compression fragility|Model training / Technological / Overfitting|Knowledge analysis / Technological / Pseudo-quantification risk
P4,57,18400099,True,0.041198297698884556,,,Knowledge analysis / Technological / Reliance on spurious features|Model operation / Human / Policy misconfiguration|Model operation / Human / Loss of situational awareness,Knowledge analysis / Technological / Reliance on spurious features|Model operation / Human / Policy misconfiguration|Model operation / Human / Loss of situational awareness|Model training / Technological / Confidence miscalibration|Model training / Technological / Selective prediction / refusal failure,Knowledge analysis / Technological / Reliance on spurious features|Model operation / Human / Policy misconfiguration|Model operation / Human / Loss of situational awareness|Model training / Technological / Confidence miscalibration|Model training / Technological / Selective prediction / refusal failure|Model operation / Technological / Fallback failure / controlled degradation failure|Model operation / Technological / Collective robustness loss|Model training / Technological / Noise/blur/compression fragility|Model training / Technological / Domain shift as technological robustness failure|Model training / Technological / Overfitting
P4,58,18400100,True,0.04306760424464872,,,Knowledge analysis / Technological / Reliance on spurious features|Model operation / Human / Policy misconfiguration|Model operation / Human / Loss of situational awareness,Knowledge analysis / Technological / Reliance on spurious features|Model operation / Human / Policy misconfiguration|Model operation / Human / Loss of situational awareness|Model training / Technological / Selective prediction / refusal failure|Model training / Technological / Confidence miscalibration,Knowledge analysis / Technological / Reliance on spurious features|Model operation / Human / Policy misconfiguration|Model operation / Human / Loss of situational awareness|Model training / Technological / Selective prediction / refusal failure|Model training / Technological / Confidence miscalibration|Model operation / Technological / Fallback failure / controlled degradation failure|Model operation / Technological / Collective robustness loss|Knowledge analysis / Technological / Representation mismatch for swarm needs|Knowledge analysis / Technological / Correlated errors x interaction graph omission|Knowledge analysis / Technological / Incorrect spatial-geometric interpretation
P4,59,18400101,True,0.03596260631493957,,,Knowledge analysis / Technological / Reliance on spurious features|Model training / Technological / Confidence miscalibration|Model training / Technological / Selective prediction / refusal failure,Knowledge analysis / Technological / Reliance on spurious features|Model training / Technological / Confidence miscalibration|Model training / Technological / Selective prediction / refusal failure|Model operation / Human / Loss of situational awareness|Model operation / Human / Policy misconfiguration,Knowledge analysis / Technological / Reliance on spurious features|Model training / Technological / Confidence miscalibration|Model training / Technological / Selective prediction / refusal failure|Model operation / Human / Loss of situational awareness|Model operation / Human / Policy misconfiguration|Model training / Technological / Noise/blur/compression fragility|Model operation / Technological / Collective robustness loss|Model operation / Technological / Fallback failure / controlled degradation failure|Model training / Technological / Domain shift as technological robustness failure|Knowledge analysis / Technological / Pseudo-quantification risk
P4,60,18400102,True,0.03864115670995778,,,Knowledge analysis / Technological / Reliance on spurious features|Model operation / Human / Loss of situational awareness|Model operation / Human / Policy misconfiguration,Knowledge analysis / Technological / Reliance on spurious features|Model operation / Human / Loss of situational awareness|Model operation / Human / Policy misconfiguration|Model training / Technological / Confidence miscalibration|Model training / Technological / Selective prediction / refusal failure,Knowledge analysis / Technological / Reliance on spurious features|Model operation / Human / Loss of situational awareness|Model operation / Human / Policy misconfiguration|Model training / Technological / Confidence miscalibration|Model training / Technological / Selective prediction / refusal failure|Model operation / Technological / Collective robustness loss|Model operation / Technological / Fallback failure / controlled degradation failure|Knowledge analysis / Technological / Correlated errors x interaction graph omission|Model training / Technological / Overfitting|Knowledge analysis / Technological / Incorrect spatial-geometric interpretation
P4,61,18400103,True,0.03751596872791716,,,Knowledge analysis / Technological / Reliance on spurious features|Model training / Technological / Confidence miscalibration|Model training / Technological / Selective prediction / refusal failure,Knowledge analysis / Technological / Reliance on spurious features|Model training / Technological / Confidence miscalibration|Model training / Technological / Selective prediction / refusal failure|Model operation / Human / Loss of situational awareness|Model operation / Human / Policy misconfiguration,Knowledge analysis / Technological / Reliance on spurious features|Model training / Technological / Confidence miscalibration|Model training / Technological / Selective prediction / refusal failure|Model operation / Human / Loss of situational awareness|Model operation / Human / Policy misconfiguration|Model operation / Technological / Fallback failure / controlled degradation failure|Model operation / Technological / Collective robustness loss|Model training / Technological / Overfitting|Model training / Technological / Noise/blur/compression fragility|Model training / Technological / Domain shift as technological robustness failure
P4,62,18400104,True,0.0463587322836549,,,Knowledge analysis / Technological / Reliance on spurious features|Model operation / Human / Policy misconfiguration|Model operation / Human / Loss of situational awareness,Knowledge analysis / Technological / Reliance on spurious features|Model operation / Human / Policy misconfiguration|Model operation / Human / Loss of situational awareness|Model training / Technological / Selective prediction / refusal failure|Model training / Technological / Confidence miscalibration,Knowledge analysis / Technological / Reliance on spurious features|Model operation / Human / Policy misconfiguration|Model operation / Human / Loss of situational awareness|Model training / Technological / Selective prediction / refusal failure|Model training / Technological / Confidence miscalibration|Model operation / Technological / Collective robustness loss|Model operation / Technological / Fallback failure / controlled degradation failure|Model training / Technological / Noise/blur/compression fragility|Model training / Technological / Overfitting|Model training / Technological / Domain shift as technological robustness failure
P4,63,18400105,True,0.04214449939054423,,,Knowledge analysis / Technological / Reliance on spurious features|Model operation / Human / Loss of situational awareness|Model operation / Human / Policy misconfiguration,Knowledge analysis / Technological / Reliance on spurious features|Model operation / Human / Loss of situational awareness|Model operation / Human / Policy misconfiguration|Model training / Technological / Selective prediction / refusal failure|Model training / Technological / Confidence miscalibration,Knowledge analysis / Technological / Reliance on spurious features|Model operation / Human / Loss of situational awareness|Model operation / Human / Policy misconfiguration|Model training / Technological / Selective prediction / refusal failure|Model training / Technological / Confidence miscalibration|Model training / Technological / Domain shift as technological robustness failure|Model training / Technological / Overfitting|Model training / Technological / Noise/blur/compression fragility|Model training / Human / Incomplete validation criteria|Model operation / Technological / Fallback failure / controlled degradation failure
P4,64,18400106,True,0.06964776591734806,,,Knowledge analysis / Technological / Reliance on spurious features|Model operation / Human / Loss of situational awareness|Model operation / Human / Policy misconfiguration,Knowledge analysis / Technological / Reliance on spurious features|Model operation / Human / Loss of situational awareness|Model operation / Human / Policy misconfiguration|Model training / Technological / Confidence miscalibration|Model training / Technological / Selective prediction / refusal failure,Knowledge analysis / Technological / Reliance on spurious features|Model operation / Human / Loss of situational awareness|Model operation / Human / Policy misconfiguration|Model training / Technological / Confidence miscalibration|Model training / Technological / Selective prediction / refusal failure|Model training / Technological / Overfitting|Model training / Technological / Domain shift as technological robustness failure|Model training / Technological / Noise/blur/compression fragility|Model operation / Technological / Collective robustness loss|Model operation / Technological / Fallback failure / controlled degradation failure
P4,65,18400107,True,0.04004075977729634,,,Knowledge analysis / Technological / Reliance on spurious features|Model operation / Human / Policy misconfiguration|Model training / Technological / Selective prediction / refusal failure,Knowledge analysis / Technological / Reliance on spurious features|Model operation / Human / Policy misconfiguration|Model training / Technological / Selective prediction / refusal failure|Model training / Technological / Confidence miscalibration|Model operation / Human / Loss of situational awareness,Knowledge analysis / Technological / Reliance on spurious features|Model operation / Human / Policy misconfiguration|Model training / Technological / Selective prediction / refusal failure|Model training / Technological / Confidence miscalibration|Model operation / Human / Loss of situational awareness|Model operation / Technological / Fallback failure / controlled degradation failure|Model operation / Technological / Collective robustness loss|Model training / Technological / Domain shift as technological robustness failure|Model training / Technological / Noise/blur/compression fragility|Model training / Technological / Overfitting
P4,66,18400108,True,0.03860492698961432,,,Knowledge analysis / Technological / Reliance on spurious features|Model training / Technological / Selective prediction / refusal failure|Model training / Technological / Confidence miscalibration,Knowledge analysis / Technological / Reliance on spurious features|Model training / Technological / Selective prediction / refusal failure|Model training / Technological / Confidence miscalibration|Model operation / Technological / Collective robustness loss|Model operation / Technological / Fallback failure / controlled degradation failure,Knowledge analysis / Technological / Reliance on spurious features|Model training / Technological / Selective prediction / refusal failure|Model training / Technological / Confidence miscalibration|Model operation / Technological / Collective robustness loss|Model operation / Technological / Fallback failure / controlled degradation failure|Model operation / Human / Policy misconfiguration|Model operation / Human / Loss of situational awareness|Model training / Technological / Overfitting|Model training / Technological / Noise/blur/compression fragility|Model training / Technological / Domain shift as technological robustness failure
P4,67,18400109,True,0.03329084076976064,,,Knowledge analysis / Technological / Reliance on spurious features|Model operation / Human / Policy misconfiguration|Model operation / Human / Loss of situational awareness,Knowledge analysis / Technological / Reliance on spurious features|Model operation / Human / Policy misconfiguration|Model operation / Human / Loss of situational awareness|Model training / Technological / Selective prediction / refusal failure|Model training / Technological / Confidence miscalibration,Knowledge analysis / Technological / Reliance on spurious features|Model operation / Human / Policy misconfiguration|Model operation / Human / Loss of situational awareness|Model training / Technological / Selective prediction / refusal failure|Model training / Technological / Confidence miscalibration|Model operation / Technological / Collective robustness loss|Model operation / Technological / Fallback failure / controlled degradation failure|Model training / Technological / Domain shift as technological robustness failure|Model training / Technological / Noise/blur/compression fragility|Knowledge analysis / Technological / Pseudo-quantification risk
P4,68,18400110,True,0.04663005239873449,,,Knowledge analysis / Technological / Reliance on spurious features|Model operation / Human / Loss of situational awareness|Model operation / Human / Policy misconfiguration,Knowledge analysis / Technological / Reliance on spurious features|Model operation / Human / Loss of situational awareness|Model operation / Human / Policy misconfiguration|Model training / Technological / Selective prediction / refusal failure|Model training / Technological / Confidence miscalibration,Knowledge analysis / Technological / Reliance on spurious features|Model operation / Human / Loss of situational awareness|Model operation / Human / Policy misconfiguration|Model training / Technological / Selective prediction / refusal failure|Model training / Technological / Confidence miscalibration|Model operation / Technological / Fallback failure / controlled degradation failure|Model operation / Technological / Collective robustness loss|Model training / Technological / Noise/blur/compression fragility|Model training / Technological / Domain shift as technological robustness failure|Model training / Technological / Overfitting
P4,69,18400111,True,0.042608234616086635,,,Knowledge analysis / Technological / Reliance on spurious features|Model operation / Human / Loss of situational awareness|Model training / Technological / Confidence miscalibration,Knowledge analysis / Technological / Reliance on spurious features|Model operation / Human / Loss of situational awareness|Model training / Technological / Confidence miscalibration|Model training / Technological / Selective prediction / refusal failure|Model operation / Human / Policy misconfiguration,Knowledge analysis / Technological / Reliance on spurious features|Model operation / Human / Loss of situational awareness|Model training / Technological / Confidence miscalibration|Model training / Technological / Selective prediction / refusal failure|Model operation / Human / Policy misconfiguration|Model operation / Technological / Collective robustness loss|Model operation / Technological / Fallback failure / controlled degradation failure|Model training / Technological / Domain shift as technological robustness failure|Model training / Technological / Overfitting|Model training / Technological / Noise/blur/compression fragility
P4,70,18400112,True,0.054767835432932545,,,Knowledge analysis / Technological / Reliance on spurious features|Model training / Technological / Confidence miscalibration|Model operation / Human / Loss of situational awareness,Knowledge analysis / Technological / Reliance on spurious features|Model training / Technological / Confidence miscalibration|Model operation / Human / Loss of situational awareness|Model operation / Human / Policy misconfiguration|Model training / Technological / Selective prediction / refusal failure,Knowledge analysis / Technological / Reliance on spurious features|Model training / Technological / Confidence miscalibration|Model operation / Human / Loss of situational awareness|Model operation / Human / Policy misconfiguration|Model training / Technological / Selective prediction / refusal failure|Model operation / Technological / Collective robustness loss|Model operation / Technological / Fallback failure / controlled degradation failure|Knowledge analysis / Technological / Spatial frame / map mismatch|Knowledge analysis / Technological / Incorrect spatial-geometric interpretation|Model training / Technological / Noise/blur/compression fragility
P4,71,18400113,True,0.04244259911497936,,,Knowledge analysis / Technological / Reliance on spurious features|Model operation / Human / Policy misconfiguration|Model operation / Human / Loss of situational awareness,Knowledge analysis / Technological / Reliance on spurious features|Model operation / Human / Policy misconfiguration|Model operation / Human / Loss of situational awareness|Model training / Technological / Confidence miscalibration|Model training / Technological / Selective prediction / refusal failure,Knowledge analysis / Technological / Reliance on spurious features|Model operation / Human / Policy misconfiguration|Model operation / Human / Loss of situational awareness|Model training / Technological / Confidence miscalibration|Model training / Technological / Selective prediction / refusal failure|Model operation / Technological / Collective robustness loss|Model operation / Technological / Fallback failure / controlled degradation failure|Model training / Technological / Overfitting|Model training / Technological / Noise/blur/compression fragility|Knowledge analysis / Technological / Representation mismatch for swarm needs
P4,72,18400114,True,0.046191803850851774,,,Knowledge analysis / Technological / Reliance on spurious features|Model operation / Human / Loss of situational awareness|Model operation / Human / Policy misconfiguration,Knowledge analysis / Technological / Reliance on spurious features|Model operation / Human / Loss of situational awareness|Model operation / Human / Policy misconfiguration|Model training / Technological / Selective prediction / refusal failure|Model training / Technological / Confidence miscalibration,Knowledge analysis / Technological / Reliance on spurious features|Model operation / Human / Loss of situational awareness|Model operation / Human / Policy misconfiguration|Model training / Technological / Selective prediction / refusal failure|Model training / Technological / Confidence miscalibration|Model operation / Technological / Collective robustness loss|Model operation / Technological / Fallback failure / controlled degradation failure|Model training / Technological / Domain shift as technological robustness failure|Model training / Technological / Overfitting|Model training / Technological / Noise/blur/compression fragility
P4,73,18400115,True,0.04383042143971902,,,Knowledge analysis / Technological / Reliance on spurious features|Model operation / Human / Policy misconfiguration|Model operation / Human / Loss of situational awareness,Knowledge analysis / Technological / Reliance on spurious features|Model operation / Human / Policy misconfiguration|Model operation / Human / Loss of situational awareness|Model training / Technological / Confidence miscalibration|Model operation / Technological / Fallback failure / controlled degradation failure,Knowledge analysis / Technological / Reliance on spurious features|Model operation / Human / Policy misconfiguration|Model operation / Human / Loss of situational awareness|Model training / Technological / Confidence miscalibration|Model operation / Technological / Fallback failure / controlled degradation failure|Model operation / Technological / Collective robustness loss|Model training / Technological / Selective prediction / refusal failure|Model training / Technological / Noise/blur/compression fragility|Knowledge analysis / Technological / Spatial frame / map mismatch|Model training / Technological / Overfitting
P4,74,18400116,True,0.04111909629936862,,,Knowledge analysis / Technological / Reliance on spurious features|Model operation / Human / Policy misconfiguration|Model operation / Human / Loss of situational awareness,Knowledge analysis / Technological / Reliance on spurious features|Model operation / Human / Policy misconfiguration|Model operation / Human / Loss of situational awareness|Model training / Technological / Confidence miscalibration|Model training / Technological / Selective prediction / refusal failure,Knowledge analysis / Technological / Reliance on spurious features|Model operation / Human / Policy misconfiguration|Model operation / Human / Loss of situational awareness|Model training / Technological / Confidence miscalibration|Model training / Technological / Selective prediction / refusal failure|Model operation / Technological / Fallback failure / controlled degradation failure|Model operation / Technological / Collective robustness loss|Model training / Technological / Overfitting|Model training / Technological / Domain shift as technological robustness failure|Knowledge analysis / Technological / Spatial frame / map mismatch
P4,75,18400117,True,0.044421906077755674,,,Knowledge analysis / Technological / Reliance on spurious features|Model operation / Human / Loss of situational awareness|Model operation / Human / Policy misconfiguration,Knowledge analysis / Technological / Reliance on spurious features|Model operation / Human / Loss of situational awareness|Model operation / Human / Policy misconfiguration|Model training / Technological / Selective prediction / refusal failure|Model training / Technological / Confidence miscalibration,Knowledge analysis / Technological / Reliance on spurious features|Model operation / Human / Loss of situational awareness|Model operation / Human / Policy misconfiguration|Model training / Technological / Selective prediction / refusal failure|Model training / Technological / Confidence miscalibration|Model operation / Technological / Collective robustness loss|Model training / Technological / Overfitting|Model operation / Technological / Fallback failure / controlled degradation failure|Model training / Technological / Domain shift as technological robustness failure|Model training / Technological / Noise/blur/compression fragility
P4,76,18400118,True,0.05790865596752195,,,Knowledge analysis / Technological / Reliance on spurious features|Model operation / Human / Policy misconfiguration|Model training / Technological / Confidence miscalibration,Knowledge analysis / Technological / Reliance on spurious features|Model operation / Human / Policy misconfiguration|Model training / Technological / Confidence miscalibration|Model training / Technological / Selective prediction / refusal failure|Model operation / Human / Loss of situational awareness,Knowledge analysis / Technological / Reliance on spurious features|Model operation / Human / Policy misconfiguration|Model training / Technological / Confidence miscalibration|Model training / Technological / Selective prediction / refusal failure|Model operation / Human / Loss of situational awareness|Model operation / Technological / Fallback failure / controlled degradation failure|Model operation / Technological / Collective robustness loss|Model training / Technological / Overfitting|Model training / Technological / Noise/blur/compression fragility|Model training / Technological / Domain shift as technological robustness failure
P4,77,18400119,True,0.035672650363921005,,,Knowledge analysis / Technological / Reliance on spurious features|Model operation / Human / Policy misconfiguration|Model training / Technological / Selective prediction / refusal failure,Knowledge analysis / Technological / Reliance on spurious features|Model operation / Human / Policy misconfiguration|Model training / Technological / Selective prediction / refusal failure|Model training / Technological / Confidence miscalibration|Model operation / Human / Loss of situational awareness,Knowledge analysis / Technological / Reliance on spurious features|Model operation / Human / Policy misconfiguration|Model training / Technological / Selective prediction / refusal failure|Model training / Technological / Confidence miscalibration|Model operation / Human / Loss of situational awareness|Model operation / Technological / Collective robustness loss|Model operation / Technological / Fallback failure / controlled degradation failure|Model training / Technological / Domain shift as technological robustness failure|Model training / Technological / Overfitting|Model training / Technological / Noise/blur/compression fragility
P4,78,18400120,True,0.04261756139366821,,,Knowledge analysis / Technological / Reliance on spurious features|Model operation / Human / Policy misconfiguration|Model training / Technological / Selective prediction / refusal failure,Knowledge analysis / Technological / Reliance on spurious features|Model operation / Human / Policy misconfiguration|Model training / Technological / Selective prediction / refusal failure|Model operation / Human / Loss of situational awareness|Model training / Technological / Confidence miscalibration,Knowledge analysis / Technological / Reliance on spurious features|Model operation / Human / Policy misconfiguration|Model training / Technological / Selective prediction / refusal failure|Model operation / Human / Loss of situational awareness|Model training / Technological / Confidence miscalibration|Model operation / Technological / Collective robustness loss|Model operation / Technological / Fallback failure / controlled degradation failure|Model training / Technological / Domain shift as technological robustness failure|Model training / Technological / Overfitting|Knowledge analysis / Technological / Incorrect spatial-geometric interpretation
P4,79,18400121,True,0.04379121011692238,,,Knowledge analysis / Technological / Reliance on spurious features|Model training / Technological / Confidence miscalibration|Model operation / Human / Loss of situational awareness,Knowledge analysis / Technological / Reliance on spurious features|Model training / Technological / Confidence miscalibration|Model operation / Human / Loss of situational awareness|Model operation / Human / Policy misconfiguration|Model training / Technological / Selective prediction / refusal failure,Knowledge analysis / Technological / Reliance on spurious features|Model training / Technological / Confidence miscalibration|Model operation / Human / Loss of situational awareness|Model operation / Human / Policy misconfiguration|Model training / Technological / Selective prediction / refusal failure|Model operation / Technological / Collective robustness loss|Model operation / Technological / Fallback failure / controlled degradation failure|Model training / Technological / Noise/blur/compression fragility|Model training / Technological / Domain shift as technological robustness failure|Model training / Technological / Overfitting
P4,80,18400122,True,0.06871020750789858,,,Knowledge analysis / Technological / Reliance on spurious features|Model operation / Human / Policy misconfiguration|Model operation / Human / Loss of situational awareness,Knowledge analysis / Technological / Reliance on spurious features|Model operation / Human / Policy misconfiguration|Model operation / Human / Loss of situational awareness|Model training / Technological / Selective prediction / refusal failure|Model training / Technological / Confidence miscalibration,Knowledge analysis / Technological / Reliance on spurious features|Model operation / Human / Policy misconfiguration|Model operation / Human / Loss of situational awareness|Model training / Technological / Selective prediction / refusal failure|Model training / Technological / Confidence miscalibration|Model operation / Technological / Fallback failure / controlled degradation failure|Model operation / Technological / Collective robustness loss|Knowledge analysis / Technological / Representation mismatch for swarm needs|Model training / Technological / Overfitting|Knowledge analysis / Technological / Correlated errors x interaction graph omission
P4,81,18400123,True,0.06488105901726604,,,Knowledge analysis / Technological / Reliance on spurious features|Model operation / Human / Policy misconfiguration|Model training / Technological / Confidence miscalibration,Knowledge analysis / Technological / Reliance on spurious features|Model operation / Human / Policy misconfiguration|Model training / Technological / Confidence miscalibration|Model training / Technological / Selective prediction / refusal failure|Model operation / Human / Loss of situational awareness,Knowledge analysis / Technological / Reliance on spurious features|Model operation / Human / Policy misconfiguration|Model training / Technological / Confidence miscalibration|Model training / Technological / Selective prediction / refusal failure|Model operation / Human / Loss of situational awareness|Model operation / Technological / Fallback failure / controlled degradation failure|Model operation / Technological / Collective robustness loss|Model training / Technological / Noise/blur/compression fragility|Model training / Technological / Overfitting|Model training / Technological / Domain shift as technological robustness failure
P4,82,18400124,True,0.04053764806310625,,,Knowledge analysis / Technological / Reliance on spurious features|Model operation / Human / Loss of situational awareness|Model operation / Human / Policy misconfiguration,Knowledge analysis / Technological / Reliance on spurious features|Model operation / Human / Loss of situational awareness|Model operation / Human / Policy misconfiguration|Model training / Technological / Confidence miscalibration|Model training / Technological / Selective prediction / refusal failure,Knowledge analysis / Technological / Reliance on spurious features|Model operation / Human / Loss of situational awareness|Model operation / Human / Policy misconfiguration|Model training / Technological / Confidence miscalibration|Model training / Technological / Selective prediction / refusal failure|Model operation / Technological / Collective robustness loss|Model operation / Technological / Fallback failure / controlled degradation failure|Model training / Technological / Noise/blur/compression fragility|Model training / Technological / Domain shift as technological robustness failure|Model training / Technological / Overfitting
P4,83,18400125,True,0.04091959969421932,,,Knowledge analysis / Technological / Reliance on spurious features|Model training / Technological / Selective prediction / refusal failure|Model operation / Human / Policy misconfiguration,Knowledge analysis / Technological / Reliance on spurious features|Model training / Technological / Selective prediction / refusal failure|Model operation / Human / Policy misconfiguration|Model operation / Human / Loss of situational awareness|Model training / Technological / Confidence miscalibration,Knowledge analysis / Technological / Reliance on spurious features|Model training / Technological / Selective prediction / refusal failure|Model operation / Human / Policy misconfiguration|Model operation / Human / Loss of situational awareness|Model training / Technological / Confidence miscalibration|Model operation / Technological / Collective robustness loss|Model operation / Technological / Fallback failure / controlled degradation failure|Model training / Technological / Domain shift as technological robustness failure|Model training / Technological / Noise/blur/compression fragility|Knowledge analysis / Technological / Spatial frame / map mismatch
P4,84,18400126,True,0.04439415991349935,,,Knowledge analysis / Technological / Reliance on spurious features|Model operation / Human / Loss of situational awareness|Model operation / Human / Policy misconfiguration,Knowledge analysis / Technological / Reliance on spurious features|Model operation / Human / Loss of situational awareness|Model operation / Human / Policy misconfiguration|Model training / Technological / Selective prediction / refusal failure|Model operation / Technological / Collective robustness loss,Knowledge analysis / Technological / Reliance on spurious features|Model operation / Human / Loss of situational awareness|Model operation / Human / Policy misconfiguration|Model training / Technological / Selective prediction / refusal failure|Model operation / Technological / Collective robustness loss|Model operation / Technological / Fallback failure / controlled degradation failure|Model training / Technological / Confidence miscalibration|Knowledge analysis / Technological / Incorrect spatial-geometric interpretation|Knowledge analysis / Technological / Spatial frame / map mismatch|Model training / Technological / Domain shift as technological robustness failure
P4,85,18400127,True,0.04123105612954816,,,Knowledge analysis / Technological / Reliance on spurious features|Model training / Technological / Selective prediction / refusal failure|Model operation / Human / Loss of situational awareness,Knowledge analysis / Technological / Reliance on spurious features|Model training / Technological / Selective prediction / refusal failure|Model operation / Human / Loss of situational awareness|Model training / Technological / Confidence miscalibration|Model operation / Human / Policy misconfiguration,Knowledge analysis / Technological / Reliance on spurious features|Model training / Technological / Selective prediction / refusal failure|Model operation / Human / Loss of situational awareness|Model training / Technological / Confidence miscalibration|Model operation / Human / Policy misconfiguration|Model operation / Technological / Fallback failure / controlled degradation failure|Knowledge analysis / Technological / Incorrect spatial-geometric interpretation|Model operation / Technological / Collective robustness loss|Model training / Technological / Overfitting|Model training / Technological / Domain shift as technological robustness failure
P4,86,18400128,True,0.05804943554618078,,,Knowledge analysis / Technological / Reliance on spurious features|Model training / Technological / Selective prediction / refusal failure|Model training / Technological / Confidence miscalibration,Knowledge analysis / Technological / Reliance on spurious features|Model training / Technological / Selective prediction / refusal failure|Model training / Technological / Confidence miscalibration|Model operation / Human / Loss of situational awareness|Model operation / Human / Policy misconfiguration,Knowledge analysis / Technological / Reliance on spurious features|Model training / Technological / Selective prediction / refusal failure|Model training / Technological / Confidence miscalibration|Model operation / Human / Loss of situational awareness|Model operation / Human / Policy misconfiguration|Model training / Technological / Overfitting|Model training / Technological / Noise/blur/compression fragility|Model training / Technological / Domain shift as technological robustness failure|Model operation / Technological / Fallback failure / controlled degradation failure|Model operation / Technological / Collective robustness loss
P4,87,18400129,True,0.050146405718978694,,,Knowledge analysis / Technological / Reliance on spurious features|Model training / Technological / Selective prediction / refusal failure|Model training / Technological / Confidence miscalibration,Knowledge analysis / Technological / Reliance on spurious features|Model training / Technological / Selective prediction / refusal failure|Model training / Technological / Confidence miscalibration|Model operation / Human / Policy misconfiguration|Model operation / Human / Loss of situational awareness,Knowledge analysis / Technological / Reliance on spurious features|Model training / Technological / Selective prediction / refusal failure|Model training / Technological / Confidence miscalibration|Model operation / Human / Policy misconfiguration|Model operation / Human / Loss of situational awareness|Model operation / Technological / Fallback failure / controlled degradation failure|Model operation / Technological / Collective robustness loss|Model training / Technological / Overfitting|Model training / Technological / Noise/blur/compression fragility|Model training / Technological / Domain shift as technological robustness failure
P4,88,18400130,True,0.03534295047396093,,,Knowledge analysis / Technological / Reliance on spurious features|Model training / Technological / Confidence miscalibration|Model operation / Human / Loss of situational awareness,Knowledge analysis / Technological / Reliance on spurious features|Model training / Technological / Confidence miscalibration|Model operation / Human / Loss of situational awareness|Model operation / Human / Policy misconfiguration|Model training / Technological / Selective prediction / refusal failure,Knowledge analysis / Technological / Reliance on spurious features|Model training / Technological / Confidence miscalibration|Model operation / Human / Loss of situational awareness|Model operation / Human / Policy misconfiguration|Model training / Technological / Selective prediction / refusal failure|Model operation / Technological / Fallback failure / controlled degradation failure|Model operation / Technological / Collective robustness loss|Model training / Technological / Domain shift as technological robustness failure|Model training / Technological / Overfitting|Knowledge analysis / Technological / Incorrect spatial-geometric interpretation
P4,89,18400131,True,0.04053451485893258,,,Knowledge analysis / Technological / Reliance on spurious features|Model operation / Human / Loss of situational awareness|Model training / Technological / Selective prediction / refusal failure,Knowledge analysis / Technological / Reliance on spurious features|Model operation / Human / Loss of situational awareness|Model training / Technological / Selective prediction / refusal failure|Model operation / Human / Policy misconfiguration|Model training / Technological / Confidence miscalibration,Knowledge analysis / Technological / Reliance on spurious features|Model operation / Human / Loss of situational awareness|Model training / Technological / Selective prediction / refusal failure|Model operation / Human / Policy misconfiguration|Model training / Technological / Confidence miscalibration|Model operation / Technological / Fallback failure / controlled degradation failure|Model operation / Technological / Collective robustness loss|Model training / Technological / Overfitting|Model training / Technological / Noise/blur/compression fragility|Model training / Technological / Domain shift as technological robustness failure
P4,90,18400132,True,0.04110519825539081,,,Knowledge analysis / Technological / Reliance on spurious features|Model operation / Human / Loss of situational awareness|Model operation / Human / Policy misconfiguration,Knowledge analysis / Technological / Reliance on spurious features|Model operation / Human / Loss of situational awareness|Model operation / Human / Policy misconfiguration|Model training / Technological / Confidence miscalibration|Model training / Technological / Selective prediction / refusal failure,Knowledge analysis / Technological / Reliance on spurious features|Model operation / Human / Loss of situational awareness|Model operation / Human / Policy misconfiguration|Model training / Technological / Confidence miscalibration|Model training / Technological / Selective prediction / refusal failure|Model operation / Technological / Fallback failure / controlled degradation failure|Model operation / Technological / Collective robustness loss|Model training / Technological / Noise/blur/compression fragility|Model training / Technological / Domain shift as technological robustness failure|Model training / Technological / Overfitting
P4,91,18400133,True,0.05069344346023019,,,Knowledge analysis / Technological / Reliance on spurious features|Model operation / Human / Loss of situational awareness|Model training / Technological / Confidence miscalibration,Knowledge analysis / Technological / Reliance on spurious features|Model operation / Human / Loss of situational awareness|Model training / Technological / Confidence miscalibration|Model operation / Human / Policy misconfiguration|Model training / Technological / Selective prediction / refusal failure,Knowledge analysis / Technological / Reliance on spurious features|Model operation / Human / Loss of situational awareness|Model training / Technological / Confidence miscalibration|Model operation / Human / Policy misconfiguration|Model training / Technological / Selective prediction / refusal failure|Model operation / Technological / Fallback failure / controlled degradation failure|Model operation / Technological / Collective robustness loss|Model training / Technological / Overfitting|Model training / Technological / Noise/blur/compression fragility|Model training / Technological / Domain shift as technological robustness failure
P4,92,18400134,True,0.03778760398428655,,,Knowledge analysis / Technological / Reliance on spurious features|Model operation / Human / Loss of situational awareness|Model training / Technological / Confidence miscalibration,Knowledge analysis / Technological / Reliance on spurious features|Model operation / Human / Loss of situational awareness|Model training / Technological / Confidence miscalibration|Model operation / Human / Policy misconfiguration|Model training / Technological / Selective prediction / refusal failure,Knowledge analysis / Technological / Reliance on spurious features|Model operation / Human / Loss of situational awareness|Model training / Technological / Confidence miscalibration|Model operation / Human / Policy misconfiguration|Model training / Technological / Selective prediction / refusal failure|Model operation / Technological / Collective robustness loss|Model operation / Technological / Fallback failure / controlled degradation failure|Model training / Technological / Overfitting|Model training / Technological / Domain shift as technological robustness failure|Model training / Technological / Noise/blur/compression fragility
P4,93,18400135,True,0.038708004274137085,,,Knowledge analysis / Technological / Reliance on spurious features|Model operation / Human / Policy misconfiguration|Model operation / Human / Loss of situational awareness,Knowledge analysis / Technological / Reliance on spurious features|Model operation / Human / Policy misconfiguration|Model operation / Human / Loss of situational awareness|Model training / Technological / Selective prediction / refusal failure|Model training / Technological / Confidence miscalibration,Knowledge analysis / Technological / Reliance on spurious features|Model operation / Human / Policy misconfiguration|Model operation / Human / Loss of situational awareness|Model training / Technological / Selective prediction / refusal failure|Model training / Technological / Confidence miscalibration|Model operation / Technological / Collective robustness loss|Model operation / Technological / Fallback failure / controlled degradation failure|Model training / Technological / Noise/blur/compression fragility|Model training / Technological / Overfitting|Model training / Technological / Domain shift as technological robustness failure
P4,94,18400136,True,0.03224337187528777,,,Knowledge analysis / Technological / Reliance on spurious features|Model training / Technological / Confidence miscalibration|Model training / Technological / Selective prediction / refusal failure,Knowledge analysis / Technological / Reliance on spurious features|Model training / Technological / Confidence miscalibration|Model training / Technological / Selective prediction / refusal failure|Model operation / Human / Loss of situational awareness|Model operation / Human / Policy misconfiguration,Knowledge analysis / Technological / Reliance on spurious features|Model training / Technological / Confidence miscalibration|Model training / Technological / Selective prediction / refusal failure|Model operation / Human / Loss of situational awareness|Model operation / Human / Policy misconfiguration|Model operation / Technological / Collective robustness loss|Model training / Technological / Overfitting|Model operation / Technological / Fallback failure / controlled degradation failure|Model training / Technological / Domain shift as technological robustness failure|Model training / Technological / Noise/blur/compression fragility
P4,95,18400137,True,0.033103227045407926,,,Knowledge analysis / Technological / Reliance on spurious features|Model training / Technological / Confidence miscalibration|Model operation / Human / Loss of situational awareness,Knowledge analysis / Technological / Reliance on spurious features|Model training / Technological / Confidence miscalibration|Model operation / Human / Loss of situational awareness|Model training / Technological / Selective prediction / refusal failure|Model operation / Human / Policy misconfiguration,Knowledge analysis / Technological / Reliance on spurious features|Model training / Technological / Confidence miscalibration|Model operation / Human / Loss of situational awareness|Model training / Technological / Selective prediction / refusal failure|Model operation / Human / Policy misconfiguration|Model operation / Technological / Collective robustness loss|Model operation / Technological / Fallback failure / controlled degradation failure|Knowledge analysis / Technological / Spatial frame / map mismatch|Knowledge analysis / Technological / Pseudo-quantification risk|Model training / Technological / Noise/blur/compression fragility
P4,96,18400138,True,0.04357680524640558,,,Knowledge analysis / Technological / Reliance on spurious features|Model operation / Human / Policy misconfiguration|Model operation / Human / Loss of situational awareness,Knowledge analysis / Technological / Reliance on spurious features|Model operation / Human / Policy misconfiguration|Model operation / Human / Loss of situational awareness|Model training / Technological / Selective prediction / refusal failure|Model operation / Technological / Fallback failure / controlled degradation failure,Knowledge analysis / Technological / Reliance on spurious features|Model operation / Human / Policy misconfiguration|Model operation / Human / Loss of situational awareness|Model training / Technological / Selective prediction / refusal failure|Model operation / Technological / Fallback failure / controlled degradation failure|Model training / Technological / Confidence miscalibration|Model operation / Technological / Collective robustness loss|Knowledge analysis / Technological / Correlated errors x interaction graph omission|Knowledge analysis / Technological / Pseudo-quantification risk|Model training / Technological / Noise/blur/compression fragility
P4,97,18400139,True,0.035226179579506925,,,Knowledge analysis / Technological / Reliance on spurious features|Model training / Technological / Confidence miscalibration|Model training / Technological / Selective prediction / refusal failure,Knowledge analysis / Technological / Reliance on spurious features|Model training / Technological / Confidence miscalibration|Model training / Technological / Selective prediction / refusal failure|Model operation / Technological / Fallback failure / controlled degradation failure|Model operation / Technological / Collective robustness loss,Knowledge analysis / Technological / Reliance on spurious features|Model training / Technological / Confidence miscalibration|Model training / Technological / Selective prediction / refusal failure|Model operation / Technological / Fallback failure / controlled degradation failure|Model operation / Technological / Collective robustness loss|Knowledge analysis / Technological / Pseudo-quantification risk|Model operation / Human / Loss of situational awareness|Model training / Technological / Overfitting|Model training / Technological / Noise/blur/compression fragility|Model training / Technological / Domain shift as technological robustness failure
P4,98,18400140,True,0.04052915820611553,,,Knowledge analysis / Technological / Reliance on spurious features|Model operation / Human / Policy misconfiguration|Model training / Technological / Confidence miscalibration,Knowledge analysis / Technological / Reliance on spurious features|Model operation / Human / Policy misconfiguration|Model training / Technological / Confidence miscalibration|Model operation / Human / Loss of situational awareness|Model training / Technological / Selective prediction / refusal failure,Knowledge analysis / Technological / Reliance on spurious features|Model operation / Human / Policy misconfiguration|Model training / Technological / Confidence miscalibration|Model operation / Human / Loss of situational awareness|Model training / Technological / Selective prediction / refusal failure|Model operation / Technological / Collective robustness loss|Model operation / Technological / Fallback failure / controlled degradation failure|Model training / Technological / Domain shift as technological robustness failure|Model training / Technological / Noise/blur/compression fragility|Model training / Technological / Overfitting
P4,99,18400141,True,0.03294682629440895,,,Knowledge analysis / Technological / Reliance on spurious features|Model training / Technological / Confidence miscalibration|Model training / Technological / Selective prediction / refusal failure,Knowledge analysis / Technological / Reliance on spurious features|Model training / Technological / Confidence miscalibration|Model training / Technological / Selective prediction / refusal failure|Model operation / Technological / Fallback failure / controlled degradation failure|Model operation / Technological / Collective robustness loss,Knowledge analysis / Technological / Reliance on spurious features|Model training / Technological / Confidence miscalibration|Model training / Technological / Selective prediction / refusal failure|Model operation / Technological / Fallback failure / controlled degradation failure|Model operation / Technological / Collective robustness loss|Model operation / Human / Policy misconfiguration|Model operation / Human / Loss of situational awareness|Model training / Technological / Noise/blur/compression fragility|Model training / Technological / Overfitting|Model training / Technological / Domain shift as technological robustness failure
P4,100,18400142,True,0.04658355689237496,,,Knowledge analysis / Technological / Reliance on spurious features|Model operation / Human / Loss of situational awareness|Model operation / Human / Policy misconfiguration,Knowledge analysis / Technological / Reliance on spurious features|Model operation / Human / Loss of situational awareness|Model operation / Human / Policy misconfiguration|Model training / Technological / Confidence miscalibration|Model training / Technological / Selective prediction / refusal failure,Knowledge analysis / Technological / Reliance on spurious features|Model operation / Human / Loss of situational awareness|Model operation / Human / Policy misconfiguration|Model training / Technological / Confidence miscalibration|Model training / Technological / Selective prediction / refusal failure|Model operation / Technological / Fallback failure / controlled degradation failure|Model operation / Technological / Collective robustness loss|Model training / Technological / Overfitting|Model training / Technological / Noise/blur/compression fragility|Model training / Technological / Domain shift as technological robustness failure
P4,101,18400143,True,0.04948650585861997,,,Knowledge analysis / Technological / Reliance on spurious features|Model operation / Human / Loss of situational awareness|Model operation / Human / Policy misconfiguration,Knowledge analysis / Technological / Reliance on spurious features|Model operation / Human / Loss of situational awareness|Model operation / Human / Policy misconfiguration|Model training / Technological / Confidence miscalibration|Model training / Technological / Selective prediction / refusal failure,Knowledge analysis / Technological / Reliance on spurious features|Model operation / Human / Loss of situational awareness|Model operation / Human / Policy misconfiguration|Model training / Technological / Confidence miscalibration|Model training / Technological / Selective prediction / refusal failure|Model training / Technological / Domain shift as technological robustness failure|Model operation / Technological / Collective robustness loss|Model training / Technological / Overfitting|Model operation / Technological / Fallback failure / controlled degradation failure|Model training / Technological / Noise/blur/compression fragility
P4,102,18400144,True,0.05200559992644901,,,Knowledge analysis / Technological / Reliance on spurious features|Model operation / Human / Policy misconfiguration|Model operation / Human / Loss of situational awareness,Knowledge analysis / Technological / Reliance on spurious features|Model operation / Human / Policy misconfiguration|Model operation / Human / Loss of situational awareness|Model training / Technological / Selective prediction / refusal failure|Model training / Technological / Confidence miscalibration,Knowledge analysis / Technological / Reliance on spurious features|Model operation / Human / Policy misconfiguration|Model operation / Human / Loss of situational awareness|Model training / Technological / Selective prediction / refusal failure|Model training / Technological / Confidence miscalibration|Model operation / Technological / Collective robustness loss|Model operation / Technological / Fallback failure / controlled degradation failure|Model training / Technological / Overfitting|Model training / Technological / Noise/blur/compression fragility|Knowledge analysis / Technological / Pseudo-quantification risk
P4,103,18400145,True,0.03523715668836712,,,Knowledge analysis / Technological / Reliance on spurious features|Model training / Technological / Confidence miscalibration|Model operation / Human / Policy misconfiguration,Knowledge analysis / Technological / Reliance on spurious features|Model training / Technological / Confidence miscalibration|Model operation / Human / Policy misconfiguration|Model training / Technological / Selective prediction / refusal failure|Model operation / Human / Loss of situational awareness,Knowledge analysis / Technological / Reliance on spurious features|Model training / Technological / Confidence miscalibration|Model operation / Human / Policy misconfiguration|Model training / Technological / Selective prediction / refusal failure|Model operation / Human / Loss of situational awareness|Model operation / Technological / Collective robustness loss|Model operation / Technological / Fallback failure / controlled degradation failure|Model training / Technological / Overfitting|Model training / Technological / Noise/blur/compression fragility|Model training / Technological / Domain shift as technological robustness failure
P4,104,18400146,True,0.050701097605455575,,,Knowledge analysis / Technological / Reliance on spurious features|Model operation / Human / Loss of situational awareness|Model operation / Human / Policy misconfiguration,Knowledge analysis / Technological / Reliance on spurious features|Model operation / Human / Loss of situational awareness|Model operation / Human / Policy misconfiguration|Model training / Technological / Confidence miscalibration|Model training / Technological / Selective prediction / refusal failure,Knowledge analysis / Technological / Reliance on spurious features|Model operation / Human / Loss of situational awareness|Model operation / Human / Policy misconfiguration|Model training / Technological / Confidence miscalibration|Model training / Technological / Selective prediction / refusal failure|Model operation / Technological / Collective robustness loss|Model operation / Technological / Fallback failure / controlled degradation failure|Model training / Technological / Noise/blur/compression fragility|Model training / Technological / Overfitting|Model training / Technological / Domain shift as technological robustness failure
P4,105,18400147,True,0.041585905707986516,,,Knowledge analysis / Technological / Reliance on spurious features|Model operation / Human / Policy misconfiguration|Model operation / Human / Loss of situational awareness,Knowledge analysis / Technological / Reliance on spurious features|Model operation / Human / Policy misconfiguration|Model operation / Human / Loss of situational awareness|Model training / Technological / Selective prediction / refusal failure|Model training / Technological / Confidence miscalibration,Knowledge analysis / Technological / Reliance on spurious features|Model operation / Human / Policy misconfiguration|Model operation / Human / Loss of situational awareness|Model training / Technological / Selective prediction / refusal failure|Model training / Technological / Confidence miscalibration|Model operation / Technological / Collective robustness loss|Model operation / Technological / Fallback failure / controlled degradation failure|Model training / Technological / Overfitting|Model training / Technological / Noise/blur/compression fragility|Model training / Technological / Domain shift as technological robustness failure
P4,106,18400148,True,0.06034135393701994,,,Knowledge analysis / Technological / Reliance on spurious features|Model operation / Human / Loss of situational awareness|Model operation / Human / Policy misconfiguration,Knowledge analysis / Technological / Reliance on spurious features|Model operation / Human / Loss of situational awareness|Model operation / Human / Policy misconfiguration|Model training / Technological / Selective prediction / refusal failure|Model training / Technological / Confidence miscalibration,Knowledge analysis / Technological / Reliance on spurious features|Model operation / Human / Loss of situational awareness|Model operation / Human / Policy misconfiguration|Model training / Technological / Selective prediction / refusal failure|Model training / Technological / Confidence miscalibration|Model operation / Technological / Collective robustness loss|Model operation / Technological / Fallback failure / controlled degradation failure|Model training / Technological / Overfitting|Model training / Technological / Domain shift as technological robustness failure|Model training / Technological / Noise/blur/compression fragility
P4,107,18400149,True,0.05722255603061569,,,Knowledge analysis / Technological / Reliance on spurious features|Model training / Technological / Selective prediction / refusal failure|Model training / Technological / Confidence miscalibration,Knowledge analysis / Technological / Reliance on spurious features|Model training / Technological / Selective prediction / refusal failure|Model training / Technological / Confidence miscalibration|Model operation / Human / Policy misconfiguration|Model operation / Human / Loss of situational awareness,Knowledge analysis / Technological / Reliance on spurious features|Model training / Technological / Selective prediction / refusal failure|Model training / Technological / Confidence miscalibration|Model operation / Human / Policy misconfiguration|Model operation / Human / Loss of situational awareness|Model training / Technological / Domain shift as technological robustness failure|Knowledge analysis / Technological / Spatial frame / map mismatch|Knowledge analysis / Technological / Correlated errors x interaction graph omission|Model operation / Technological / Collective robustness loss|Model training / Technological / Overfitting
P4,108,18400150,True,0.034997075193234986,,,Knowledge analysis / Technological / Reliance on spurious features|Model operation / Human / Loss of situational awareness|Model operation / Human / Policy misconfiguration,Knowledge analysis / Technological / Reliance on spurious features|Model operation / Human / Loss of situational awareness|Model operation / Human / Policy misconfiguration|Model training / Technological / Confidence miscalibration|Model training / Technological / Selective prediction / refusal failure,Knowledge analysis / Technological / Reliance on spurious features|Model operation / Human / Loss of situational awareness|Model operation / Human / Policy misconfiguration|Model training / Technological / Confidence miscalibration|Model training / Technological / Selective prediction / refusal failure|Model operation / Technological / Fallback failure / controlled degradation failure|Model operation / Technological / Collective robustness loss|Model training / Technological / Domain shift as technological robustness failure|Model training / Technological / Overfitting|Model training / Technological / Noise/blur/compression fragility
P4,109,18400151,True,0.03829345523010673,,,Knowledge analysis / Technological / Reliance on spurious features|Model operation / Human / Policy misconfiguration|Model training / Technological / Selective prediction / refusal failure,Knowledge analysis / Technological / Reliance on spurious features|Model operation / Human / Policy misconfiguration|Model training / Technological / Selective prediction / refusal failure|Model operation / Human / Loss of situational awareness|Model training / Technological / Confidence miscalibration,Knowledge analysis / Technological / Reliance on spurious features|Model operation / Human / Policy misconfiguration|Model training / Technological / Selective prediction / refusal failure|Model operation / Human / Loss of situational awareness|Model training / Technological / Confidence miscalibration|Model operation / Technological / Fallback failure / controlled degradation failure|Model operation / Technological / Collective robustness loss|Model training / Technological / Noise/blur/compression fragility|Model training / Technological / Domain shift as technological robustness failure|Model training / Technological / Overfitting
P4,110,18400152,True,0.04058914126081755,,,Knowledge analysis / Technological / Reliance on spurious features|Model operation / Human / Loss of situational awareness|Model operation / Human / Policy misconfiguration,Knowledge analysis / Technological / Reliance on spurious features|Model operation / Human / Loss of situational awareness|Model operation / Human / Policy misconfiguration|Model training / Technological / Selective prediction / refusal failure|Model training / Technological / Confidence miscalibration,Knowledge analysis / Technological / Reliance on spurious features|Model operation / Human / Loss of situational awareness|Model operation / Human / Policy misconfiguration|Model training / Technological / Selective prediction / refusal failure|Model training / Technological / Confidence miscalibration|Model operation / Technological / Collective robustness loss|Model operation / Technological / Fallback failure / controlled degradation failure|Model training / Technological / Overfitting|Knowledge analysis / Technological / Spatial frame / map mismatch|Model training / Technological / Noise/blur/compression fragility
P4,111,18400153,True,0.033641533492625435,,,Knowledge analysis / Technological / Reliance on spurious features|Model operation / Human / Policy misconfiguration|Model training / Technological / Confidence miscalibration,Knowledge analysis / Technological / Reliance on spurious features|Model operation / Human / Policy misconfiguration|Model training / Technological / Confidence miscalibration|Model training / Technological / Selective prediction / refusal failure|Model operation / Human / Loss of situational awareness,Knowledge analysis / Technological / Reliance on spurious features|Model operation / Human / Policy misconfiguration|Model training / Technological / Confidence miscalibration|Model training / Technological / Selective prediction / refusal failure|Model operation / Human / Loss of situational awareness|Model operation / Technological / Fallback failure / controlled degradation failure|Model operation / Technological / Collective robustness loss|Model training / Technological / Overfitting|Knowledge analysis / Technological / Incorrect spatial-geometric interpretation|Model training / Technological / Domain shift as technological robustness failure
P4,112,18400154,True,0.037555017319688994,,,Knowledge analysis / Technological / Reliance on spurious features|Model training / Technological / Confidence miscalibration|Model operation / Human / Policy misconfiguration,Knowledge analysis / Technological / Reliance on spurious features|Model training / Technological / Confidence miscalibration|Model operation / Human / Policy misconfiguration|Model operation / Human / Loss of situational awareness|Model training / Technological / Selective prediction / refusal failure,Knowledge analysis / Technological / Reliance on spurious features|Model training / Technological / Confidence miscalibration|Model operation / Human / Policy misconfiguration|Model operation / Human / Loss of situational awareness|Model training / Technological / Selective prediction / refusal failure|Model operation / Technological / Fallback failure / controlled degradation failure|Model operation / Technological / Collective robustness loss|Model training / Technological / Noise/blur/compression fragility|Model training / Technological / Overfitting|Knowledge analysis / Technological / Pseudo-quantification risk
P4,113,18400155,True,0.07391633614737483,,,Knowledge analysis / Technological / Reliance on spurious features|Model training / Technological / Selective prediction / refusal failure|Model training / Technological / Confidence miscalibration,Knowledge analysis / Technological / Reliance on spurious features|Model training / Technological / Selective prediction / refusal failure|Model training / Technological / Confidence miscalibration|Model operation / Human / Loss of situational awareness|Model operation / Human / Policy misconfiguration,Knowledge analysis / Technological / Reliance on spurious features|Model training / Technological / Selective prediction / refusal failure|Model training / Technological / Confidence miscalibration|Model operation / Human / Loss of situational awareness|Model operation / Human / Policy misconfiguration|Model operation / Technological / Fallback failure / controlled degradation failure|Model operation / Technological / Collective robustness loss|Model training / Technological / Domain shift as technological robustness failure|Model training / Technological / Noise/blur/compression fragility|Model training / Technological / Overfitting
P4,114,18400156,True,0.03567824526610138,,,Knowledge analysis / Technological / Reliance on spurious features|Model operation / Human / Loss of situational awareness|Model training / Technological / Selective prediction / refusal failure,Knowledge analysis / Technological / Reliance on spurious features|Model operation / Human / Loss of situational awareness|Model training / Technological / Selective prediction / refusal failure|Model operation / Human / Policy misconfiguration|Model training / Technological / Confidence miscalibration,Knowledge analysis / Technological / Reliance on spurious features|Model operation / Human / Loss of situational awareness|Model training / Technological / Selective prediction / refusal failure|Model operation / Human / Policy misconfiguration|Model training / Technological / Confidence miscalibration|Model operation / Technological / Collective robustness loss|Model operation / Technological / Fallback failure / controlled degradation failure|Model training / Technological / Domain shift as technological robustness failure|Model training / Technological / Noise/blur/compression fragility|Model training / Technological / Overfitting
P4,115,18400157,True,0.050481203144588246,,,Knowledge analysis / Technological / Reliance on spurious features|Model operation / Human / Loss of situational awareness|Model operation / Human / Policy misconfiguration,Knowledge analysis / Technological / Reliance on spurious features|Model operation / Human / Loss of situational awareness|Model operation / Human / Policy misconfiguration|Model training / Technological / Confidence miscalibration|Model training / Technological / Selective prediction / refusal failure,Knowledge analysis / Technological / Reliance on spurious features|Model operation / Human / Loss of situational awareness|Model operation / Human / Policy misconfiguration|Model training / Technological / Confidence miscalibration|Model training / Technological / Selective prediction / refusal failure|Model operation / Technological / Collective robustness loss|Model operation / Technological / Fallback failure / controlled degradation failure|Model training / Technological / Noise/blur/compression fragility|Model training / Technological / Overfitting|Model training / Technological / Domain shift as technological robustness failure
P4,116,18400158,True,0.04243941066941316,,,Knowledge analysis / Technological / Reliance on spurious features|Model training / Technological / Selective prediction / refusal failure|Model operation / Human / Loss of situational awareness,Knowledge analysis / Technological / Reliance on spurious features|Model training / Technological / Selective prediction / refusal failure|Model operation / Human / Loss of situational awareness|Model operation / Human / Policy misconfiguration|Model training / Technological / Confidence miscalibration,Knowledge analysis / Technological / Reliance on spurious features|Model training / Technological / Selective prediction / refusal failure|Model operation / Human / Loss of situational awareness|Model operation / Human / Policy misconfiguration|Model training / Technological / Confidence miscalibration|Model operation / Technological / Collective robustness loss|Model operation / Technological / Fallback failure / controlled degradation failure|Model training / Technological / Overfitting|Model training / Technological / Domain shift as technological robustness failure|Knowledge analysis / Technological / Incorrect spatial-geometric interpretation
P4,117,18400159,True,0.03975389840013424,,,Knowledge analysis / Technological / Reliance on spurious features|Model training / Technological / Selective prediction / refusal failure|Model operation / Human / Loss of situational awareness,Knowledge analysis / Technological / Reliance on spurious features|Model training / Technological / Selective prediction / refusal failure|Model operation / Human / Loss of situational awareness|Model operation / Human / Policy misconfiguration|Model training / Technological / Confidence miscalibration,Knowledge analysis / Technological / Reliance on spurious features|Model training / Technological / Selective prediction / refusal failure|Model operation / Human / Loss of situational awareness|Model operation / Human / Policy misconfiguration|Model training / Technological / Confidence miscalibration|Model operation / Technological / Fallback failure / controlled degradation failure|Model operation / Technological / Collective robustness loss|Model training / Technological / Overfitting|Model training / Technological / Noise/blur/compression fragility|Model training / Technological / Domain shift as technological robustness failure
P4,118,18400160,True,0.0433217813529477,,,Knowledge analysis / Technological / Reliance on spurious features|Model operation / Human / Policy misconfiguration|Model operation / Human / Loss of situational awareness,Knowledge analysis / Technological / Reliance on spurious features|Model operation / Human / Policy misconfiguration|Model operation / Human / Loss of situational awareness|Model training / Technological / Confidence miscalibration|Model training / Technological / Selective prediction / refusal failure,Knowledge analysis / Technological / Reliance on spurious features|Model operation / Human / Policy misconfiguration|Model operation / Human / Loss of situational awareness|Model training / Technological / Confidence miscalibration|Model training / Technological / Selective prediction / refusal failure|Model operation / Technological / Collective robustness loss|Model operation / Technological / Fallback failure / controlled degradation failure|Knowledge analysis / Technological / Incorrect spatial-geometric interpretation|Model training / Technological / Noise/blur/compression fragility|Knowledge analysis / Technological / Spatial frame / map mismatch
P4,119,18400161,True,0.05692148975991429,,,Knowledge analysis / Technological / Reliance on spurious features|Model operation / Human / Loss of situational awareness|Model operation / Human / Policy misconfiguration,Knowledge analysis / Technological / Reliance on spurious features|Model operation / Human / Loss of situational awareness|Model operation / Human / Policy misconfiguration|Model training / Technological / Selective prediction / refusal failure|Model training / Technological / Confidence miscalibration,Knowledge analysis / Technological / Reliance on spurious features|Model operation / Human / Loss of situational awareness|Model operation / Human / Policy misconfiguration|Model training / Technological / Selective prediction / refusal failure|Model training / Technological / Confidence miscalibration|Model operation / Technological / Fallback failure / controlled degradation failure|Model operation / Technological / Collective robustness loss|Knowledge analysis / Technological / Representation mismatch for swarm needs|Knowledge analysis / Technological / Pseudo-quantification risk|Model training / Technological / Overfitting
P4,120,18400162,True,0.035171550944955714,,,Knowledge analysis / Technological / Reliance on spurious features|Model operation / Human / Policy misconfiguration|Model training / Technological / Confidence miscalibration,Knowledge analysis / Technological / Reliance on spurious features|Model operation / Human / Policy misconfiguration|Model training / Technological / Confidence miscalibration|Model training / Technological / Selective prediction / refusal failure|Model operation / Human / Loss of situational awareness,Knowledge analysis / Technological / Reliance on spurious features|Model operation / Human / Policy misconfiguration|Model training / Technological / Confidence miscalibration|Model training / Technological / Selective prediction / refusal failure|Model operation / Human / Loss of situational awareness|Model operation / Technological / Collective robustness loss|Model training / Technological / Noise/blur/compression fragility|Model operation / Technological / Fallback failure / controlled degradation failure|Model training / Technological / Domain shift as technological robustness failure|Model training / Technological / Overfitting
P4,121,18400163,True,0.04632272158079648,,,Knowledge analysis / Technological / Reliance on spurious features|Model operation / Human / Loss of situational awareness|Model operation / Human / Policy misconfiguration,Knowledge analysis / Technological / Reliance on spurious features|Model operation / Human / Loss of situational awareness|Model operation / Human / Policy misconfiguration|Model training / Technological / Confidence miscalibration|Model training / Technological / Selective prediction / refusal failure,Knowledge analysis / Technological / Reliance on spurious features|Model operation / Human / Loss of situational awareness|Model operation / Human / Policy misconfiguration|Model training / Technological / Confidence miscalibration|Model training / Technological / Selective prediction / refusal failure|Model training / Technological / Overfitting|Model operation / Technological / Collective robustness loss|Model operation / Technological / Fallback failure / controlled degradation failure|Model training / Technological / Noise/blur/compression fragility|Model training / Technological / Domain shift as technological robustness failure
P4,122,18400164,True,0.058969880049462596,,,Knowledge analysis / Technological / Reliance on spurious features|Model operation / Human / Policy misconfiguration|Model operation / Human / Loss of situational awareness,Knowledge analysis / Technological / Reliance on spurious features|Model operation / Human / Policy misconfiguration|Model operation / Human / Loss of situational awareness|Model training / Technological / Selective prediction / refusal failure|Model training / Technological / Confidence miscalibration,Knowledge analysis / Technological / Reliance on spurious features|Model operation / Human / Policy misconfiguration|Model operation / Human / Loss of situational awareness|Model training / Technological / Selective prediction / refusal failure|Model training / Technological / Confidence miscalibration|Model operation / Technological / Collective robustness loss|Model operation / Technological / Fallback failure / controlled degradation failure|Model training / Technological / Overfitting|Model training / Technological / Domain shift as technological robustness failure|Knowledge analysis / Technological / Representation mismatch for swarm needs
P4,123,18400165,True,0.07591036483673902,,,Knowledge analysis / Technological / Reliance on spurious features|Model training / Technological / Confidence miscalibration|Model operation / Human / Policy misconfiguration,Knowledge analysis / Technological / Reliance on spurious features|Model training / Technological / Confidence miscalibration|Model operation / Human / Policy misconfiguration|Model training / Technological / Selective prediction / refusal failure|Model operation / Human / Loss of situational awareness,Knowledge analysis / Technological / Reliance on spurious features|Model training / Technological / Confidence miscalibration|Model operation / Human / Policy misconfiguration|Model training / Technological / Selective prediction / refusal failure|Model operation / Human / Loss of situational awareness|Knowledge analysis / Technological / Representation mismatch for swarm needs|Model operation / Technological / Fallback failure / controlled degradation failure|Model operation / Technological / Collective robustness loss|Model training / Technological / Overfitting|Knowledge analysis / Technological / Spatial frame / map mismatch
P4,124,18400166,True,0.039862326384007066,,,Knowledge analysis / Technological / Reliance on spurious features|Model operation / Human / Loss of situational awareness|Model training / Technological / Selective prediction / refusal failure,Knowledge analysis / Technological / Reliance on spurious features|Model operation / Human / Loss of situational awareness|Model training / Technological / Selective prediction / refusal failure|Model training / Technological / Confidence miscalibration|Model operation / Human / Policy misconfiguration,Knowledge analysis / Technological / Reliance on spurious features|Model operation / Human / Loss of situational awareness|Model training / Technological / Selective prediction / refusal failure|Model training / Technological / Confidence miscalibration|Model operation / Human / Policy misconfiguration|Model operation / Technological / Fallback failure / controlled degradation failure|Model operation / Technological / Collective robustness loss|Model training / Technological / Overfitting|Model training / Technological / Domain shift as technological robustness failure|Knowledge analysis / Technological / Spatial frame / map mismatch
P4,125,18400167,True,0.045112105957668604,,,Knowledge analysis / Technological / Reliance on spurious features|Model operation / Human / Loss of situational awareness|Model training / Technological / Confidence miscalibration,Knowledge analysis / Technological / Reliance on spurious features|Model operation / Human / Loss of situational awareness|Model training / Technological / Confidence miscalibration|Model training / Technological / Selective prediction / refusal failure|Model operation / Human / Policy misconfiguration,Knowledge analysis / Technological / Reliance on spurious features|Model operation / Human / Loss of situational awareness|Model training / Technological / Confidence miscalibration|Model training / Technological / Selective prediction / refusal failure|Model operation / Human / Policy misconfiguration|Model operation / Technological / Fallback failure / controlled degradation failure|Model operation / Technological / Collective robustness loss|Model training / Technological / Overfitting|Model training / Technological / Domain shift as technological robustness failure|Model training / Technological / Noise/blur/compression fragility
P4,126,18400168,True,0.05720184724936227,,,Knowledge analysis / Technological / Reliance on spurious features|Model operation / Human / Policy misconfiguration|Model operation / Human / Loss of situational awareness,Knowledge analysis / Technological / Reliance on spurious features|Model operation / Human / Policy misconfiguration|Model operation / Human / Loss of situational awareness|Model training / Technological / Confidence miscalibration|Model training / Technological / Selective prediction / refusal failure,Knowledge analysis / Technological / Reliance on spurious features|Model operation / Human / Policy misconfiguration|Model operation / Human / Loss of situational awareness|Model training / Technological / Confidence miscalibration|Model training / Technological / Selective prediction / refusal failure|Model operation / Technological / Fallback failure / controlled degradation failure|Model operation / Technological / Collective robustness loss|Model training / Technological / Overfitting|Model training / Technological / Noise/blur/compression fragility|Model training / Technological / Domain shift as technological robustness failure
P4,127,18400169,True,0.04282268789907514,,,Knowledge analysis / Technological / Reliance on spurious features|Model operation / Human / Policy misconfiguration|Model operation / Human / Loss of situational awareness,Knowledge analysis / Technological / Reliance on spurious features|Model operation / Human / Policy misconfiguration|Model operation / Human / Loss of situational awareness|Model training / Technological / Selective prediction / refusal failure|Model training / Technological / Confidence miscalibration,Knowledge analysis / Technological / Reliance on spurious features|Model operation / Human / Policy misconfiguration|Model operation / Human / Loss of situational awareness|Model training / Technological / Selective prediction / refusal failure|Model training / Technological / Confidence miscalibration|Model operation / Technological / Fallback failure / controlled degradation failure|Model operation / Technological / Collective robustness loss|Model training / Technological / Noise/blur/compression fragility|Model training / Technological / Overfitting|Model training / Technological / Domain shift as technological robustness failure
P4,128,18400170,True,0.041713800526656214,,,Knowledge analysis / Technological / Reliance on spurious features|Model operation / Human / Policy misconfiguration|Model training / Technological / Confidence miscalibration,Knowledge analysis / Technological / Reliance on spurious features|Model operation / Human / Policy misconfiguration|Model training / Technological / Confidence miscalibration|Model training / Technological / Selective prediction / refusal failure|Model operation / Human / Loss of situational awareness,Knowledge analysis / Technological / Reliance on spurious features|Model operation / Human / Policy misconfiguration|Model training / Technological / Confidence miscalibration|Model training / Technological / Selective prediction / refusal failure|Model operation / Human / Loss of situational awareness|Model operation / Technological / Fallback failure / controlled degradation failure|Model operation / Technological / Collective robustness loss|Model training / Technological / Overfitting|Model training / Technological / Noise/blur/compression fragility|Model training / Technological / Domain shift as technological robustness failure
P4,129,18400171,True,0.03572140303162194,,,Knowledge analysis / Technological / Reliance on spurious features|Model operation / Human / Loss of situational awareness|Model training / Technological / Selective prediction / refusal failure,Knowledge analysis / Technological / Reliance on spurious features|Model operation / Human / Loss of situational awareness|Model training / Technological / Selective prediction / refusal failure|Model operation / Human / Policy misconfiguration|Model training / Technological / Confidence miscalibration,Knowledge analysis / Technological / Reliance on spurious features|Model operation / Human / Loss of situational awareness|Model training / Technological / Selective prediction / refusal failure|Model operation / Human / Policy misconfiguration|Model training / Technological / Confidence miscalibration|Model operation / Technological / Fallback failure / controlled degradation failure|Model operation / Technological / Collective robustness loss|Model training / Technological / Overfitting|Model training / Technological / Domain shift as technological robustness failure|Knowledge analysis / Technological / Incorrect spatial-geometric interpretation
P4,130,18400172,True,0.04416664509762529,,,Knowledge analysis / Technological / Reliance on spurious features|Model operation / Human / Policy misconfiguration|Model operation / Human / Loss of situational awareness,Knowledge analysis / Technological / Reliance on spurious features|Model operation / Human / Policy misconfiguration|Model operation / Human / Loss of situational awareness|Model training / Technological / Selective prediction / refusal failure|Model operation / Technological / Collective robustness loss,Knowledge analysis / Technological / Reliance on spurious features|Model operation / Human / Policy misconfiguration|Model operation / Human / Loss of situational awareness|Model training / Technological / Selective prediction / refusal failure|Model operation / Technological / Collective robustness loss|Model training / Technological / Confidence miscalibration|Model operation / Technological / Fallback failure / controlled degradation failure|Model training / Technological / Overfitting|Model training / Technological / Noise/blur/compression fragility|Model training / Technological / Domain shift as technological robustness failure
P4,131,18400173,True,0.041067607942051984,,,Knowledge analysis / Technological / Reliance on spurious features|Model operation / Human / Loss of situational awareness|Model training / Technological / Selective prediction / refusal failure,Knowledge analysis / Technological / Reliance on spurious features|Model operation / Human / Loss of situational awareness|Model training / Technological / Selective prediction / refusal failure|Model operation / Human / Policy misconfiguration|Model training / Technological / Confidence miscalibration,Knowledge analysis / Technological / Reliance on spurious features|Model operation / Human / Loss of situational awareness|Model training / Technological / Selective prediction / refusal failure|Model operation / Human / Policy misconfiguration|Model training / Technological / Confidence miscalibration|Model operation / Technological / Collective robustness loss|Model operation / Technological / Fallback failure / controlled degradation failure|Model training / Technological / Noise/blur/compression fragility|Model training / Technological / Overfitting|Knowledge analysis / Technological / Representation mismatch for swarm needs
P4,132,18400174,True,0.037543451316499665,,,Knowledge analysis / Technological / Reliance on spurious features|Model operation / Human / Policy misconfiguration|Model training / Technological / Confidence miscalibration,Knowledge analysis / Technological / Reliance on spurious features|Model operation / Human / Policy misconfiguration|Model training / Technological / Confidence miscalibration|Model operation / Human / Loss of situational awareness|Model training / Technological / Selective prediction / refusal failure,Knowledge analysis / Technological / Reliance on spurious features|Model operation / Human / Policy misconfiguration|Model training / Technological / Confidence miscalibration|Model operation / Human / Loss of situational awareness|Model training / Technological / Selective prediction / refusal failure|Model operation / Technological / Fallback failure / controlled degradation failure|Model operation / Technological / Collective robustness loss|Model training / Technological / Domain shift as technological robustness failure|Model training / Technological / Noise/blur/compression fragility|Model training / Technological / Overfitting
P4,133,18400175,True,0.0492123915246669,,,Knowledge analysis / Technological / Reliance on spurious features|Model operation / Human / Policy misconfiguration|Model operation / Human / Loss of situational awareness,Knowledge analysis / Technological / Reliance on spurious features|Model operation / Human / Policy misconfiguration|Model operation / Human / Loss of situational awareness|Model training / Technological / Confidence miscalibration|Model training / Technological / Selective prediction / refusal failure,Knowledge analysis / Technological / Reliance on spurious features|Model operation / Human / Policy misconfiguration|Model operation / Human / Loss of situational awareness|Model training / Technological / Confidence miscalibration|Model training / Technological / Selective prediction / refusal failure|Model operation / Technological / Fallback failure / controlled degradation failure|Model operation / Technological / Collective robustness loss|Model training / Technological / Domain shift as technological robustness failure|Model training / Technological / Noise/blur/compression fragility|Knowledge analysis / Technological / Spatial frame / map mismatch
P4,134,18400176,True,0.0514943055139566,,,Knowledge analysis / Technological / Reliance on spurious features|Model operation / Human / Policy misconfiguration|Model operation / Human / Loss of situational awareness,Knowledge analysis / Technological / Reliance on spurious features|Model operation / Human / Policy misconfiguration|Model operation / Human / Loss of situational awareness|Model training / Technological / Confidence miscalibration|Model operation / Technological / Collective robustness loss,Knowledge analysis / Technological / Reliance on spurious features|Model operation / Human / Policy misconfiguration|Model operation / Human / Loss of situational awareness|Model training / Technological / Confidence miscalibration|Model operation / Technological / Collective robustness loss|Model training / Technological / Selective prediction / refusal failure|Model operation / Technological / Fallback failure / controlled degradation failure|Knowledge analysis / Technological / Pseudo-quantification risk|Knowledge analysis / Technological / Correlated errors x interaction graph omission|Model training / Technological / Overfitting
P4,135,18400177,True,0.0423642217536178,,,Knowledge analysis / Technological / Reliance on spurious features|Model operation / Human / Policy misconfiguration|Model operation / Human / Loss of situational awareness,Knowledge analysis / Technological / Reliance on spurious features|Model operation / Human / Policy misconfiguration|Model operation / Human / Loss of situational awareness|Model training / Technological / Confidence miscalibration|Model training / Technological / Selective prediction / refusal failure,Knowledge analysis / Technological / Reliance on spurious features|Model operation / Human / Policy misconfiguration|Model operation / Human / Loss of situational awareness|Model training / Technological / Confidence miscalibration|Model training / Technological / Selective prediction / refusal failure|Model operation / Technological / Fallback failure / controlled degradation failure|Model operation / Technological / Collective robustness loss|Model training / Technological / Domain shift as technological robustness failure|Model training / Technological / Noise/blur/compression fragility|Knowledge analysis / Technological / Representation mismatch for swarm needs
P4,136,18400178,True,0.04074301553679676,,,Knowledge analysis / Technological / Reliance on spurious features|Model operation / Human / Policy misconfiguration|Model operation / Human / Loss of situational awareness,Knowledge analysis / Technological / Reliance on spurious features|Model operation / Human / Policy misconfiguration|Model operation / Human / Loss of situational awareness|Model training / Technological / Confidence miscalibration|Model training / Technological / Selective prediction / refusal failure,Knowledge analysis / Technological / Reliance on spurious features|Model operation / Human / Policy misconfiguration|Model operation / Human / Loss of situational awareness|Model training / Technological / Confidence miscalibration|Model training / Technological / Selective prediction / refusal failure|Model operation / Technological / Fallback failure / controlled degradation failure|Model operation / Technological / Collective robustness loss|Knowledge analysis / Technological / Representation mismatch for swarm needs|Knowledge analysis / Technological / Correlated errors x interaction graph omission|Knowledge analysis / Technological / Incorrect spatial-geometric interpretation
P4,137,18400179,True,0.04197123485176041,,,Knowledge analysis / Technological / Reliance on spurious features|Model operation / Human / Policy misconfiguration|Model training / Technological / Confidence miscalibration,Knowledge analysis / Technological / Reliance on spurious features|Model operation / Human / Policy misconfiguration|Model training / Technological / Confidence miscalibration|Model training / Technological / Selective prediction / refusal failure|Model operation / Human / Loss of situational awareness,Knowledge analysis / Technological / Reliance on spurious features|Model operation / Human / Policy misconfiguration|Model training / Technological / Confidence miscalibration|Model training / Technological / Selective prediction / refusal failure|Model operation / Human / Loss of situational awareness|Model operation / Technological / Collective robustness loss|Model operation / Technological / Fallback failure / controlled degradation failure|Model training / Technological / Overfitting|Model training / Technological / Noise/blur/compression fragility|Model training / Technological / Domain shift as technological robustness failure
P4,138,18400180,True,0.05105875301626396,,,Knowledge analysis / Technological / Reliance on spurious features|Model operation / Human / Loss of situational awareness|Model training / Technological / Selective prediction / refusal failure,Knowledge analysis / Technological / Reliance on spurious features|Model operation / Human / Loss of situational awareness|Model training / Technological / Selective prediction / refusal failure|Model training / Technological / Confidence miscalibration|Model operation / Human / Policy misconfiguration,Knowledge analysis / Technological / Reliance on spurious features|Model operation / Human / Loss of situational awareness|Model training / Technological / Selective prediction / refusal failure|Model training / Technological / Confidence miscalibration|Model operation / Human / Policy misconfiguration|Model operation / Technological / Fallback failure / controlled degradation failure|Model operation / Technological / Collective robustness loss|Model training / Technological / Noise/blur/compression fragility|Model training / Technological / Domain shift as technological robustness failure|Knowledge analysis / Technological / Correlated errors x interaction graph omission
P4,139,18400181,True,0.03832521261997394,,,Knowledge analysis / Technological / Reliance on spurious features|Model operation / Human / Policy misconfiguration|Model operation / Human / Loss of situational awareness,Knowledge analysis / Technological / Reliance on spurious features|Model operation / Human / Policy misconfiguration|Model operation / Human / Loss of situational awareness|Model training / Technological / Selective prediction / refusal failure|Model training / Technological / Confidence miscalibration,Knowledge analysis / Technological / Reliance on spurious features|Model operation / Human / Policy misconfiguration|Model operation / Human / Loss of situational awareness|Model training / Technological / Selective prediction / refusal failure|Model training / Technological / Confidence miscalibration|Model operation / Technological / Fallback failure / controlled degradation failure|Model operation / Technological / Collective robustness loss|Model training / Technological / Overfitting|Model training / Technological / Noise/blur/compression fragility|Knowledge analysis / Technological / Correlated errors x interaction graph omission
P4,140,18400182,True,0.032732040424829786,,,Knowledge analysis / Technological / Reliance on spurious features|Model operation / Human / Policy misconfiguration|Model operation / Human / Loss of situational awareness,Knowledge analysis / Technological / Reliance on spurious features|Model operation / Human / Policy misconfiguration|Model operation / Human / Loss of situational awareness|Model training / Technological / Selective prediction / refusal failure|Model training / Technological / Confidence miscalibration,Knowledge analysis / Technological / Reliance on spurious features|Model operation / Human / Policy misconfiguration|Model operation / Human / Loss of situational awareness|Model training / Technological / Selective prediction / refusal failure|Model training / Technological / Confidence miscalibration|Model operation / Technological / Fallback failure / controlled degradation failure|Model operation / Technological / Collective robustness loss|Model training / Technological / Noise/blur/compression fragility|Model training / Technological / Domain shift as technological robustness failure|Model training / Technological / Overfitting
P4,141,18400183,True,0.04398389051709595,,,Knowledge analysis / Technological / Reliance on spurious features|Model operation / Human / Policy misconfiguration|Model operation / Human / Loss of situational awareness,Knowledge analysis / Technological / Reliance on spurious features|Model operation / Human / Policy misconfiguration|Model operation / Human / Loss of situational awareness|Model training / Technological / Selective prediction / refusal failure|Model training / Technological / Confidence miscalibration,Knowledge analysis / Technological / Reliance on spurious features|Model operation / Human / Policy misconfiguration|Model operation / Human / Loss of situational awareness|Model training / Technological / Selective prediction / refusal failure|Model training / Technological / Confidence miscalibration|Model operation / Technological / Fallback failure / controlled degradation failure|Model operation / Technological / Collective robustness loss|Model training / Technological / Overfitting|Knowledge analysis / Technological / Spatial frame / map mismatch|Model training / Technological / Noise/blur/compression fragility
P4,142,18400184,True,0.036366410863071595,,,Knowledge analysis / Technological / Reliance on spurious features|Model operation / Human / Loss of situational awareness|Model operation / Human / Policy misconfiguration,Knowledge analysis / Technological / Reliance on spurious features|Model operation / Human / Loss of situational awareness|Model operation / Human / Policy misconfiguration|Model training / Technological / Selective prediction / refusal failure|Model training / Technological / Confidence miscalibration,Knowledge analysis / Technological / Reliance on spurious features|Model operation / Human / Loss of situational awareness|Model operation / Human / Policy misconfiguration|Model training / Technological / Selective prediction / refusal failure|Model training / Technological / Confidence miscalibration|Model operation / Technological / Fallback failure / controlled degradation failure|Model operation / Technological / Collective robustness loss|Model training / Technological / Overfitting|Model training / Technological / Noise/blur/compression fragility|Knowledge analysis / Technological / Correlated errors x interaction graph omission
P4,143,18400185,True,0.04192272052443459,,,Knowledge analysis / Technological / Reliance on spurious features|Model operation / Human / Policy misconfiguration|Model operation / Human / Loss of situational awareness,Knowledge analysis / Technological / Reliance on spurious features|Model operation / Human / Policy misconfiguration|Model operation / Human / Loss of situational awareness|Model training / Technological / Confidence miscalibration|Model training / Technological / Selective prediction / refusal failure,Knowledge analysis / Technological / Reliance on spurious features|Model operation / Human / Policy misconfiguration|Model operation / Human / Loss of situational awareness|Model training / Technological / Confidence miscalibration|Model training / Technological / Selective prediction / refusal failure|Model operation / Technological / Collective robustness loss|Model operation / Technological / Fallback failure / controlled degradation failure|Model training / Technological / Overfitting|Model training / Technological / Noise/blur/compression fragility|Model training / Technological / Domain shift as technological robustness failure
P4,144,18400186,True,0.04257112859122977,,,Knowledge analysis / Technological / Reliance on spurious features|Model operation / Human / Loss of situational awareness|Model operation / Human / Policy misconfiguration,Knowledge analysis / Technological / Reliance on spurious features|Model operation / Human / Loss of situational awareness|Model operation / Human / Policy misconfiguration|Model training / Technological / Selective prediction / refusal failure|Model training / Technological / Confidence miscalibration,Knowledge analysis / Technological / Reliance on spurious features|Model operation / Human / Loss of situational awareness|Model operation / Human / Policy misconfiguration|Model training / Technological / Selective prediction / refusal failure|Model training / Technological / Confidence miscalibration|Model operation / Technological / Collective robustness loss|Model operation / Technological / Fallback failure / controlled degradation failure|Model training / Technological / Domain shift as technological robustness failure|Model training / Technological / Overfitting|Model training / Technological / Noise/blur/compression fragility
P4,145,18400187,True,0.038951113878418764,,,Knowledge analysis / Technological / Reliance on spurious features|Model operation / Human / Policy misconfiguration|Model operation / Human / Loss of situational awareness,Knowledge analysis / Technological / Reliance on spurious features|Model operation / Human / Policy misconfiguration|Model operation / Human / Loss of situational awareness|Model training / Technological / Confidence miscalibration|Model training / Technological / Selective prediction / refusal failure,Knowledge analysis / Technological / Reliance on spurious features|Model operation / Human / Policy misconfiguration|Model operation / Human / Loss of situational awareness|Model training / Technological / Confidence miscalibration|Model training / Technological / Selective prediction / refusal failure|Model operation / Technological / Collective robustness loss|Model operation / Technological / Fallback failure / controlled degradation failure|Model training / Technological / Noise/blur/compression fragility|Model training / Technological / Overfitting|Model training / Technological / Domain shift as technological robustness failure
P4,146,18400188,True,0.03468181916789532,,,Knowledge analysis / Technological / Reliance on spurious features|Model operation / Human / Policy misconfiguration|Model operation / Human / Loss of situational awareness,Knowledge analysis / Technological / Reliance on spurious features|Model operation / Human / Policy misconfiguration|Model operation / Human / Loss of situational awareness|Model training / Technological / Selective prediction / refusal failure|Model training / Technological / Confidence miscalibration,Knowledge analysis / Technological / Reliance on spurious features|Model operation / Human / Policy misconfiguration|Model operation / Human / Loss of situational awareness|Model training / Technological / Selective prediction / refusal failure|Model training / Technological / Confidence miscalibration|Model operation / Technological / Fallback failure / controlled degradation failure|Model operation / Technological / Collective robustness loss|Model training / Technological / Noise/blur/compression fragility|Model training / Technological / Domain shift as technological robustness failure|Model training / Technological / Overfitting
P4,147,18400189,True,0.04136936402453986,,,Knowledge analysis / Technological / Reliance on spurious features|Model operation / Human / Loss of situational awareness|Model operation / Human / Policy misconfiguration,Knowledge analysis / Technological / Reliance on spurious features|Model operation / Human / Loss of situational awareness|Model operation / Human / Policy misconfiguration|Model training / Technological / Confidence miscalibration|Model training / Technological / Selective prediction / refusal failure,Knowledge analysis / Technological / Reliance on spurious features|Model operation / Human / Loss of situational awareness|Model operation / Human / Policy misconfiguration|Model training / Technological / Confidence miscalibration|Model training / Technological / Selective prediction / refusal failure|Model operation / Technological / Fallback failure / controlled degradation failure|Model operation / Technological / Collective robustness loss|Model training / Technological / Overfitting|Model training / Technological / Noise/blur/compression fragility|Model training / Technological / Domain shift as technological robustness failure
P4,148,18400190,True,0.03881020154194104,,,Knowledge analysis / Technological / Reliance on spurious features|Model operation / Human / Policy misconfiguration|Model operation / Human / Loss of situational awareness,Knowledge analysis / Technological / Reliance on spurious features|Model operation / Human / Policy misconfiguration|Model operation / Human / Loss of situational awareness|Model training / Technological / Confidence miscalibration|Model training / Technological / Selective prediction / refusal failure,Knowledge analysis / Technological / Reliance on spurious features|Model operation / Human / Policy misconfiguration|Model operation / Human / Loss of situational awareness|Model training / Technological / Confidence miscalibration|Model training / Technological / Selective prediction / refusal failure|Model operation / Technological / Collective robustness loss|Model operation / Technological / Fallback failure / controlled degradation failure|Model training / Technological / Domain shift as technological robustness failure|Model training / Technological / Overfitting|Model training / Technological / Noise/blur/compression fragility
P4,149,18400191,True,0.0381264776368564,,,Knowledge analysis / Technological / Reliance on spurious features|Model operation / Human / Loss of situational awareness|Model operation / Human / Policy misconfiguration,Knowledge analysis / Technological / Reliance on spurious features|Model operation / Human / Loss of situational awareness|Model operation / Human / Policy misconfiguration|Model training / Technological / Confidence miscalibration|Model training / Technological / Selective prediction / refusal failure,Knowledge analysis / Technological / Reliance on spurious features|Model operation / Human / Loss of situational awareness|Model operation / Human / Policy misconfiguration|Model training / Technological / Confidence miscalibration|Model training / Technological / Selective prediction / refusal failure|Model operation / Technological / Fallback failure / controlled degradation failure|Model operation / Technological / Collective robustness loss|Model training / Technological / Domain shift as technological robustness failure|Model training / Technological / Noise/blur/compression fragility|Knowledge analysis / Technological / Spatial frame / map mismatch
P4,150,18400192,True,0.04149337707359149,,,Knowledge analysis / Technological / Reliance on spurious features|Model operation / Human / Loss of situational awareness|Model training / Technological / Selective prediction / refusal failure,Knowledge analysis / Technological / Reliance on spurious features|Model operation / Human / Loss of situational awareness|Model training / Technological / Selective prediction / refusal failure|Model operation / Human / Policy misconfiguration|Model training / Technological / Confidence miscalibration,Knowledge analysis / Technological / Reliance on spurious features|Model operation / Human / Loss of situational awareness|Model training / Technological / Selective prediction / refusal failure|Model operation / Human / Policy misconfiguration|Model training / Technological / Confidence miscalibration|Model operation / Technological / Fallback failure / controlled degradation failure|Model operation / Technological / Collective robustness loss|Model training / Technological / Domain shift as technological robustness failure|Model training / Technological / Noise/blur/compression fragility|Model training / Technological / Overfitting
P4,151,18400193,True,0.09042917003071077,,,Knowledge analysis / Technological / Reliance on spurious features|Model training / Technological / Selective prediction / refusal failure|Model training / Technological / Confidence miscalibration,Knowledge analysis / Technological / Reliance on spurious features|Model training / Technological / Selective prediction / refusal failure|Model training / Technological / Confidence miscalibration|Model operation / Human / Loss of situational awareness|Model operation / Human / Policy misconfiguration,Knowledge analysis / Technological / Reliance on spurious features|Model training / Technological / Selective prediction / refusal failure|Model training / Technological / Confidence miscalibration|Model operation / Human / Loss of situational awareness|Model operation / Human / Policy misconfiguration|Model operation / Technological / Fallback failure / controlled degradation failure|Model training / Technological / Noise/blur/compression fragility|Model training / Technological / Domain shift as technological robustness failure|Model training / Technological / Overfitting|Model operation / Technological / Collective robustness loss
P4,152,18400194,False,0.12349937715024963,,,Knowledge analysis / Technological / Reliance on spurious features|Model operation / Human / Loss of situational awareness|Model operation / Human / Policy misconfiguration,Knowledge analysis / Technological / Reliance on spurious features|Model operation / Human / Loss of situational awareness|Model operation / Human / Policy misconfiguration|Model training / Technological / Selective prediction / refusal failure|Model operation / Technological / Collective robustness loss,Knowledge analysis / Technological / Reliance on spurious features|Model operation / Human / Loss of situational awareness|Model operation / Human / Policy misconfiguration|Model training / Technological / Selective prediction / refusal failure|Model operation / Technological / Collective robustness loss|Model operation / Technological / Fallback failure / controlled degradation failure|Model training / Technological / Confidence miscalibration|Knowledge analysis / Technological / Spatial frame / map mismatch|Model training / Technological / Overfitting|Knowledge analysis / Technological / Correlated errors x interaction graph omission
P4,153,18400195,True,0.030444502078238796,,,Knowledge analysis / Technological / Reliance on spurious features|Model operation / Human / Policy misconfiguration|Model operation / Human / Loss of situational awareness,Knowledge analysis / Technological / Reliance on spurious features|Model operation / Human / Policy misconfiguration|Model operation / Human / Loss of situational awareness|Model training / Technological / Selective prediction / refusal failure|Model training / Technological / Confidence miscalibration,Knowledge analysis / Technological / Reliance on spurious features|Model operation / Human / Policy misconfiguration|Model operation / Human / Loss of situational awareness|Model training / Technological / Selective prediction / refusal failure|Model training / Technological / Confidence miscalibration|Model operation / Technological / Collective robustness loss|Model operation / Technological / Fallback failure / controlled degradation failure|Model training / Technological / Noise/blur/compression fragility|Model training / Technological / Overfitting|Knowledge analysis / Technological / Representation mismatch for swarm needs
P4,154,18400196,True,0.055820433446477316,,,Knowledge analysis / Technological / Reliance on spurious features|Model operation / Human / Policy misconfiguration|Model training / Technological / Confidence miscalibration,Knowledge analysis / Technological / Reliance on spurious features|Model operation / Human / Policy misconfiguration|Model training / Technological / Confidence miscalibration|Model training / Technological / Selective prediction / refusal failure|Model operation / Human / Loss of situational awareness,Knowledge analysis / Technological / Reliance on spurious features|Model operation / Human / Policy misconfiguration|Model training / Technological / Confidence miscalibration|Model training / Technological / Selective prediction / refusal failure|Model operation / Human / Loss of situational awareness|Model operation / Technological / Collective robustness loss|Model operation / Technological / Fallback failure / controlled degradation failure|Model training / Technological / Noise/blur/compression fragility|Model training / Technological / Overfitting|Model training / Technological / Domain shift as technological robustness failure
P4,155,18400197,True,0.04399836612556927,,,Knowledge analysis / Technological / Reliance on spurious features|Model training / Technological / Confidence miscalibration|Model training / Technological / Selective prediction / refusal failure,Knowledge analysis / Technological / Reliance on spurious features|Model training / Technological / Confidence miscalibration|Model training / Technological / Selective prediction / refusal failure|Model operation / Technological / Fallback failure / controlled degradation failure|Model operation / Technological / Collective robustness loss,Knowledge analysis / Technological / Reliance on spurious features|Model training / Technological / Confidence miscalibration|Model training / Technological / Selective prediction / refusal failure|Model operation / Technological / Fallback failure / controlled degradation failure|Model operation / Technological / Collective robustness loss|Model operation / Human / Loss of situational awareness|Model operation / Human / Policy misconfiguration|Model training / Technological / Overfitting|Model training / Technological / Domain shift as technological robustness failure|Model training / Technological / Noise/blur/compression fragility
P4,156,18400198,True,0.05403464977775481,,,Knowledge analysis / Technological / Reliance on spurious features|Model operation / Human / Loss of situational awareness|Model operation / Human / Policy misconfiguration,Knowledge analysis / Technological / Reliance on spurious features|Model operation / Human / Loss of situational awareness|Model operation / Human / Policy misconfiguration|Model training / Technological / Selective prediction / refusal failure|Model training / Technological / Confidence miscalibration,Knowledge analysis / Technological / Reliance on spurious features|Model operation / Human / Loss of situational awareness|Model operation / Human / Policy misconfiguration|Model training / Technological / Selective prediction / refusal failure|Model training / Technological / Confidence miscalibration|Model operation / Technological / Collective robustness loss|Model operation / Technological / Fallback failure / controlled degradation failure|Knowledge analysis / Technological / Pseudo-quantification risk|Model training / Technological / Noise/blur/compression fragility|Model training / Technological / Overfitting
P4,157,18400199,True,0.03616308815844696,,,Knowledge analysis / Technological / Reliance on spurious features|Model operation / Human / Loss of situational awareness|Model operation / Human / Policy misconfiguration,Knowledge analysis / Technological / Reliance on spurious features|Model operation / Human / Loss of situational awareness|Model operation / Human / Policy misconfiguration|Model training / Technological / Confidence miscalibration|Model operation / Technological / Fallback failure / controlled degradation failure,Knowledge analysis / Technological / Reliance on spurious features|Model operation / Human / Loss of situational awareness|Model operation / Human / Policy misconfiguration|Model training / Technological / Confidence miscalibration|Model operation / Technological / Fallback failure / controlled degradation failure|Model training / Technological / Selective prediction / refusal failure|Model operation / Technological / Collective robustness loss|Model training / Technological / Overfitting|Model training / Technological / Domain shift as technological robustness failure|Model training / Technological / Noise/blur/compression fragility
P4,158,18400200,True,0.03458868943310689,,,Knowledge analysis / Technological / Reliance on spurious features|Model operation / Human / Policy misconfiguration|Model training / Technological / Confidence miscalibration,Knowledge analysis / Technological / Reliance on spurious features|Model operation / Human / Policy misconfiguration|Model training / Technological / Confidence miscalibration|Model training / Technological / Selective prediction / refusal failure|Model operation / Human / Loss of situational awareness,Knowledge analysis / Technological / Reliance on spurious features|Model operation / Human / Policy misconfiguration|Model training / Technological / Confidence miscalibration|Model training / Technological / Selective prediction / refusal failure|Model operation / Human / Loss of situational awareness|Model operation / Technological / Fallback failure / controlled degradation failure|Model operation / Technological / Collective robustness loss|Model training / Technological / Domain shift as technological robustness failure|Model training / Technological / Overfitting|Model training / Technological / Noise/blur/compression fragility
P4,159,18400201,True,0.04737388531089423,,,Knowledge analysis / Technological / Reliance on spurious features|Model operation / Human / Loss of situational awareness|Model training / Technological / Selective prediction / refusal failure,Knowledge analysis / Technological / Reliance on spurious features|Model operation / Human / Loss of situational awareness|Model training / Technological / Selective prediction / refusal failure|Model training / Technological / Confidence miscalibration|Model operation / Human / Policy misconfiguration,Knowledge analysis / Technological / Reliance on spurious features|Model operation / Human / Loss of situational awareness|Model training / Technological / Selective prediction / refusal failure|Model training / Technological / Confidence miscalibration|Model operation / Human / Policy misconfiguration|Model operation / Technological / Collective robustness loss|Model operation / Technological / Fallback failure / controlled degradation failure|Model training / Technological / Domain shift as technological robustness failure|Model training / Technological / Overfitting|Knowledge analysis / Technological / Correlated errors x interaction graph omission
P4,160,18400202,True,0.07537010325830261,,,Knowledge analysis / Technological / Reliance on spurious features|Model training / Technological / Selective prediction / refusal failure|Model training / Technological / Confidence miscalibration,Knowledge analysis / Technological / Reliance on spurious features|Model training / Technological / Selective prediction / refusal failure|Model training / Technological / Confidence miscalibration|Model operation / Human / Policy misconfiguration|Model operation / Human / Loss of situational awareness,Knowledge analysis / Technological / Reliance on spurious features|Model training / Technological / Selective prediction / refusal failure|Model training / Technological / Confidence miscalibration|Model operation / Human / Policy misconfiguration|Model operation / Human / Loss of situational awareness|Model training / Technological / Domain shift as technological robustness failure|Model training / Technological / Noise/blur/compression fragility|Model training / Technological / Overfitting|Model operation / Technological / Fallback failure / controlled degradation failure|Model operation / Technological / Collective robustness loss
P4,161,18400203,True,0.04519953327960651,,,Knowledge analysis / Technological / Reliance on spurious features|Model operation / Human / Loss of situational awareness|Model training / Technological / Confidence miscalibration,Knowledge analysis / Technological / Reliance on spurious features|Model operation / Human / Loss of situational awareness|Model training / Technological / Confidence miscalibration|Model operation / Human / Policy misconfiguration|Model training / Technological / Selective prediction / refusal failure,Knowledge analysis / Technological / Reliance on spurious features|Model operation / Human / Loss of situational awareness|Model training / Technological / Confidence miscalibration|Model operation / Human / Policy misconfiguration|Model training / Technological / Selective prediction / refusal failure|Model operation / Technological / Fallback failure / controlled degradation failure|Model operation / Technological / Collective robustness loss|Model training / Technological / Noise/blur/compression fragility|Model training / Technological / Overfitting|Model training / Technological / Domain shift as technological robustness failure
P4,162,18400204,True,0.05284117086453588,,,Knowledge analysis / Technological / Reliance on spurious features|Model operation / Human / Loss of situational awareness|Model operation / Human / Policy misconfiguration,Knowledge analysis / Technological / Reliance on spurious features|Model operation / Human / Loss of situational awareness|Model operation / Human / Policy misconfiguration|Model training / Technological / Confidence miscalibration|Model training / Technological / Selective prediction / refusal failure,Knowledge analysis / Technological / Reliance on spurious features|Model operation / Human / Loss of situational awareness|Model operation / Human / Policy misconfiguration|Model training / Technological / Confidence miscalibration|Model training / Technological / Selective prediction / refusal failure|Model operation / Technological / Collective robustness loss|Model operation / Technological / Fallback failure / controlled degradation failure|Model training / Technological / Domain shift as technological robustness failure|Model training / Technological / Overfitting|Knowledge analysis / Technological / Pseudo-quantification risk
P4,163,18400205,True,0.04079620122299097,,,Knowledge analysis / Technological / Reliance on spurious features|Model operation / Human / Policy misconfiguration|Model training / Technological / Confidence miscalibration,Knowledge analysis / Technological / Reliance on spurious features|Model operation / Human / Policy misconfiguration|Model training / Technological / Confidence miscalibration|Model operation / Human / Loss of situational awareness|Model training / Technological / Selective prediction / refusal failure,Knowledge analysis / Technological / Reliance on spurious features|Model operation / Human / Policy misconfiguration|Model training / Technological / Confidence miscalibration|Model operation / Human / Loss of situational awareness|Model training / Technological / Selective prediction / refusal failure|Model operation / Technological / Collective robustness loss|Model operation / Technological / Fallback failure / controlled degradation failure|Model training / Technological / Domain shift as technological robustness failure|Model training / Technological / Overfitting|Model training / Technological / Noise/blur/compression fragility
P4,164,18400206,True,0.04203052902075101,,,Knowledge analysis / Technological / Reliance on spurious features|Model training / Technological / Confidence miscalibration|Model operation / Human / Policy misconfiguration,Knowledge analysis / Technological / Reliance on spurious features|Model training / Technological / Confidence miscalibration|Model operation / Human / Policy misconfiguration|Model operation / Human / Loss of situational awareness|Model training / Technological / Selective prediction / refusal failure,Knowledge analysis / Technological / Reliance on spurious features|Model training / Technological / Confidence miscalibration|Model operation / Human / Policy misconfiguration|Model operation / Human / Loss of situational awareness|Model training / Technological / Selective prediction / refusal failure|Model operation / Technological / Fallback failure / controlled degradation failure|Model operation / Technological / Collective robustness loss|Model training / Technological / Overfitting|Model training / Technological / Domain shift as technological robustness failure|Knowledge analysis / Technological / Pseudo-quantification risk
P4,165,18400207,True,0.06390014352045577,,,Knowledge analysis / Technological / Reliance on spurious features|Model operation / Human / Policy misconfiguration|Model operation / Human / Loss of situational awareness,Knowledge analysis / Technological / Reliance on spurious features|Model operation / Human / Policy misconfiguration|Model operation / Human / Loss of situational awareness|Model training / Technological / Confidence miscalibration|Model training / Technological / Selective prediction / refusal failure,Knowledge analysis / Technological / Reliance on spurious features|Model operation / Human / Policy misconfiguration|Model operation / Human / Loss of situational awareness|Model training / Technological / Confidence miscalibration|Model training / Technological / Selective prediction / refusal failure|Model operation / Technological / Collective robustness loss|Model operation / Technological / Fallback failure / controlled degradation failure|Model training / Technological / Overfitting|Model training / Technological / Noise/blur/compression fragility|Model training / Technological / Domain shift as technological robustness failure
P4,166,18400208,True,0.052439666500743734,,,Knowledge analysis / Technological / Reliance on spurious features|Model operation / Human / Loss of situational awareness|Model operation / Human / Policy misconfiguration,Knowledge analysis / Technological / Reliance on spurious features|Model operation / Human / Loss of situational awareness|Model operation / Human / Policy misconfiguration|Model training / Technological / Selective prediction / refusal failure|Model training / Technological / Confidence miscalibration,Knowledge analysis / Technological / Reliance on spurious features|Model operation / Human / Loss of situational awareness|Model operation / Human / Policy misconfiguration|Model training / Technological / Selective prediction / refusal failure|Model training / Technological / Confidence miscalibration|Model operation / Technological / Collective robustness loss|Model operation / Technological / Fallback failure / controlled degradation failure|Model training / Technological / Domain shift as technological robustness failure|Model training / Technological / Overfitting|Model training / Technological / Noise/blur/compression fragility
P4,167,18400209,True,0.028279164186531675,,,Knowledge analysis / Technological / Reliance on spurious features|Model training / Technological / Confidence miscalibration|Model operation / Human / Loss of situational awareness,Knowledge analysis / Technological / Reliance on spurious features|Model training / Technological / Confidence miscalibration|Model operation / Human / Loss of situational awareness|Model operation / Human / Policy misconfiguration|Model training / Technological / Selective prediction / refusal failure,Knowledge analysis / Technological / Reliance on spurious features|Model training / Technological / Confidence miscalibration|Model operation / Human / Loss of situational awareness|Model operation / Human / Policy misconfiguration|Model training / Technological / Selective prediction / refusal failure|Model operation / Technological / Collective robustness loss|Model operation / Technological / Fallback failure / controlled degradation failure|Model training / Technological / Domain shift as technological robustness failure|Model training / Technological / Noise/blur/compression fragility|Model training / Technological / Overfitting
P4,168,18400210,True,0.04564612055421849,,,Knowledge analysis / Technological / Reliance on spurious features|Model operation / Human / Loss of situational awareness|Model operation / Human / Policy misconfiguration,Knowledge analysis / Technological / Reliance on spurious features|Model operation / Human / Loss of situational awareness|Model operation / Human / Policy misconfiguration|Model training / Technological / Confidence miscalibration|Model training / Technological / Selective prediction / refusal failure,Knowledge analysis / Technological / Reliance on spurious features|Model operation / Human / Loss of situational awareness|Model operation / Human / Policy misconfiguration|Model training / Technological / Confidence miscalibration|Model training / Technological / Selective prediction / refusal failure|Model operation / Technological / Fallback failure / controlled degradation failure|Model operation / Technological / Collective robustness loss|Model training / Technological / Overfitting|Model training / Technological / Domain shift as technological robustness failure|Model training / Technological / Noise/blur/compression fragility
P4,169,18400211,True,0.049173758580298314,,,Knowledge analysis / Technological / Reliance on spurious features|Model operation / Human / Policy misconfiguration|Model training / Technological / Confidence miscalibration,Knowledge analysis / Technological / Reliance on spurious features|Model operation / Human / Policy misconfiguration|Model training / Technological / Confidence miscalibration|Model operation / Human / Loss of situational awareness|Model training / Technological / Selective prediction / refusal failure,Knowledge analysis / Technological / Reliance on spurious features|Model operation / Human / Policy misconfiguration|Model training / Technological / Confidence miscalibration|Model operation / Human / Loss of situational awareness|Model training / Technological / Selective prediction / refusal failure|Model operation / Technological / Fallback failure / controlled degradation failure|Model operation / Technological / Collective robustness loss|Model training / Technological / Domain shift as technological robustness failure|Model training / Technological / Overfitting|Model training / Technological / Noise/blur/compression fragility
P4,170,18400212,True,0.045569531255871244,,,Knowledge analysis / Technological / Reliance on spurious features|Model operation / Human / Loss of situational awareness|Model operation / Human / Policy misconfiguration,Knowledge analysis / Technological / Reliance on spurious features|Model operation / Human / Loss of situational awareness|Model operation / Human / Policy misconfiguration|Model training / Technological / Confidence miscalibration|Model training / Technological / Selective prediction / refusal failure,Knowledge analysis / Technological / Reliance on spurious features|Model operation / Human / Loss of situational awareness|Model operation / Human / Policy misconfiguration|Model training / Technological / Confidence miscalibration|Model training / Technological / Selective prediction / refusal failure|Model operation / Technological / Collective robustness loss|Model operation / Technological / Fallback failure / controlled degradation failure|Model training / Technological / Noise/blur/compression fragility|Model training / Technological / Domain shift as technological robustness failure|Model training / Technological / Overfitting
P4,171,18400213,True,0.03992332785520899,,,Knowledge analysis / Technological / Reliance on spurious features|Model operation / Human / Policy misconfiguration|Model operation / Human / Loss of situational awareness,Knowledge analysis / Technological / Reliance on spurious features|Model operation / Human / Policy misconfiguration|Model operation / Human / Loss of situational awareness|Model training / Technological / Selective prediction / refusal failure|Model training / Technological / Confidence miscalibration,Knowledge analysis / Technological / Reliance on spurious features|Model operation / Human / Policy misconfiguration|Model operation / Human / Loss of situational awareness|Model training / Technological / Selective prediction / refusal failure|Model training / Technological / Confidence miscalibration|Model operation / Technological / Fallback failure / controlled degradation failure|Model operation / Technological / Collective robustness loss|Model training / Technological / Noise/blur/compression fragility|Model training / Technological / Overfitting|Model training / Technological / Domain shift as technological robustness failure
P4,172,18400214,True,0.03471216866531525,,,Knowledge analysis / Technological / Reliance on spurious features|Model operation / Human / Loss of situational awareness|Model operation / Human / Policy misconfiguration,Knowledge analysis / Technological / Reliance on spurious features|Model operation / Human / Loss of situational awareness|Model operation / Human / Policy misconfiguration|Model training / Technological / Selective prediction / refusal failure|Model training / Technological / Confidence miscalibration,Knowledge analysis / Technological / Reliance on spurious features|Model operation / Human / Loss of situational awareness|Model operation / Human / Policy misconfiguration|Model training / Technological / Selective prediction / refusal failure|Model training / Technological / Confidence miscalibration|Model operation / Technological / Fallback failure / controlled degradation failure|Model operation / Technological / Collective robustness loss|Model training / Technological / Noise/blur/compression fragility|Model training / Technological / Overfitting|Model training / Technological / Domain shift as technological robustness failure
P4,173,18400215,True,0.047588105139020793,,,Knowledge analysis / Technological / Reliance on spurious features|Model operation / Human / Policy misconfiguration|Model operation / Human / Loss of situational awareness,Knowledge analysis / Technological / Reliance on spurious features|Model operation / Human / Policy misconfiguration|Model operation / Human / Loss of situational awareness|Model training / Technological / Selective prediction / refusal failure|Model training / Technological / Confidence miscalibration,Knowledge analysis / Technological / Reliance on spurious features|Model operation / Human / Policy misconfiguration|Model operation / Human / Loss of situational awareness|Model training / Technological / Selective prediction / refusal failure|Model training / Technological / Confidence miscalibration|Model operation / Technological / Fallback failure / controlled degradation failure|Model operation / Technological / Collective robustness loss|Model training / Technological / Noise/blur/compression fragility|Model training / Technological / Overfitting|Model training / Technological / Domain shift as technological robustness failure
P4,174,18400216,True,0.03823376491971441,,,Knowledge analysis / Technological / Reliance on spurious features|Model operation / Human / Loss of situational awareness|Model operation / Human / Policy misconfiguration,Knowledge analysis / Technological / Reliance on spurious features|Model operation / Human / Loss of situational awareness|Model operation / Human / Policy misconfiguration|Model training / Technological / Confidence miscalibration|Model training / Technological / Selective prediction / refusal failure,Knowledge analysis / Technological / Reliance on spurious features|Model operation / Human / Loss of situational awareness|Model operation / Human / Policy misconfiguration|Model training / Technological / Confidence miscalibration|Model training / Technological / Selective prediction / refusal failure|Model operation / Technological / Fallback failure / controlled degradation failure|Model operation / Technological / Collective robustness loss|Model training / Technological / Overfitting|Knowledge analysis / Technological / Correlated errors x interaction graph omission|Model training / Technological / Domain shift as technological robustness failure
P4,175,18400217,True,0.03626880731145588,,,Knowledge analysis / Technological / Reliance on spurious features|Model operation / Human / Loss of situational awareness|Model operation / Human / Policy misconfiguration,Knowledge analysis / Technological / Reliance on spurious features|Model operation / Human / Loss of situational awareness|Model operation / Human / Policy misconfiguration|Model training / Technological / Selective prediction / refusal failure|Model training / Technological / Confidence miscalibration,Knowledge analysis / Technological / Reliance on spurious features|Model operation / Human / Loss of situational awareness|Model operation / Human / Policy misconfiguration|Model training / Technological / Selective prediction / refusal failure|Model training / Technological / Confidence miscalibration|Model operation / Technological / Fallback failure / controlled degradation failure|Model operation / Technological / Collective robustness loss|Model training / Technological / Domain shift as technological robustness failure|Model training / Technological / Overfitting|Model training / Technological / Noise/blur/compression fragility
P4,176,18400218,True,0.0354433465195994,,,Knowledge analysis / Technological / Reliance on spurious features|Model operation / Human / Policy misconfiguration|Model training / Technological / Selective prediction / refusal failure,Knowledge analysis / Technological / Reliance on spurious features|Model operation / Human / Policy misconfiguration|Model training / Technological / Selective prediction / refusal failure|Model operation / Human / Loss of situational awareness|Model training / Technological / Confidence miscalibration,Knowledge analysis / Technological / Reliance on spurious features|Model operation / Human / Policy misconfiguration|Model training / Technological / Selective prediction / refusal failure|Model operation / Human / Loss of situational awareness|Model training / Technological / Confidence miscalibration|Model operation / Technological / Fallback failure / controlled degradation failure|Model operation / Technological / Collective robustness loss|Model training / Technological / Noise/blur/compression fragility|Model training / Technological / Domain shift as technological robustness failure|Model training / Technological / Overfitting
P4,177,18400219,True,0.04498192124815217,,,Knowledge analysis / Technological / Reliance on spurious features|Model operation / Human / Policy misconfiguration|Model operation / Human / Loss of situational awareness,Knowledge analysis / Technological / Reliance on spurious features|Model operation / Human / Policy misconfiguration|Model operation / Human / Loss of situational awareness|Model training / Technological / Selective prediction / refusal failure|Model training / Technological / Confidence miscalibration,Knowledge analysis / Technological / Reliance on spurious features|Model operation / Human / Policy misconfiguration|Model operation / Human / Loss of situational awareness|Model training / Technological / Selective prediction / refusal failure|Model training / Technological / Confidence miscalibration|Knowledge analysis / Technological / Spatial frame / map mismatch|Model operation / Technological / Fallback failure / controlled degradation failure|Knowledge analysis / Technological / Incorrect spatial-geometric interpretation|Knowledge analysis / Technological / Pseudo-quantification risk|Knowledge analysis / Technological / Representation mismatch for swarm needs
P4,178,18400220,True,0.03828186769169406,,,Knowledge analysis / Technological / Reliance on spurious features|Model training / Technological / Confidence miscalibration|Model operation / Human / Loss of situational awareness,Knowledge analysis / Technological / Reliance on spurious features|Model training / Technological / Confidence miscalibration|Model operation / Human / Loss of situational awareness|Model training / Technological / Selective prediction / refusal failure|Model operation / Human / Policy misconfiguration,Knowledge analysis / Technological / Reliance on spurious features|Model training / Technological / Confidence miscalibration|Model operation / Human / Loss of situational awareness|Model training / Technological / Selective prediction / refusal failure|Model operation / Human / Policy misconfiguration|Model operation / Technological / Fallback failure / controlled degradation failure|Model operation / Technological / Collective robustness loss|Model training / Technological / Domain shift as technological robustness failure|Model training / Technological / Noise/blur/compression fragility|Model training / Technological / Overfitting
P4,179,18400221,True,0.04437882769411754,,,Knowledge analysis / Technological / Reliance on spurious features|Model operation / Human / Policy misconfiguration|Model operation / Human / Loss of situational awareness,Knowledge analysis / Technological / Reliance on spurious features|Model operation / Human / Policy misconfiguration|Model operation / Human / Loss of situational awareness|Model training / Technological / Selective prediction / refusal failure|Model training / Technological / Confidence miscalibration,Knowledge analysis / Technological / Reliance on spurious features|Model operation / Human / Policy misconfiguration|Model operation / Human / Loss of situational awareness|Model training / Technological / Selective prediction / refusal failure|Model training / Technological / Confidence miscalibration|Model operation / Technological / Collective robustness loss|Model operation / Technological / Fallback failure / controlled degradation failure|Model training / Technological / Domain shift as technological robustness failure|Model training / Technological / Noise/blur/compression fragility|Knowledge analysis / Technological / Representation mismatch for swarm needs
P4,180,18400222,True,0.05363031804790747,,,Knowledge analysis / Technological / Reliance on spurious features|Model training / Technological / Selective prediction / refusal failure|Model operation / Human / Policy misconfiguration,Knowledge analysis / Technological / Reliance on spurious features|Model training / Technological / Selective prediction / refusal failure|Model operation / Human / Policy misconfiguration|Model operation / Human / Loss of situational awareness|Model training / Technological / Confidence miscalibration,Knowledge analysis / Technological / Reliance on spurious features|Model training / Technological / Selective prediction / refusal failure|Model operation / Human / Policy misconfiguration|Model operation / Human / Loss of situational awareness|Model training / Technological / Confidence miscalibration|Model operation / Technological / Collective robustness loss|Model operation / Technological / Fallback failure / controlled degradation failure|Model training / Technological / Overfitting|Model training / Technological / Domain shift as technological robustness failure|Model training / Technological / Noise/blur/compression fragility
P4,181,18400223,True,0.03696403390860645,,,Knowledge analysis / Technological / Reliance on spurious features|Model training / Technological / Selective prediction / refusal failure|Model training / Technological / Confidence miscalibration,Knowledge analysis / Technological / Reliance on spurious features|Model training / Technological / Selective prediction / refusal failure|Model training / Technological / Confidence miscalibration|Model operation / Technological / Fallback failure / controlled degradation failure|Model operation / Human / Loss of situational awareness,Knowledge analysis / Technological / Reliance on spurious features|Model training / Technological / Selective prediction / refusal failure|Model training / Technological / Confidence miscalibration|Model operation / Technological / Fallback failure / controlled degradation failure|Model operation / Human / Loss of situational awareness|Model operation / Technological / Collective robustness loss|Model operation / Human / Policy misconfiguration|Model training / Technological / Noise/blur/compression fragility|Model training / Technological / Overfitting|Model training / Technological / Domain shift as technological robustness failure
P4,182,18400224,True,0.04666310022833207,,,Knowledge analysis / Technological / Reliance on spurious features|Model training / Technological / Selective prediction / refusal failure|Model training / Technological / Confidence miscalibration,Knowledge analysis / Technological / Reliance on spurious features|Model training / Technological / Selective prediction / refusal failure|Model training / Technological / Confidence miscalibration|Model operation / Human / Loss of situational awareness|Model operation / Human / Policy misconfiguration,Knowledge analysis / Technological / Reliance on spurious features|Model training / Technological / Selective prediction / refusal failure|Model training / Technological / Confidence miscalibration|Model operation / Human / Loss of situational awareness|Model operation / Human / Policy misconfiguration|Model training / Technological / Noise/blur/compression fragility|Model training / Technological / Domain shift as technological robustness failure|Model operation / Technological / Collective robustness loss|Model training / Technological / Overfitting|Model operation / Technological / Fallback failure / controlled degradation failure
P4,183,18400225,True,0.04182312267147567,,,Knowledge analysis / Technological / Reliance on spurious features|Model training / Technological / Selective prediction / refusal failure|Model operation / Technological / Fallback failure / controlled degradation failure,Knowledge analysis / Technological / Reliance on spurious features|Model training / Technological / Selective prediction / refusal failure|Model operation / Technological / Fallback failure / controlled degradation failure|Model training / Technological / Confidence miscalibration|Model operation / Technological / Collective robustness loss,Knowledge analysis / Technological / Reliance on spurious features|Model training / Technological / Selective prediction / refusal failure|Model operation / Technological / Fallback failure / controlled degradation failure|Model training / Technological / Confidence miscalibration|Model operation / Technological / Collective robustness loss|Model operation / Human / Policy misconfiguration|Model operation / Human / Loss of situational awareness|Model training / Technological / Noise/blur/compression fragility|Model training / Technological / Overfitting|Model training / Technological / Domain shift as technological robustness failure
P4,184,18400226,True,0.03423713863330515,,,Knowledge analysis / Technological / Reliance on spurious features|Model training / Technological / Confidence miscalibration|Model operation / Human / Loss of situational awareness,Knowledge analysis / Technological / Reliance on spurious features|Model training / Technological / Confidence miscalibration|Model operation / Human / Loss of situational awareness|Model training / Technological / Selective prediction / refusal failure|Model operation / Human / Policy misconfiguration,Knowledge analysis / Technological / Reliance on spurious features|Model training / Technological / Confidence miscalibration|Model operation / Human / Loss of situational awareness|Model training / Technological / Selective prediction / refusal failure|Model operation / Human / Policy misconfiguration|Model operation / Technological / Fallback failure / controlled degradation failure|Model training / Technological / Domain shift as technological robustness failure|Model operation / Technological / Collective robustness loss|Model training / Technological / Noise/blur/compression fragility|Model training / Technological / Overfitting
P4,185,18400227,True,0.05032691856561706,,,Knowledge analysis / Technological / Reliance on spurious features|Model training / Technological / Confidence miscalibration|Model training / Technological / Selective prediction / refusal failure,Knowledge analysis / Technological / Reliance on spurious features|Model training / Technological / Confidence miscalibration|Model training / Technological / Selective prediction / refusal failure|Model operation / Human / Policy misconfiguration|Model operation / Human / Loss of situational awareness,Knowledge analysis / Technological / Reliance on spurious features|Model training / Technological / Confidence miscalibration|Model training / Technological / Selective prediction / refusal failure|Model operation / Human / Policy misconfiguration|Model operation / Human / Loss of situational awareness|Model operation / Technological / Collective robustness loss|Model training / Technological / Domain shift as technological robustness failure|Model training / Technological / Noise/blur/compression fragility|Model operation / Technological / Fallback failure / controlled degradation failure|Model training / Technological / Overfitting
P4,186,18400228,True,0.037739193693800376,,,Knowledge analysis / Technological / Reliance on spurious features|Model operation / Human / Policy misconfiguration|Model training / Technological / Confidence miscalibration,Knowledge analysis / Technological / Reliance on spurious features|Model operation / Human / Policy misconfiguration|Model training / Technological / Confidence miscalibration|Model operation / Human / Loss of situational awareness|Model training / Technological / Selective prediction / refusal failure,Knowledge analysis / Technological / Reliance on spurious features|Model operation / Human / Policy misconfiguration|Model training / Technological / Confidence miscalibration|Model operation / Human / Loss of situational awareness|Model training / Technological / Selective prediction / refusal failure|Model operation / Technological / Collective robustness loss|Model operation / Technological / Fallback failure / controlled degradation failure|Model training / Technological / Overfitting|Model training / Technological / Noise/blur/compression fragility|Model training / Technological / Domain shift as technological robustness failure
P4,187,18400229,True,0.03829325662621857,,,Knowledge analysis / Technological / Reliance on spurious features|Model training / Technological / Confidence miscalibration|Model training / Technological / Selective prediction / refusal failure,Knowledge analysis / Technological / Reliance on spurious features|Model training / Technological / Confidence miscalibration|Model training / Technological / Selective prediction / refusal failure|Model operation / Human / Policy misconfiguration|Model operation / Human / Loss of situational awareness,Knowledge analysis / Technological / Reliance on spurious features|Model training / Technological / Confidence miscalibration|Model training / Technological / Selective prediction / refusal failure|Model operation / Human / Policy misconfiguration|Model operation / Human / Loss of situational awareness|Model training / Technological / Domain shift as technological robustness failure|Model operation / Technological / Fallback failure / controlled degradation failure|Model training / Technological / Noise/blur/compression fragility|Model operation / Technological / Collective robustness loss|Model training / Technological / Overfitting
P4,188,18400230,True,0.02893734170727236,,,Knowledge analysis / Technological / Reliance on spurious features|Model operation / Human / Loss of situational awareness|Model operation / Human / Policy misconfiguration,Knowledge analysis / Technological / Reliance on spurious features|Model operation / Human / Loss of situational awareness|Model operation / Human / Policy misconfiguration|Model training / Technological / Selective prediction / refusal failure|Model training / Technological / Confidence miscalibration,Knowledge analysis / Technological / Reliance on spurious features|Model operation / Human / Loss of situational awareness|Model operation / Human / Policy misconfiguration|Model training / Technological / Selective prediction / refusal failure|Model training / Technological / Confidence miscalibration|Model operation / Technological / Fallback failure / controlled degradation failure|Model operation / Technological / Collective robustness loss|Model training / Technological / Noise/blur/compression fragility|Model training / Technological / Domain shift as technological robustness failure|Knowledge analysis / Technological / Spatial frame / map mismatch
P4,189,18400231,True,0.04862081184586781,,,Knowledge analysis / Technological / Reliance on spurious features|Model operation / Human / Loss of situational awareness|Model operation / Human / Policy misconfiguration,Knowledge analysis / Technological / Reliance on spurious features|Model operation / Human / Loss of situational awareness|Model operation / Human / Policy misconfiguration|Model training / Technological / Selective prediction / refusal failure|Model training / Technological / Confidence miscalibration,Knowledge analysis / Technological / Reliance on spurious features|Model operation / Human / Loss of situational awareness|Model operation / Human / Policy misconfiguration|Model training / Technological / Selective prediction / refusal failure|Model training / Technological / Confidence miscalibration|Model operation / Technological / Collective robustness loss|Model operation / Technological / Fallback failure / controlled degradation failure|Model training / Technological / Domain shift as technological robustness failure|Model training / Technological / Overfitting|Knowledge analysis / Technological / Pseudo-quantification risk
P4,190,18400232,True,0.042446069383318186,,,Knowledge analysis / Technological / Reliance on spurious features|Model operation / Human / Loss of situational awareness|Model training / Technological / Selective prediction / refusal failure,Knowledge analysis / Technological / Reliance on spurious features|Model operation / Human / Loss of situational awareness|Model training / Technological / Selective prediction / refusal failure|Model operation / Human / Policy misconfiguration|Model training / Technological / Confidence miscalibration,Knowledge analysis / Technological / Reliance on spurious features|Model operation / Human / Loss of situational awareness|Model training / Technological / Selective prediction / refusal failure|Model operation / Human / Policy misconfiguration|Model training / Technological / Confidence miscalibration|Model operation / Technological / Fallback failure / controlled degradation failure|Model operation / Technological / Collective robustness loss|Model training / Technological / Domain shift as technological robustness failure|Model training / Technological / Noise/blur/compression fragility|Model training / Technological / Overfitting
P4,191,18400233,True,0.03420483654706572,,,Knowledge analysis / Technological / Reliance on spurious features|Model operation / Human / Loss of situational awareness|Model operation / Human / Policy misconfiguration,Knowledge analysis / Technological / Reliance on spurious features|Model operation / Human / Loss of situational awareness|Model operation / Human / Policy misconfiguration|Model training / Technological / Confidence miscalibration|Model training / Technological / Selective prediction / refusal failure,Knowledge analysis / Technological / Reliance on spurious features|Model operation / Human / Loss of situational awareness|Model operation / Human / Policy misconfiguration|Model training / Technological / Confidence miscalibration|Model training / Technological / Selective prediction / refusal failure|Model operation / Technological / Collective robustness loss|Model operation / Technological / Fallback failure / controlled degradation failure|Model training / Technological / Overfitting|Model training / Technological / Noise/blur/compression fragility|Knowledge analysis / Technological / Correlated errors x interaction graph omission
P4,192,18400234,True,0.03618860416496709,,,Knowledge analysis / Technological / Reliance on spurious features|Model operation / Human / Loss of situational awareness|Model training / Technological / Confidence miscalibration,Knowledge analysis / Technological / Reliance on spurious features|Model operation / Human / Loss of situational awareness|Model training / Technological / Confidence miscalibration|Model operation / Human / Policy misconfiguration|Model training / Technological / Selective prediction / refusal failure,Knowledge analysis / Technological / Reliance on spurious features|Model operation / Human / Loss of situational awareness|Model training / Technological / Confidence miscalibration|Model operation / Human / Policy misconfiguration|Model training / Technological / Selective prediction / refusal failure|Model operation / Technological / Collective robustness loss|Model operation / Technological / Fallback failure / controlled degradation failure|Model training / Technological / Overfitting|Model training / Technological / Domain shift as technological robustness failure|Knowledge analysis / Technological / Pseudo-quantification risk
P4,193,18400235,True,0.07471136854738808,,,Knowledge analysis / Technological / Reliance on spurious features|Model operation / Human / Policy misconfiguration|Model operation / Human / Loss of situational awareness,Knowledge analysis / Technological / Reliance on spurious features|Model operation / Human / Policy misconfiguration|Model operation / Human / Loss of situational awareness|Model training / Technological / Confidence miscalibration|Model training / Technological / Selective prediction / refusal failure,Knowledge analysis / Technological / Reliance on spurious features|Model operation / Human / Policy misconfiguration|Model operation / Human / Loss of situational awareness|Model training / Technological / Confidence miscalibration|Model training / Technological / Selective prediction / refusal failure|Model operation / Technological / Fallback failure / controlled degradation failure|Model operation / Technological / Collective robustness loss|Knowledge analysis / Technological / Representation mismatch for swarm needs|Model training / Technological / Domain shift as technological robustness failure|Model training / Technological / Noise/blur/compression fragility
P4,194,18400236,True,0.044411026911533674,,,Knowledge analysis / Technological / Reliance on spurious features|Model operation / Human / Loss of situational awareness|Model training / Technological / Confidence miscalibration,Knowledge analysis / Technological / Reliance on spurious features|Model operation / Human / Loss of situational awareness|Model training / Technological / Confidence miscalibration|Model operation / Human / Policy misconfiguration|Model training / Technological / Selective prediction / refusal failure,Knowledge analysis / Technological / Reliance on spurious features|Model operation / Human / Loss of situational awareness|Model training / Technological / Confidence miscalibration|Model operation / Human / Policy misconfiguration|Model training / Technological / Selective prediction / refusal failure|Model operation / Technological / Fallback failure / controlled degradation failure|Model operation / Technological / Collective robustness loss|Model training / Technological / Overfitting|Model training / Technological / Domain shift as technological robustness failure|Model training / Technological / Noise/blur/compression fragility
P4,195,18400237,True,0.0467408344735155,,,Knowledge analysis / Technological / Reliance on spurious features|Model operation / Human / Loss of situational awareness|Model training / Technological / Selective prediction / refusal failure,Knowledge analysis / Technological / Reliance on spurious features|Model operation / Human / Loss of situational awareness|Model training / Technological / Selective prediction / refusal failure|Model operation / Human / Policy misconfiguration|Model training / Technological / Confidence miscalibration,Knowledge analysis / Technological / Reliance on spurious features|Model operation / Human / Loss of situational awareness|Model training / Technological / Selective prediction / refusal failure|Model operation / Human / Policy misconfiguration|Model training / Technological / Confidence miscalibration|Model operation / Technological / Collective robustness loss|Model operation / Technological / Fallback failure / controlled degradation failure|Model training / Technological / Noise/blur/compression fragility|Knowledge analysis / Technological / Pseudo-quantification risk|Model training / Technological / Domain shift as technological robustness failure
P4,196,18400238,True,0.034144193670610876,,,Knowledge analysis / Technological / Reliance on spurious features|Model operation / Human / Policy misconfiguration|Model operation / Human / Loss of situational awareness,Knowledge analysis / Technological / Reliance on spurious features|Model operation / Human / Policy misconfiguration|Model operation / Human / Loss of situational awareness|Model training / Technological / Selective prediction / refusal failure|Model training / Technological / Confidence miscalibration,Knowledge analysis / Technological / Reliance on spurious features|Model operation / Human / Policy misconfiguration|Model operation / Human / Loss of situational awareness|Model training / Technological / Selective prediction / refusal failure|Model training / Technological / Confidence miscalibration|Model operation / Technological / Fallback failure / controlled degradation failure|Model operation / Technological / Collective robustness loss|Model training / Technological / Domain shift as technological robustness failure|Model training / Technological / Noise/blur/compression fragility|Model training / Technological / Overfitting
P4,197,18400239,True,0.04003693554921609,,,Knowledge analysis / Technological / Reliance on spurious features|Model operation / Human / Loss of situational awareness|Model operation / Human / Policy misconfiguration,Knowledge analysis / Technological / Reliance on spurious features|Model operation / Human / Loss of situational awareness|Model operation / Human / Policy misconfiguration|Model training / Technological / Selective prediction / refusal failure|Model training / Technological / Confidence miscalibration,Knowledge analysis / Technological / Reliance on spurious features|Model operation / Human / Loss of situational awareness|Model operation / Human / Policy misconfiguration|Model training / Technological / Selective prediction / refusal failure|Model training / Technological / Confidence miscalibration|Model training / Technological / Overfitting|Model training / Technological / Domain shift as technological robustness failure|Knowledge analysis / Technological / Representation mismatch for swarm needs|Model operation / Technological / Fallback failure / controlled degradation failure|Model training / Technological / Noise/blur/compression fragility
P4,198,18400240,True,0.04628182095504508,,,Knowledge analysis / Technological / Reliance on spurious features|Model operation / Human / Loss of situational awareness|Model operation / Human / Policy misconfiguration,Knowledge analysis / Technological / Reliance on spurious features|Model operation / Human / Loss of situational awareness|Model operation / Human / Policy misconfiguration|Model training / Technological / Confidence miscalibration|Model training / Technological / Selective prediction / refusal failure,Knowledge analysis / Technological / Reliance on spurious features|Model operation / Human / Loss of situational awareness|Model operation / Human / Policy misconfiguration|Model training / Technological / Confidence miscalibration|Model training / Technological / Selective prediction / refusal failure|Model operation / Technological / Fallback failure / controlled degradation failure|Model operation / Technological / Collective robustness loss|Model training / Technological / Noise/blur/compression fragility|Model training / Technological / Overfitting|Knowledge analysis / Technological / Incorrect spatial-geometric interpretation
P4,199,18400241,True,0.030937573383631817,,,Knowledge analysis / Technological / Reliance on spurious features|Model training / Technological / Confidence miscalibration|Model training / Technological / Selective prediction / refusal failure,Knowledge analysis / Technological / Reliance on spurious features|Model training / Technological / Confidence miscalibration|Model training / Technological / Selective prediction / refusal failure|Model operation / Human / Policy misconfiguration|Model operation / Human / Loss of situational awareness,Knowledge analysis / Technological / Reliance on spurious features|Model training / Technological / Confidence miscalibration|Model training / Technological / Selective prediction / refusal failure|Model operation / Human / Policy misconfiguration|Model operation / Human / Loss of situational awareness|Model training / Technological / Domain shift as technological robustness failure|Model training / Technological / Overfitting|Knowledge analysis / Technological / Pseudo-quantification risk|Model training / Technological / Noise/blur/compression fragility|Model operation / Technological / Fallback failure / controlled degradation failure
