profile_id,sample_index,sample_seed,accepted,max_cr,offending_paths,error,top3,top5,top10
P2,0,18000042,True,0.07605026451653832,,,Model operation / Technological / Cascading error propagation|Knowledge analysis / Technological / Incorrect spatial-geometric interpretation|Model operation / Human / Loss of situational awareness,Model operation / Technological / Cascading error propagation|Knowledge analysis / Technological / Incorrect spatial-geometric interpretation|Model operation / Human / Loss of situational awareness|Model operation / Technological / Concept drift|Model operation / Technological / Sensor artifacts,Model operation / Technological / Cascading error propagation|Knowledge analysis / Technological / Incorrect spatial-geometric interpretation|Model operation / Human / Loss of situational awareness|Model operation / Technological / Concept drift|Model operation / Technological / Sensor artifacts|Model Training / Technological / Confabulations|Model Training / Technological / Confidence miscalibration|Model Training / Technological / Overfitting|Knowledge selection / Human / Data representativeness|Knowledge selection / Human / Dataset bias
P2,1,18000043,True,0.02836870321888947,,,Model operation / Technological / Cascading error propagation|Knowledge analysis / Technological / Incorrect spatial-geometric interpretation|Model operation / Human / Loss of situational awareness,Model operation / Technological / Cascading error propagation|Knowledge analysis / Technological / Incorrect spatial-geometric interpretation|Model operation / Human / Loss of situational awareness|Model Training / Technological / Confidence miscalibration|Model Training / Technological / Overfitting,Model operation / Technological / Cascading error propagation|Knowledge analysis / Technological / Incorrect spatial-geometric interpretation|Model operation / Human / Loss of situational awareness|Model Training / Technological / Confidence miscalibration|Model Training / Technological / Overfitting|Model operation / Technological / Sensor artifacts|Model operation / Technological / Concept drift|Knowledge selection / Human / Dataset bias|Model Training / Technological / Confabulations|Knowledge selection / Human / Data representativeness
P2,2,18000044,True,0.09904794375569952,,,Model operation / Technological / Cascading error propagation|Model operation / Human / Loss of situational awareness|Knowledge analysis / Technological / Incorrect spatial-geometric interpretation,Model operation / Technological / Cascading error propagation|Model operation / Human / Loss of situational awareness|Knowledge analysis / Technological / Incorrect spatial-geometric interpretation|Model operation / Technological / Concept drift|Model operation / Technological / Sensor artifacts,Model operation / Technological / Cascading error propagation|Model operation / Human / Loss of situational awareness|Knowledge analysis / Technological / Incorrect spatial-geometric interpretation|Model operation / Technological / Concept drift|Model operation / Technological / Sensor artifacts|Model Training / Technological / Overfitting|Model Training / Technological / Confabulations|Model Training / Technological / Confidence miscalibration|Knowledge selection / Human / Data representativeness|Knowledge selection / Human / Dataset bias
P2,3,18000045,True,0.026979104447133966,,,Model operation / Technological / Cascading error propagation|Model Training / Technological / Confidence miscalibration|Knowledge analysis / Technological / Incorrect spatial-geometric interpretation,Model operation / Technological / Cascading error propagation|Model Training / Technological / Confidence miscalibration|Knowledge analysis / Technological / Incorrect spatial-geometric interpretation|Model Training / Technological / Confabulations|Model operation / Human / Loss of situational awareness,Model operation / Technological / Cascading error propagation|Model Training / Technological / Confidence miscalibration|Knowledge analysis / Technological / Incorrect spatial-geometric interpretation|Model Training / Technological / Confabulations|Model operation / Human / Loss of situational awareness|Model Training / Technological / Overfitting|Model operation / Technological / Concept drift|Model operation / Technological / Sensor artifacts|Knowledge selection / Human / Data representativeness|Knowledge selection / Human / Dataset bias
P2,4,18000046,True,0.030911127057136382,,,Model operation / Technological / Cascading error propagation|Knowledge analysis / Technological / Incorrect spatial-geometric interpretation|Model Training / Technological / Confabulations,Model operation / Technological / Cascading error propagation|Knowledge analysis / Technological / Incorrect spatial-geometric interpretation|Model Training / Technological / Confabulations|Model Training / Technological / Confidence miscalibration|Model Training / Technological / Overfitting,Model operation / Technological / Cascading error propagation|Knowledge analysis / Technological / Incorrect spatial-geometric interpretation|Model Training / Technological / Confabulations|Model Training / Technological / Confidence miscalibration|Model Training / Technological / Overfitting|Model operation / Human / Loss of situational awareness|Model operation / Technological / Sensor artifacts|Model operation / Technological / Concept drift|Knowledge selection / Human / Data representativeness|Knowledge selection / Human / Dataset bias
P2,5,18000047,True,0.08614937744557453,,,Model operation / Technological / Cascading error propagation|Knowledge analysis / Technological / Incorrect spatial-geometric interpretation|Model Training / Technological / Confidence miscalibration,Model operation / Technological / Cascading error propagation|Knowledge analysis / Technological / Incorrect spatial-geometric interpretation|Model Training / Technological / Confidence miscalibration|Model Training / Technological / Confabulations|Model operation / Human / Loss of situational awareness,Model operation / Technological / Cascading error propagation|Knowledge analysis / Technological / Incorrect spatial-geometric interpretation|Model Training / Technological / Confidence miscalibration|Model Training / Technological / Confabulations|Model operation / Human / Loss of situational awareness|Model Training / Technological / Overfitting|Model operation / Technological / Sensor artifacts|Model operation / Technological / Concept drift|Knowledge selection / Human / Dataset bias|Knowledge selection / Human / Data representativeness
P2,6,18000048,True,0.06871020750789825,,,Model operation / Technological / Cascading error propagation|Knowledge analysis / Technological / Incorrect spatial-geometric interpretation|Model operation / Human / Loss of situational awareness,Model operation / Technological / Cascading error propagation|Knowledge analysis / Technological / Incorrect spatial-geometric interpretation|Model operation / Human / Loss of situational awareness|Model Training / Technological / Confabulations|Model operation / Technological / Sensor artifacts,Model operation / Technological / Cascading error propagation|Knowledge analysis / Technological / Incorrect spatial-geometric interpretation|Model operation / Human / Loss of situational awareness|Model Training / Technological / Confabulations|Model operation / Technological / Sensor artifacts|Model operation / Technological / Concept drift|Model Training / Technological / Overfitting|Model Training / Technological / Confidence miscalibration|Knowledge selection / Human / Dataset bias|Knowledge selection / Human / Data representativeness
P2,7,18000049,True,0.043369923287980075,,,Model operation / Technological / Cascading error propagation|Model operation / Human / Loss of situational awareness|Knowledge analysis / Technological / Incorrect spatial-geometric interpretation,Model operation / Technological / Cascading error propagation|Model operation / Human / Loss of situational awareness|Knowledge analysis / Technological / Incorrect spatial-geometric interpretation|Model Training / Technological / Overfitting|Model Training / Technological / Confabulations,Model operation / Technological / Cascading error propagation|Model operation / Human / Loss of situational awareness|Knowledge analysis / Technological / Incorrect spatial-geometric interpretation|Model Training / Technological / Overfitting|Model Training / Technological / Confabulations|Model Training / Technological / Confidence miscalibration|Model operation / Technological / Concept drift|Model operation / Technological / Sensor artifacts|Knowledge selection / Human / Data representativeness|Knowledge selection / Human / Dataset bias
P2,8,18000050,True,0.01266555889912683,,,Model operation / Technological / Cascading error propagation|Knowledge analysis / Technological / Incorrect spatial-geometric interpretation|Model operation / Human / Loss of situational awareness,Model operation / Technological / Cascading error propagation|Knowledge analysis / Technological / Incorrect spatial-geometric interpretation|Model operation / Human / Loss of situational awareness|Model operation / Technological / Sensor artifacts|Model operation / Technological / Concept drift,Model operation / Technological / Cascading error propagation|Knowledge analysis / Technological / Incorrect spatial-geometric interpretation|Model operation / Human / Loss of situational awareness|Model operation / Technological / Sensor artifacts|Model operation / Technological / Concept drift|Model Training / Technological / Overfitting|Model Training / Technological / Confabulations|Model Training / Technological / Confidence miscalibration|Knowledge selection / Human / Data representativeness|Knowledge selection / Human / Dataset bias
P2,9,18000051,True,0.0671439345724653,,,Model operation / Technological / Cascading error propagation|Model Training / Technological / Confabulations|Knowledge analysis / Technological / Incorrect spatial-geometric interpretation,Model operation / Technological / Cascading error propagation|Model Training / Technological / Confabulations|Knowledge analysis / Technological / Incorrect spatial-geometric interpretation|Model Training / Technological / Confidence miscalibration|Model Training / Technological / Overfitting,Model operation / Technological / Cascading error propagation|Model Training / Technological / Confabulations|Knowledge analysis / Technological / Incorrect spatial-geometric interpretation|Model Training / Technological / Confidence miscalibration|Model Training / Technological / Overfitting|Model operation / Human / Loss of situational awareness|Model operation / Technological / Concept drift|Model operation / Technological / Sensor artifacts|Knowledge selection / Human / Dataset bias|Knowledge selection / Human / Data representativeness
P2,10,18000052,True,0.029113174610953793,,,Model operation / Technological / Cascading error propagation|Model operation / Human / Loss of situational awareness|Knowledge analysis / Technological / Incorrect spatial-geometric interpretation,Model operation / Technological / Cascading error propagation|Model operation / Human / Loss of situational awareness|Knowledge analysis / Technological / Incorrect spatial-geometric interpretation|Model Training / Technological / Overfitting|Model Training / Technological / Confabulations,Model operation / Technological / Cascading error propagation|Model operation / Human / Loss of situational awareness|Knowledge analysis / Technological / Incorrect spatial-geometric interpretation|Model Training / Technological / Overfitting|Model Training / Technological / Confabulations|Model Training / Technological / Confidence miscalibration|Model operation / Technological / Concept drift|Model operation / Technological / Sensor artifacts|Knowledge selection / Human / Dataset bias|Knowledge selection / Human / Data representativeness
P2,11,18000053,True,0.07485945849274257,,,Model operation / Technological / Cascading error propagation|Model Training / Technological / Confidence miscalibration|Knowledge analysis / Technological / Incorrect spatial-geometric interpretation,Model operation / Technological / Cascading error propagation|Model Training / Technological / Confidence miscalibration|Knowledge analysis / Technological / Incorrect spatial-geometric interpretation|Model operation / Technological / Sensor artifacts|Model operation / Human / Loss of situational awareness,Model operation / Technological / Cascading error propagation|Model Training / Technological / Confidence miscalibration|Knowledge analysis / Technological / Incorrect spatial-geometric interpretation|Model operation / Technological / Sensor artifacts|Model operation / Human / Loss of situational awareness|Model Training / Technological / Confabulations|Model operation / Technological / Concept drift|Model Training / Technological / Overfitting|Knowledge selection / Human / Dataset bias|Knowledge selection / Human / Data representativeness
P2,12,18000054,True,0.027415120415430237,,,Model operation / Technological / Cascading error propagation|Knowledge analysis / Technological / Incorrect spatial-geometric interpretation|Model Training / Technological / Confabulations,Model operation / Technological / Cascading error propagation|Knowledge analysis / Technological / Incorrect spatial-geometric interpretation|Model Training / Technological / Confabulations|Model operation / Human / Loss of situational awareness|Model Training / Technological / Confidence miscalibration,Model operation / Technological / Cascading error propagation|Knowledge analysis / Technological / Incorrect spatial-geometric interpretation|Model Training / Technological / Confabulations|Model operation / Human / Loss of situational awareness|Model Training / Technological / Confidence miscalibration|Model Training / Technological / Overfitting|Model operation / Technological / Sensor artifacts|Model operation / Technological / Concept drift|Knowledge selection / Human / Dataset bias|Knowledge selection / Human / Data representativeness
P2,13,18000055,True,0.046225496447392135,,,Model operation / Technological / Cascading error propagation|Knowledge analysis / Technological / Incorrect spatial-geometric interpretation|Model operation / Technological / Concept drift,Model operation / Technological / Cascading error propagation|Knowledge analysis / Technological / Incorrect spatial-geometric interpretation|Model operation / Technological / Concept drift|Model operation / Human / Loss of situational awareness|Model Training / Technological / Overfitting,Model operation / Technological / Cascading error propagation|Knowledge analysis / Technological / Incorrect spatial-geometric interpretation|Model operation / Technological / Concept drift|Model operation / Human / Loss of situational awareness|Model Training / Technological / Overfitting|Model Training / Technological / Confabulations|Model Training / Technological / Confidence miscalibration|Model operation / Technological / Sensor artifacts|Knowledge selection / Human / Dataset bias|Knowledge selection / Human / Data representativeness
P2,14,18000056,True,0.015283280493054439,,,Model operation / Technological / Cascading error propagation|Knowledge analysis / Technological / Incorrect spatial-geometric interpretation|Model operation / Human / Loss of situational awareness,Model operation / Technological / Cascading error propagation|Knowledge analysis / Technological / Incorrect spatial-geometric interpretation|Model operation / Human / Loss of situational awareness|Model Training / Technological / Overfitting|Model Training / Technological / Confabulations,Model operation / Technological / Cascading error propagation|Knowledge analysis / Technological / Incorrect spatial-geometric interpretation|Model operation / Human / Loss of situational awareness|Model Training / Technological / Overfitting|Model Training / Technological / Confabulations|Model Training / Technological / Confidence miscalibration|Model operation / Technological / Sensor artifacts|Model operation / Technological / Concept drift|Knowledge selection / Human / Dataset bias|Knowledge selection / Human / Data representativeness
P2,15,18000057,True,0.030911127057135397,,,Model operation / Technological / Cascading error propagation|Knowledge analysis / Technological / Incorrect spatial-geometric interpretation|Model Training / Technological / Overfitting,Model operation / Technological / Cascading error propagation|Knowledge analysis / Technological / Incorrect spatial-geometric interpretation|Model Training / Technological / Overfitting|Model Training / Technological / Confabulations|Model Training / Technological / Confidence miscalibration,Model operation / Technological / Cascading error propagation|Knowledge analysis / Technological / Incorrect spatial-geometric interpretation|Model Training / Technological / Overfitting|Model Training / Technological / Confabulations|Model Training / Technological / Confidence miscalibration|Model operation / Human / Loss of situational awareness|Model operation / Technological / Sensor artifacts|Model operation / Technological / Concept drift|Knowledge selection / Human / Data representativeness|Knowledge selection / Human / Dataset bias
P2,16,18000058,False,0.11690590056727565,Model operation / Technological,,Model operation / Technological / Cascading error propagation|Knowledge analysis / Technological / Incorrect spatial-geometric interpretation|Model operation / Technological / Concept drift,Model operation / Technological / Cascading error propagation|Knowledge analysis / Technological / Incorrect spatial-geometric interpretation|Model operation / Technological / Concept drift|Model operation / Human / Loss of situational awareness|Model operation / Technological / Sensor artifacts,Model operation / Technological / Cascading error propagation|Knowledge analysis / Technological / Incorrect spatial-geometric interpretation|Model operation / Technological / Concept drift|Model operation / Human / Loss of situational awareness|Model operation / Technological / Sensor artifacts|Model Training / Technological / Confabulations|Model Training / Technological / Confidence miscalibration|Model Training / Technological / Overfitting|Knowledge selection / Human / Data representativeness|Knowledge selection / Human / Dataset bias
P2,17,18000059,True,0.030020972907064854,,,Model operation / Technological / Cascading error propagation|Model operation / Human / Loss of situational awareness|Knowledge analysis / Technological / Incorrect spatial-geometric interpretation,Model operation / Technological / Cascading error propagation|Model operation / Human / Loss of situational awareness|Knowledge analysis / Technological / Incorrect spatial-geometric interpretation|Model Training / Technological / Confabulations|Model operation / Technological / Concept drift,Model operation / Technological / Cascading error propagation|Model operation / Human / Loss of situational awareness|Knowledge analysis / Technological / Incorrect spatial-geometric interpretation|Model Training / Technological / Confabulations|Model operation / Technological / Concept drift|Model operation / Technological / Sensor artifacts|Model Training / Technological / Overfitting|Model Training / Technological / Confidence miscalibration|Knowledge selection / Human / Dataset bias|Knowledge selection / Human / Data representativeness
P2,18,18000060,True,0.03797842828245991,,,Model operation / Technological / Cascading error propagation|Model operation / Human / Loss of situational awareness|Knowledge analysis / Technological / Incorrect spatial-geometric interpretation,Model operation / Technological / Cascading error propagation|Model operation / Human / Loss of situational awareness|Knowledge analysis / Technological / Incorrect spatial-geometric interpretation|Model Training / Technological / Confabulations|Model Training / Technological / Confidence miscalibration,Model operation / Technological / Cascading error propagation|Model operation / Human / Loss of situational awareness|Knowledge analysis / Technological / Incorrect spatial-geometric interpretation|Model Training / Technological / Confabulations|Model Training / Technological / Confidence miscalibration|Model operation / Technological / Sensor artifacts|Model Training / Technological / Overfitting|Model operation / Technological / Concept drift|Knowledge selection / Human / Dataset bias|Knowledge selection / Human / Data representativeness
P2,19,18000061,True,0.016774138170469282,,,Model operation / Technological / Cascading error propagation|Model operation / Human / Loss of situational awareness|Knowledge analysis / Technological / Incorrect spatial-geometric interpretation,Model operation / Technological / Cascading error propagation|Model operation / Human / Loss of situational awareness|Knowledge analysis / Technological / Incorrect spatial-geometric interpretation|Model Training / Technological / Overfitting|Model Training / Technological / Confabulations,Model operation / Technological / Cascading error propagation|Model operation / Human / Loss of situational awareness|Knowledge analysis / Technological / Incorrect spatial-geometric interpretation|Model Training / Technological / Overfitting|Model Training / Technological / Confabulations|Model operation / Technological / Sensor artifacts|Model Training / Technological / Confidence miscalibration|Model operation / Technological / Concept drift|Knowledge selection / Human / Dataset bias|Knowledge selection / Human / Data representativeness
P2,20,18000062,True,0.06337372885632041,,,Model operation / Technological / Cascading error propagation|Knowledge analysis / Technological / Incorrect spatial-geometric interpretation|Model Training / Technological / Confabulations,Model operation / Technological / Cascading error propagation|Knowledge analysis / Technological / Incorrect spatial-geometric interpretation|Model Training / Technological / Confabulations|Model Training / Technological / Overfitting|Model Training / Technological / Confidence miscalibration,Model operation / Technological / Cascading error propagation|Knowledge analysis / Technological / Incorrect spatial-geometric interpretation|Model Training / Technological / Confabulations|Model Training / Technological / Overfitting|Model Training / Technological / Confidence miscalibration|Model operation / Human / Loss of situational awareness|Model operation / Technological / Sensor artifacts|Model operation / Technological / Concept drift|Knowledge selection / Human / Dataset bias|Knowledge selection / Human / Data representativeness
P2,21,18000063,True,0.08569808980945146,,,Model operation / Technological / Cascading error propagation|Knowledge analysis / Technological / Incorrect spatial-geometric interpretation|Model operation / Human / Loss of situational awareness,Model operation / Technological / Cascading error propagation|Knowledge analysis / Technological / Incorrect spatial-geometric interpretation|Model operation / Human / Loss of situational awareness|Model Training / Technological / Confabulations|Model operation / Technological / Sensor artifacts,Model operation / Technological / Cascading error propagation|Knowledge analysis / Technological / Incorrect spatial-geometric interpretation|Model operation / Human / Loss of situational awareness|Model Training / Technological / Confabulations|Model operation / Technological / Sensor artifacts|Model operation / Technological / Concept drift|Model Training / Technological / Overfitting|Model Training / Technological / Confidence miscalibration|Knowledge selection / Human / Data representativeness|Knowledge selection / Human / Dataset bias
P2,22,18000064,True,0.0462254964473906,,,Model operation / Technological / Cascading error propagation|Knowledge analysis / Technological / Incorrect spatial-geometric interpretation|Model operation / Human / Loss of situational awareness,Model operation / Technological / Cascading error propagation|Knowledge analysis / Technological / Incorrect spatial-geometric interpretation|Model operation / Human / Loss of situational awareness|Model operation / Technological / Sensor artifacts|Model Training / Technological / Confidence miscalibration,Model operation / Technological / Cascading error propagation|Knowledge analysis / Technological / Incorrect spatial-geometric interpretation|Model operation / Human / Loss of situational awareness|Model operation / Technological / Sensor artifacts|Model Training / Technological / Confidence miscalibration|Model Training / Technological / Overfitting|Model Training / Technological / Confabulations|Model operation / Technological / Concept drift|Knowledge selection / Human / Data representativeness|Knowledge selection / Human / Dataset bias
P2,23,18000065,True,0.08614937744557377,,,Model operation / Technological / Cascading error propagation|Model operation / Technological / Sensor artifacts|Model operation / Human / Loss of situational awareness,Model operation / Technological / Cascading error propagation|Model operation / Technological / Sensor artifacts|Model operation / Human / Loss of situational awareness|Knowledge analysis / Technological / Incorrect spatial-geometric interpretation|Model Training / Technological / Confabulations,Model operation / Technological / Cascading error propagation|Model operation / Technological / Sensor artifacts|Model operation / Human / Loss of situational awareness|Knowledge analysis / Technological / Incorrect spatial-geometric interpretation|Model Training / Technological / Confabulations|Model Training / Technological / Overfitting|Model Training / Technological / Confidence miscalibration|Model operation / Technological / Concept drift|Knowledge selection / Human / Dataset bias|Knowledge selection / Human / Data representativeness
P2,24,18000066,False,0.11463774720924746,,,Model operation / Technological / Cascading error propagation|Knowledge analysis / Technological / Incorrect spatial-geometric interpretation|Model operation / Human / Loss of situational awareness,Model operation / Technological / Cascading error propagation|Knowledge analysis / Technological / Incorrect spatial-geometric interpretation|Model operation / Human / Loss of situational awareness|Model Training / Technological / Overfitting|Model Training / Technological / Confabulations,Model operation / Technological / Cascading error propagation|Knowledge analysis / Technological / Incorrect spatial-geometric interpretation|Model operation / Human / Loss of situational awareness|Model Training / Technological / Overfitting|Model Training / Technological / Confabulations|Model operation / Technological / Sensor artifacts|Model operation / Technological / Concept drift|Model Training / Technological / Confidence miscalibration|Knowledge selection / Human / Data representativeness|Knowledge selection / Human / Dataset bias
P2,25,18000067,True,0.0032676993178970943,,,Model operation / Technological / Cascading error propagation|Knowledge analysis / Technological / Incorrect spatial-geometric interpretation|Model operation / Human / Loss of situational awareness,Model operation / Technological / Cascading error propagation|Knowledge analysis / Technological / Incorrect spatial-geometric interpretation|Model operation / Human / Loss of situational awareness|Model Training / Technological / Confidence miscalibration|Model Training / Technological / Confabulations,Model operation / Technological / Cascading error propagation|Knowledge analysis / Technological / Incorrect spatial-geometric interpretation|Model operation / Human / Loss of situational awareness|Model Training / Technological / Confidence miscalibration|Model Training / Technological / Confabulations|Model Training / Technological / Overfitting|Model operation / Technological / Concept drift|Model operation / Technological / Sensor artifacts|Knowledge selection / Human / Dataset bias|Knowledge selection / Human / Data representativeness
P2,26,18000068,True,0.06337372885632118,,,Model operation / Technological / Cascading error propagation|Model operation / Human / Loss of situational awareness|Knowledge analysis / Technological / Incorrect spatial-geometric interpretation,Model operation / Technological / Cascading error propagation|Model operation / Human / Loss of situational awareness|Knowledge analysis / Technological / Incorrect spatial-geometric interpretation|Model Training / Technological / Overfitting|Model operation / Technological / Sensor artifacts,Model operation / Technological / Cascading error propagation|Model operation / Human / Loss of situational awareness|Knowledge analysis / Technological / Incorrect spatial-geometric interpretation|Model Training / Technological / Overfitting|Model operation / Technological / Sensor artifacts|Model Training / Technological / Confabulations|Model Training / Technological / Confidence miscalibration|Model operation / Technological / Concept drift|Knowledge selection / Human / Data representativeness|Knowledge selection / Human / Dataset bias
P2,27,18000069,True,0.0323970783132626,,,Model operation / Technological / Cascading error propagation|Knowledge analysis / Technological / Incorrect spatial-geometric interpretation|Model operation / Human / Loss of situational awareness,Model operation / Technological / Cascading error propagation|Knowledge analysis / Technological / Incorrect spatial-geometric interpretation|Model operation / Human / Loss of situational awareness|Model Training / Technological / Confabulations|Model Training / Technological / Confidence miscalibration,Model operation / Technological / Cascading error propagation|Knowledge analysis / Technological / Incorrect spatial-geometric interpretation|Model operation / Human / Loss of situational awareness|Model Training / Technological / Confabulations|Model Training / Technological / Confidence miscalibration|Model Training / Technological / Overfitting|Model operation / Technological / Sensor artifacts|Model operation / Technological / Concept drift|Knowledge selection / Human / Data representativeness|Knowledge selection / Human / Dataset bias
P2,28,18000070,True,0.03489870228109862,,,Model operation / Technological / Cascading error propagation|Knowledge analysis / Technological / Incorrect spatial-geometric interpretation|Model Training / Technological / Overfitting,Model operation / Technological / Cascading error propagation|Knowledge analysis / Technological / Incorrect spatial-geometric interpretation|Model Training / Technological / Overfitting|Model Training / Technological / Confidence miscalibration|Model Training / Technological / Confabulations,Model operation / Technological / Cascading error propagation|Knowledge analysis / Technological / Incorrect spatial-geometric interpretation|Model Training / Technological / Overfitting|Model Training / Technological / Confidence miscalibration|Model Training / Technological / Confabulations|Model operation / Human / Loss of situational awareness|Model operation / Technological / Concept drift|Model operation / Technological / Sensor artifacts|Knowledge selection / Human / Dataset bias|Knowledge selection / Human / Data representativeness
P2,29,18000071,False,0.10787413161516114,,,Model operation / Technological / Cascading error propagation|Knowledge analysis / Technological / Incorrect spatial-geometric interpretation|Model Training / Technological / Overfitting,Model operation / Technological / Cascading error propagation|Knowledge analysis / Technological / Incorrect spatial-geometric interpretation|Model Training / Technological / Overfitting|Model Training / Technological / Confabulations|Model operation / Human / Loss of situational awareness,Model operation / Technological / Cascading error propagation|Knowledge analysis / Technological / Incorrect spatial-geometric interpretation|Model Training / Technological / Overfitting|Model Training / Technological / Confabulations|Model operation / Human / Loss of situational awareness|Model Training / Technological / Confidence miscalibration|Model operation / Technological / Sensor artifacts|Model operation / Technological / Concept drift|Knowledge selection / Human / Dataset bias|Knowledge selection / Human / Data representativeness
P2,30,18000072,False,0.17751517527149208,Knowledge analysis / Human,,Model operation / Technological / Cascading error propagation|Model operation / Human / Loss of situational awareness|Model operation / Technological / Sensor artifacts,Model operation / Technological / Cascading error propagation|Model operation / Human / Loss of situational awareness|Model operation / Technological / Sensor artifacts|Knowledge analysis / Technological / Incorrect spatial-geometric interpretation|Model Training / Technological / Confidence miscalibration,Model operation / Technological / Cascading error propagation|Model operation / Human / Loss of situational awareness|Model operation / Technological / Sensor artifacts|Knowledge analysis / Technological / Incorrect spatial-geometric interpretation|Model Training / Technological / Confidence miscalibration|Model Training / Technological / Confabulations|Model Training / Technological / Overfitting|Model operation / Technological / Concept drift|Knowledge selection / Human / Data representativeness|Knowledge selection / Human / Dataset bias
P2,31,18000073,True,0.045612675469864875,,,Model operation / Technological / Cascading error propagation|Knowledge analysis / Technological / Incorrect spatial-geometric interpretation|Model operation / Human / Loss of situational awareness,Model operation / Technological / Cascading error propagation|Knowledge analysis / Technological / Incorrect spatial-geometric interpretation|Model operation / Human / Loss of situational awareness|Model operation / Technological / Sensor artifacts|Model Training / Technological / Confabulations,Model operation / Technological / Cascading error propagation|Knowledge analysis / Technological / Incorrect spatial-geometric interpretation|Model operation / Human / Loss of situational awareness|Model operation / Technological / Sensor artifacts|Model Training / Technological / Confabulations|Model Training / Technological / Confidence miscalibration|Model Training / Technological / Overfitting|Model operation / Technological / Concept drift|Knowledge selection / Human / Data representativeness|Knowledge selection / Human / Dataset bias
P2,32,18000074,True,0.05332938618304018,,,Model operation / Technological / Cascading error propagation|Knowledge analysis / Technological / Incorrect spatial-geometric interpretation|Model Training / Technological / Overfitting,Model operation / Technological / Cascading error propagation|Knowledge analysis / Technological / Incorrect spatial-geometric interpretation|Model Training / Technological / Overfitting|Model operation / Human / Loss of situational awareness|Model Training / Technological / Confabulations,Model operation / Technological / Cascading error propagation|Knowledge analysis / Technological / Incorrect spatial-geometric interpretation|Model Training / Technological / Overfitting|Model operation / Human / Loss of situational awareness|Model Training / Technological / Confabulations|Model operation / Technological / Sensor artifacts|Model operation / Technological / Concept drift|Model Training / Technological / Confidence miscalibration|Knowledge selection / Human / Data representativeness|Knowledge selection / Human / Dataset bias
P2,33,18000075,True,0.056436217552837675,,,Model operation / Technological / Cascading error propagation|Knowledge analysis / Technological / Incorrect spatial-geometric interpretation|Model Training / Technological / Confidence miscalibration,Model operation / Technological / Cascading error propagation|Knowledge analysis / Technological / Incorrect spatial-geometric interpretation|Model Training / Technological / Confidence miscalibration|Model operation / Human / Loss of situational awareness|Model Training / Technological / Overfitting,Model operation / Technological / Cascading error propagation|Knowledge analysis / Technological / Incorrect spatial-geometric interpretation|Model Training / Technological / Confidence miscalibration|Model operation / Human / Loss of situational awareness|Model Training / Technological / Overfitting|Model operation / Technological / Sensor artifacts|Model operation / Technological / Concept drift|Model Training / Technological / Confabulations|Knowledge selection / Human / Data representativeness|Knowledge selection / Human / Dataset bias
P2,34,18000076,True,0.029664340311148178,,,Model operation / Technological / Cascading error propagation|Knowledge analysis / Technological / Incorrect spatial-geometric interpretation|Model operation / Human / Loss of situational awareness,Model operation / Technological / Cascading error propagation|Knowledge analysis / Technological / Incorrect spatial-geometric interpretation|Model operation / Human / Loss of situational awareness|Model Training / Technological / Confidence miscalibration|Model Training / Technological / Confabulations,Model operation / Technological / Cascading error propagation|Knowledge analysis / Technological / Incorrect spatial-geometric interpretation|Model operation / Human / Loss of situational awareness|Model Training / Technological / Confidence miscalibration|Model Training / Technological / Confabulations|Model Training / Technological / Overfitting|Model operation / Technological / Sensor artifacts|Model operation / Technological / Concept drift|Knowledge selection / Human / Dataset bias|Knowledge selection / Human / Data representativeness
P2,35,18000077,True,0.02328784658434952,,,Model operation / Technological / Cascading error propagation|Knowledge analysis / Technological / Incorrect spatial-geometric interpretation|Model operation / Human / Loss of situational awareness,Model operation / Technological / Cascading error propagation|Knowledge analysis / Technological / Incorrect spatial-geometric interpretation|Model operation / Human / Loss of situational awareness|Model Training / Technological / Confidence miscalibration|Model Training / Technological / Overfitting,Model operation / Technological / Cascading error propagation|Knowledge analysis / Technological / Incorrect spatial-geometric interpretation|Model operation / Human / Loss of situational awareness|Model Training / Technological / Confidence miscalibration|Model Training / Technological / Overfitting|Model operation / Technological / Concept drift|Model operation / Technological / Sensor artifacts|Model Training / Technological / Confabulations|Knowledge selection / Human / Data representativeness|Knowledge selection / Human / Dataset bias
P2,36,18000078,True,0.04368232275717616,,,Model operation / Technological / Cascading error propagation|Knowledge analysis / Technological / Incorrect spatial-geometric interpretation|Model operation / Technological / Sensor artifacts,Model operation / Technological / Cascading error propagation|Knowledge analysis / Technological / Incorrect spatial-geometric interpretation|Model operation / Technological / Sensor artifacts|Model operation / Human / Loss of situational awareness|Model Training / Technological / Confidence miscalibration,Model operation / Technological / Cascading error propagation|Knowledge analysis / Technological / Incorrect spatial-geometric interpretation|Model operation / Technological / Sensor artifacts|Model operation / Human / Loss of situational awareness|Model Training / Technological / Confidence miscalibration|Model Training / Technological / Confabulations|Model operation / Technological / Concept drift|Model Training / Technological / Overfitting|Knowledge selection / Human / Data representativeness|Knowledge selection / Human / Dataset bias
P2,37,18000079,True,0.05804943554617914,,,Model operation / Technological / Cascading error propagation|Knowledge analysis / Technological / Incorrect spatial-geometric interpretation|Model operation / Human / Loss of situational awareness,Model operation / Technological / Cascading error propagation|Knowledge analysis / Technological / Incorrect spatial-geometric interpretation|Model operation / Human / Loss of situational awareness|Model Training / Technological / Overfitting|Model operation / Technological / Concept drift,Model operation / Technological / Cascading error propagation|Knowledge analysis / Technological / Incorrect spatial-geometric interpretation|Model operation / Human / Loss of situational awareness|Model Training / Technological / Overfitting|Model operation / Technological / Concept drift|Model operation / Technological / Sensor artifacts|Model Training / Technological / Confabulations|Model Training / Technological / Confidence miscalibration|Knowledge selection / Human / Dataset bias|Knowledge selection / Human / Data representativeness
P2,38,18000080,True,0.022461862057089783,,,Model operation / Technological / Cascading error propagation|Knowledge analysis / Technological / Incorrect spatial-geometric interpretation|Model operation / Human / Loss of situational awareness,Model operation / Technological / Cascading error propagation|Knowledge analysis / Technological / Incorrect spatial-geometric interpretation|Model operation / Human / Loss of situational awareness|Model Training / Technological / Overfitting|Model Training / Technological / Confidence miscalibration,Model operation / Technological / Cascading error propagation|Knowledge analysis / Technological / Incorrect spatial-geometric interpretation|Model operation / Human / Loss of situational awareness|Model Training / Technological / Overfitting|Model Training / Technological / Confidence miscalibration|Model Training / Technological / Confabulations|Model operation / Technological / Sensor artifacts|Model operation / Technological / Concept drift|Knowledge selection / Human / Dataset bias|Knowledge selection / Human / Data representativeness
P2,39,18000081,True,0.02477003638575207,,,Model operation / Technological / Cascading error propagation|Knowledge analysis / Technological / Incorrect spatial-geometric interpretation|Model operation / Human / Loss of situational awareness,Model operation / Technological / Cascading error propagation|Knowledge analysis / Technological / Incorrect spatial-geometric interpretation|Model operation / Human / Loss of situational awareness|Model operation / Technological / Sensor artifacts|Model operation / Technological / Concept drift,Model operation / Technological / Cascading error propagation|Knowledge analysis / Technological / Incorrect spatial-geometric interpretation|Model operation / Human / Loss of situational awareness|Model operation / Technological / Sensor artifacts|Model operation / Technological / Concept drift|Model Training / Technological / Confidence miscalibration|Model Training / Technological / Confabulations|Model Training / Technological / Overfitting|Knowledge selection / Human / Dataset bias|Knowledge selection / Human / Data representativeness
P2,40,18000082,True,0.06871020750789825,,,Model operation / Technological / Cascading error propagation|Knowledge analysis / Technological / Incorrect spatial-geometric interpretation|Model operation / Technological / Sensor artifacts,Model operation / Technological / Cascading error propagation|Knowledge analysis / Technological / Incorrect spatial-geometric interpretation|Model operation / Technological / Sensor artifacts|Model operation / Human / Loss of situational awareness|Model Training / Technological / Confabulations,Model operation / Technological / Cascading error propagation|Knowledge analysis / Technological / Incorrect spatial-geometric interpretation|Model operation / Technological / Sensor artifacts|Model operation / Human / Loss of situational awareness|Model Training / Technological / Confabulations|Model Training / Technological / Confidence miscalibration|Model Training / Technological / Overfitting|Model operation / Technological / Concept drift|Knowledge selection / Human / Data representativeness|Knowledge selection / Human / Dataset bias
P2,41,18000083,True,0.02720999757727557,,,Model operation / Technological / Cascading error propagation|Knowledge analysis / Technological / Incorrect spatial-geometric interpretation|Model operation / Human / Loss of situational awareness,Model operation / Technological / Cascading error propagation|Knowledge analysis / Technological / Incorrect spatial-geometric interpretation|Model operation / Human / Loss of situational awareness|Model operation / Technological / Sensor artifacts|Model operation / Technological / Concept drift,Model operation / Technological / Cascading error propagation|Knowledge analysis / Technological / Incorrect spatial-geometric interpretation|Model operation / Human / Loss of situational awareness|Model operation / Technological / Sensor artifacts|Model operation / Technological / Concept drift|Model Training / Technological / Overfitting|Model Training / Technological / Confabulations|Model Training / Technological / Confidence miscalibration|Knowledge selection / Human / Dataset bias|Knowledge selection / Human / Data representativeness
P2,42,18000084,True,0.024685131514811397,,,Model operation / Technological / Cascading error propagation|Knowledge analysis / Technological / Incorrect spatial-geometric interpretation|Model operation / Technological / Sensor artifacts,Model operation / Technological / Cascading error propagation|Knowledge analysis / Technological / Incorrect spatial-geometric interpretation|Model operation / Technological / Sensor artifacts|Model operation / Human / Loss of situational awareness|Model operation / Technological / Concept drift,Model operation / Technological / Cascading error propagation|Knowledge analysis / Technological / Incorrect spatial-geometric interpretation|Model operation / Technological / Sensor artifacts|Model operation / Human / Loss of situational awareness|Model operation / Technological / Concept drift|Model Training / Technological / Confidence miscalibration|Model Training / Technological / Confabulations|Model Training / Technological / Overfitting|Knowledge selection / Human / Dataset bias|Knowledge selection / Human / Data representativeness
P2,43,18000085,True,0.03180650067104957,,,Model operation / Technological / Cascading error propagation|Knowledge analysis / Technological / Incorrect spatial-geometric interpretation|Model operation / Human / Loss of situational awareness,Model operation / Technological / Cascading error propagation|Knowledge analysis / Technological / Incorrect spatial-geometric interpretation|Model operation / Human / Loss of situational awareness|Model Training / Technological / Confabulations|Model operation / Technological / Sensor artifacts,Model operation / Technological / Cascading error propagation|Knowledge analysis / Technological / Incorrect spatial-geometric interpretation|Model operation / Human / Loss of situational awareness|Model Training / Technological / Confabulations|Model operation / Technological / Sensor artifacts|Model operation / Technological / Concept drift|Model Training / Technological / Overfitting|Model Training / Technological / Confidence miscalibration|Knowledge selection / Human / Dataset bias|Knowledge selection / Human / Data representativeness
P2,44,18000086,True,0.028872483128232842,,,Model operation / Technological / Cascading error propagation|Knowledge analysis / Technological / Incorrect spatial-geometric interpretation|Model operation / Human / Loss of situational awareness,Model operation / Technological / Cascading error propagation|Knowledge analysis / Technological / Incorrect spatial-geometric interpretation|Model operation / Human / Loss of situational awareness|Model operation / Technological / Sensor artifacts|Model operation / Technological / Concept drift,Model operation / Technological / Cascading error propagation|Knowledge analysis / Technological / Incorrect spatial-geometric interpretation|Model operation / Human / Loss of situational awareness|Model operation / Technological / Sensor artifacts|Model operation / Technological / Concept drift|Model Training / Technological / Confabulations|Model Training / Technological / Confidence miscalibration|Model Training / Technological / Overfitting|Knowledge selection / Human / Data representativeness|Knowledge selection / Human / Dataset bias
P2,45,18000087,True,0.06117453614950838,,,Model operation / Technological / Cascading error propagation|Knowledge analysis / Technological / Incorrect spatial-geometric interpretation|Model operation / Technological / Sensor artifacts,Model operation / Technological / Cascading error propagation|Knowledge analysis / Technological / Incorrect spatial-geometric interpretation|Model operation / Technological / Sensor artifacts|Model operation / Human / Loss of situational awareness|Model Training / Technological / Confabulations,Model operation / Technological / Cascading error propagation|Knowledge analysis / Technological / Incorrect spatial-geometric interpretation|Model operation / Technological / Sensor artifacts|Model operation / Human / Loss of situational awareness|Model Training / Technological / Confabulations|Model Training / Technological / Confidence miscalibration|Model operation / Technological / Concept drift|Model Training / Technological / Overfitting|Knowledge selection / Human / Data representativeness|Knowledge selection / Human / Dataset bias
P2,46,18000088,True,0.04622549644739558,,,Model operation / Technological / Cascading error propagation|Knowledge analysis / Technological / Incorrect spatial-geometric interpretation|Model operation / Technological / Concept drift,Model operation / Technological / Cascading error propagation|Knowledge analysis / Technological / Incorrect spatial-geometric interpretation|Model operation / Technological / Concept drift|Model operation / Human / Loss of situational awareness|Model operation / Technological / Sensor artifacts,Model operation / Technological / Cascading error propagation|Knowledge analysis / Technological / Incorrect spatial-geometric interpretation|Model operation / Technological / Concept drift|Model operation / Human / Loss of situational awareness|Model operation / Technological / Sensor artifacts|Model Training / Technological / Confidence miscalibration|Model Training / Technological / Overfitting|Model Training / Technological / Confabulations|Knowledge selection / Human / Data representativeness|Knowledge selection / Human / Dataset bias
P2,47,18000089,True,0.0745038051884689,,,Model operation / Technological / Cascading error propagation|Knowledge analysis / Technological / Incorrect spatial-geometric interpretation|Model Training / Technological / Overfitting,Model operation / Technological / Cascading error propagation|Knowledge analysis / Technological / Incorrect spatial-geometric interpretation|Model Training / Technological / Overfitting|Model operation / Technological / Sensor artifacts|Model operation / Human / Loss of situational awareness,Model operation / Technological / Cascading error propagation|Knowledge analysis / Technological / Incorrect spatial-geometric interpretation|Model Training / Technological / Overfitting|Model operation / Technological / Sensor artifacts|Model operation / Human / Loss of situational awareness|Model Training / Technological / Confidence miscalibration|Model Training / Technological / Confabulations|Model operation / Technological / Concept drift|Knowledge selection / Human / Dataset bias|Knowledge selection / Human / Data representativeness
P2,48,18000090,True,0.046225496447392135,,,Model operation / Technological / Cascading error propagation|Model Training / Technological / Confidence miscalibration|Model Training / Technological / Confabulations,Model operation / Technological / Cascading error propagation|Model Training / Technological / Confidence miscalibration|Model Training / Technological / Confabulations|Model Training / Technological / Overfitting|Knowledge analysis / Technological / Incorrect spatial-geometric interpretation,Model operation / Technological / Cascading error propagation|Model Training / Technological / Confidence miscalibration|Model Training / Technological / Confabulations|Model Training / Technological / Overfitting|Knowledge analysis / Technological / Incorrect spatial-geometric interpretation|Model operation / Human / Loss of situational awareness|Model operation / Technological / Sensor artifacts|Model operation / Technological / Concept drift|Knowledge selection / Human / Dataset bias|Knowledge selection / Human / Data representativeness
P2,49,18000091,True,0.042752809174190096,,,Model operation / Technological / Cascading error propagation|Knowledge analysis / Technological / Incorrect spatial-geometric interpretation|Model operation / Human / Loss of situational awareness,Model operation / Technological / Cascading error propagation|Knowledge analysis / Technological / Incorrect spatial-geometric interpretation|Model operation / Human / Loss of situational awareness|Model Training / Technological / Overfitting|Model operation / Technological / Sensor artifacts,Model operation / Technological / Cascading error propagation|Knowledge analysis / Technological / Incorrect spatial-geometric interpretation|Model operation / Human / Loss of situational awareness|Model Training / Technological / Overfitting|Model operation / Technological / Sensor artifacts|Model operation / Technological / Concept drift|Model Training / Technological / Confabulations|Model Training / Technological / Confidence miscalibration|Knowledge selection / Human / Data representativeness|Knowledge selection / Human / Dataset bias
P2,50,18000092,False,0.16987324384658242,,,Model operation / Technological / Cascading error propagation|Knowledge analysis / Technological / Incorrect spatial-geometric interpretation|Model operation / Human / Loss of situational awareness,Model operation / Technological / Cascading error propagation|Knowledge analysis / Technological / Incorrect spatial-geometric interpretation|Model operation / Human / Loss of situational awareness|Model operation / Technological / Concept drift|Model operation / Technological / Sensor artifacts,Model operation / Technological / Cascading error propagation|Knowledge analysis / Technological / Incorrect spatial-geometric interpretation|Model operation / Human / Loss of situational awareness|Model operation / Technological / Concept drift|Model operation / Technological / Sensor artifacts|Model Training / Technological / Confabulations|Model Training / Technological / Confidence miscalibration|Model Training / Technological / Overfitting|Knowledge selection / Human / Data representativeness|Knowledge selection / Human / Dataset bias
P2,51,18000093,True,0.04075947297831636,,,Model operation / Technological / Cascading error propagation|Knowledge analysis / Technological / Incorrect spatial-geometric interpretation|Model Training / Technological / Confidence miscalibration,Model operation / Technological / Cascading error propagation|Knowledge analysis / Technological / Incorrect spatial-geometric interpretation|Model Training / Technological / Confidence miscalibration|Model Training / Technological / Overfitting|Model Training / Technological / Confabulations,Model operation / Technological / Cascading error propagation|Knowledge analysis / Technological / Incorrect spatial-geometric interpretation|Model Training / Technological / Confidence miscalibration|Model Training / Technological / Overfitting|Model Training / Technological / Confabulations|Model operation / Human / Loss of situational awareness|Model operation / Technological / Concept drift|Model operation / Technological / Sensor artifacts|Knowledge selection / Human / Data representativeness|Knowledge selection / Human / Dataset bias
P2,52,18000094,True,0.06508669644564967,,,Model operation / Technological / Cascading error propagation|Knowledge analysis / Technological / Incorrect spatial-geometric interpretation|Model operation / Human / Loss of situational awareness,Model operation / Technological / Cascading error propagation|Knowledge analysis / Technological / Incorrect spatial-geometric interpretation|Model operation / Human / Loss of situational awareness|Model operation / Technological / Sensor artifacts|Model operation / Technological / Concept drift,Model operation / Technological / Cascading error propagation|Knowledge analysis / Technological / Incorrect spatial-geometric interpretation|Model operation / Human / Loss of situational awareness|Model operation / Technological / Sensor artifacts|Model operation / Technological / Concept drift|Model Training / Technological / Confabulations|Model Training / Technological / Overfitting|Model Training / Technological / Confidence miscalibration|Knowledge selection / Human / Data representativeness|Knowledge selection / Human / Dataset bias
P2,53,18000095,True,0.074791307342055,,,Model operation / Technological / Cascading error propagation|Knowledge analysis / Technological / Incorrect spatial-geometric interpretation|Model operation / Human / Loss of situational awareness,Model operation / Technological / Cascading error propagation|Knowledge analysis / Technological / Incorrect spatial-geometric interpretation|Model operation / Human / Loss of situational awareness|Model Training / Technological / Confabulations|Model operation / Technological / Concept drift,Model operation / Technological / Cascading error propagation|Knowledge analysis / Technological / Incorrect spatial-geometric interpretation|Model operation / Human / Loss of situational awareness|Model Training / Technological / Confabulations|Model operation / Technological / Concept drift|Model Training / Technological / Overfitting|Model Training / Technological / Confidence miscalibration|Model operation / Technological / Sensor artifacts|Knowledge selection / Human / Dataset bias|Knowledge selection / Human / Data representativeness
P2,54,18000096,True,0.024188961356097164,,,Model operation / Technological / Cascading error propagation|Model operation / Human / Loss of situational awareness|Knowledge analysis / Technological / Incorrect spatial-geometric interpretation,Model operation / Technological / Cascading error propagation|Model operation / Human / Loss of situational awareness|Knowledge analysis / Technological / Incorrect spatial-geometric interpretation|Model operation / Technological / Sensor artifacts|Model operation / Technological / Concept drift,Model operation / Technological / Cascading error propagation|Model operation / Human / Loss of situational awareness|Knowledge analysis / Technological / Incorrect spatial-geometric interpretation|Model operation / Technological / Sensor artifacts|Model operation / Technological / Concept drift|Model Training / Technological / Confidence miscalibration|Knowledge selection / Human / Data representativeness|Knowledge selection / Human / Dataset bias|Model Training / Technological / Confabulations|Model Training / Technological / Overfitting
P2,55,18000097,True,0.03180650067104957,,,Model operation / Technological / Cascading error propagation|Model operation / Human / Loss of situational awareness|Knowledge analysis / Technological / Incorrect spatial-geometric interpretation,Model operation / Technological / Cascading error propagation|Model operation / Human / Loss of situational awareness|Knowledge analysis / Technological / Incorrect spatial-geometric interpretation|Model Training / Technological / Overfitting|Model Training / Technological / Confidence miscalibration,Model operation / Technological / Cascading error propagation|Model operation / Human / Loss of situational awareness|Knowledge analysis / Technological / Incorrect spatial-geometric interpretation|Model Training / Technological / Overfitting|Model Training / Technological / Confidence miscalibration|Model Training / Technological / Confabulations|Model operation / Technological / Sensor artifacts|Model operation / Technological / Concept drift|Knowledge selection / Human / Data representativeness|Knowledge selection / Human / Dataset bias
P2,56,18000098,True,0.02328784658434952,,,Model operation / Technological / Cascading error propagation|Knowledge analysis / Technological / Incorrect spatial-geometric interpretation|Model Training / Technological / Confidence miscalibration,Model operation / Technological / Cascading error propagation|Knowledge analysis / Technological / Incorrect spatial-geometric interpretation|Model Training / Technological / Confidence miscalibration|Model operation / Human / Loss of situational awareness|Model Training / Technological / Overfitting,Model operation / Technological / Cascading error propagation|Knowledge analysis / Technological / Incorrect spatial-geometric interpretation|Model Training / Technological / Confidence miscalibration|Model operation / Human / Loss of situational awareness|Model Training / Technological / Overfitting|Model Training / Technological / Confabulations|Model operation / Technological / Sensor artifacts|Model operation / Technological / Concept drift|Knowledge selection / Human / Data representativeness|Knowledge selection / Human / Dataset bias
P2,57,18000099,True,0.03392254376880288,,,Model operation / Technological / Cascading error propagation|Knowledge analysis / Technological / Incorrect spatial-geometric interpretation|Model operation / Human / Loss of situational awareness,Model operation / Technological / Cascading error propagation|Knowledge analysis / Technological / Incorrect spatial-geometric interpretation|Model operation / Human / Loss of situational awareness|Model operation / Technological / Sensor artifacts|Model operation / Technological / Concept drift,Model operation / Technological / Cascading error propagation|Knowledge analysis / Technological / Incorrect spatial-geometric interpretation|Model operation / Human / Loss of situational awareness|Model operation / Technological / Sensor artifacts|Model operation / Technological / Concept drift|Model Training / Technological / Overfitting|Model Training / Technological / Confabulations|Model Training / Technological / Confidence miscalibration|Knowledge selection / Human / Dataset bias|Knowledge selection / Human / Data representativeness
P2,58,18000100,True,0.09297183953014955,,,Model operation / Technological / Cascading error propagation|Knowledge analysis / Technological / Incorrect spatial-geometric interpretation|Model operation / Technological / Sensor artifacts,Model operation / Technological / Cascading error propagation|Knowledge analysis / Technological / Incorrect spatial-geometric interpretation|Model operation / Technological / Sensor artifacts|Model operation / Human / Loss of situational awareness|Model Training / Technological / Confabulations,Model operation / Technological / Cascading error propagation|Knowledge analysis / Technological / Incorrect spatial-geometric interpretation|Model operation / Technological / Sensor artifacts|Model operation / Human / Loss of situational awareness|Model Training / Technological / Confabulations|Model Training / Technological / Confidence miscalibration|Model Training / Technological / Overfitting|Model operation / Technological / Concept drift|Knowledge selection / Human / Data representativeness|Knowledge selection / Human / Dataset bias
P2,59,18000101,True,0.04622549644738907,,,Model operation / Technological / Cascading error propagation|Knowledge analysis / Technological / Incorrect spatial-geometric interpretation|Model Training / Technological / Confidence miscalibration,Model operation / Technological / Cascading error propagation|Knowledge analysis / Technological / Incorrect spatial-geometric interpretation|Model Training / Technological / Confidence miscalibration|Model Training / Technological / Confabulations|Model Training / Technological / Overfitting,Model operation / Technological / Cascading error propagation|Knowledge analysis / Technological / Incorrect spatial-geometric interpretation|Model Training / Technological / Confidence miscalibration|Model Training / Technological / Confabulations|Model Training / Technological / Overfitting|Model operation / Technological / Sensor artifacts|Model operation / Human / Loss of situational awareness|Model operation / Technological / Concept drift|Knowledge selection / Human / Data representativeness|Knowledge selection / Human / Dataset bias
P2,60,18000102,True,0.08614937744557338,,,Model operation / Technological / Cascading error propagation|Model operation / Human / Loss of situational awareness|Knowledge analysis / Technological / Incorrect spatial-geometric interpretation,Model operation / Technological / Cascading error propagation|Model operation / Human / Loss of situational awareness|Knowledge analysis / Technological / Incorrect spatial-geometric interpretation|Model operation / Technological / Sensor artifacts|Model Training / Technological / Confidence miscalibration,Model operation / Technological / Cascading error propagation|Model operation / Human / Loss of situational awareness|Knowledge analysis / Technological / Incorrect spatial-geometric interpretation|Model operation / Technological / Sensor artifacts|Model Training / Technological / Confidence miscalibration|Model Training / Technological / Confabulations|Model Training / Technological / Overfitting|Model operation / Technological / Concept drift|Knowledge selection / Human / Dataset bias|Knowledge selection / Human / Data representativeness
P2,61,18000103,True,0.05301095251847455,,,Model operation / Technological / Cascading error propagation|Knowledge analysis / Technological / Incorrect spatial-geometric interpretation|Model operation / Human / Loss of situational awareness,Model operation / Technological / Cascading error propagation|Knowledge analysis / Technological / Incorrect spatial-geometric interpretation|Model operation / Human / Loss of situational awareness|Model operation / Technological / Concept drift|Model operation / Technological / Sensor artifacts,Model operation / Technological / Cascading error propagation|Knowledge analysis / Technological / Incorrect spatial-geometric interpretation|Model operation / Human / Loss of situational awareness|Model operation / Technological / Concept drift|Model operation / Technological / Sensor artifacts|Model Training / Technological / Overfitting|Model Training / Technological / Confabulations|Model Training / Technological / Confidence miscalibration|Knowledge selection / Human / Dataset bias|Knowledge selection / Human / Data representativeness
P2,62,18000104,True,0.08867044708518179,,,Model operation / Technological / Cascading error propagation|Knowledge analysis / Technological / Incorrect spatial-geometric interpretation|Model operation / Human / Loss of situational awareness,Model operation / Technological / Cascading error propagation|Knowledge analysis / Technological / Incorrect spatial-geometric interpretation|Model operation / Human / Loss of situational awareness|Model operation / Technological / Sensor artifacts|Model Training / Technological / Overfitting,Model operation / Technological / Cascading error propagation|Knowledge analysis / Technological / Incorrect spatial-geometric interpretation|Model operation / Human / Loss of situational awareness|Model operation / Technological / Sensor artifacts|Model Training / Technological / Overfitting|Model Training / Technological / Confabulations|Model operation / Technological / Concept drift|Model Training / Technological / Confidence miscalibration|Knowledge selection / Human / Dataset bias|Knowledge selection / Human / Data representativeness
P2,63,18000105,True,0.038200422524629525,,,Model operation / Technological / Cascading error propagation|Model operation / Human / Loss of situational awareness|Knowledge analysis / Technological / Incorrect spatial-geometric interpretation,Model operation / Technological / Cascading error propagation|Model operation / Human / Loss of situational awareness|Knowledge analysis / Technological / Incorrect spatial-geometric interpretation|Model Training / Technological / Confabulations|Model Training / Technological / Confidence miscalibration,Model operation / Technological / Cascading error propagation|Model operation / Human / Loss of situational awareness|Knowledge analysis / Technological / Incorrect spatial-geometric interpretation|Model Training / Technological / Confabulations|Model Training / Technological / Confidence miscalibration|Model Training / Technological / Overfitting|Model operation / Technological / Sensor artifacts|Model operation / Technological / Concept drift|Knowledge selection / Human / Data representativeness|Knowledge selection / Human / Dataset bias
P2,64,18000106,True,0.027684179433062565,,,Model operation / Technological / Cascading error propagation|Knowledge analysis / Technological / Incorrect spatial-geometric interpretation|Model operation / Human / Loss of situational awareness,Model operation / Technological / Cascading error propagation|Knowledge analysis / Technological / Incorrect spatial-geometric interpretation|Model operation / Human / Loss of situational awareness|Model Training / Technological / Overfitting|Model Training / Technological / Confidence miscalibration,Model operation / Technological / Cascading error propagation|Knowledge analysis / Technological / Incorrect spatial-geometric interpretation|Model operation / Human / Loss of situational awareness|Model Training / Technological / Overfitting|Model Training / Technological / Confidence miscalibration|Model operation / Technological / Sensor artifacts|Model operation / Technological / Concept drift|Model Training / Technological / Confabulations|Knowledge selection / Human / Dataset bias|Knowledge selection / Human / Data representativeness
P2,65,18000107,True,0.01762896736301182,,,Model operation / Technological / Cascading error propagation|Knowledge analysis / Technological / Incorrect spatial-geometric interpretation|Model operation / Technological / Concept drift,Model operation / Technological / Cascading error propagation|Knowledge analysis / Technological / Incorrect spatial-geometric interpretation|Model operation / Technological / Concept drift|Model operation / Human / Loss of situational awareness|Model operation / Technological / Sensor artifacts,Model operation / Technological / Cascading error propagation|Knowledge analysis / Technological / Incorrect spatial-geometric interpretation|Model operation / Technological / Concept drift|Model operation / Human / Loss of situational awareness|Model operation / Technological / Sensor artifacts|Model Training / Technological / Overfitting|Model Training / Technological / Confidence miscalibration|Model Training / Technological / Confabulations|Knowledge selection / Human / Data representativeness|Knowledge selection / Human / Dataset bias
P2,66,18000108,True,0.018732691631606242,,,Model operation / Technological / Cascading error propagation|Model operation / Technological / Concept drift|Knowledge analysis / Technological / Incorrect spatial-geometric interpretation,Model operation / Technological / Cascading error propagation|Model operation / Technological / Concept drift|Knowledge analysis / Technological / Incorrect spatial-geometric interpretation|Model Training / Technological / Confabulations|Model operation / Human / Loss of situational awareness,Model operation / Technological / Cascading error propagation|Model operation / Technological / Concept drift|Knowledge analysis / Technological / Incorrect spatial-geometric interpretation|Model Training / Technological / Confabulations|Model operation / Human / Loss of situational awareness|Model Training / Technological / Confidence miscalibration|Model Training / Technological / Overfitting|Model operation / Technological / Sensor artifacts|Knowledge selection / Human / Data representativeness|Knowledge selection / Human / Dataset bias
P2,67,18000109,True,0.046225496447394814,,,Model operation / Technological / Cascading error propagation|Knowledge analysis / Technological / Incorrect spatial-geometric interpretation|Model operation / Technological / Sensor artifacts,Model operation / Technological / Cascading error propagation|Knowledge analysis / Technological / Incorrect spatial-geometric interpretation|Model operation / Technological / Sensor artifacts|Model operation / Human / Loss of situational awareness|Model operation / Technological / Concept drift,Model operation / Technological / Cascading error propagation|Knowledge analysis / Technological / Incorrect spatial-geometric interpretation|Model operation / Technological / Sensor artifacts|Model operation / Human / Loss of situational awareness|Model operation / Technological / Concept drift|Model Training / Technological / Confabulations|Model Training / Technological / Confidence miscalibration|Model Training / Technological / Overfitting|Knowledge selection / Human / Dataset bias|Knowledge selection / Human / Data representativeness
P2,68,18000110,True,0.08682590293457476,,,Model operation / Technological / Cascading error propagation|Knowledge analysis / Technological / Incorrect spatial-geometric interpretation|Model operation / Human / Loss of situational awareness,Model operation / Technological / Cascading error propagation|Knowledge analysis / Technological / Incorrect spatial-geometric interpretation|Model operation / Human / Loss of situational awareness|Model Training / Technological / Overfitting|Model Training / Technological / Confabulations,Model operation / Technological / Cascading error propagation|Knowledge analysis / Technological / Incorrect spatial-geometric interpretation|Model operation / Human / Loss of situational awareness|Model Training / Technological / Overfitting|Model Training / Technological / Confabulations|Model Training / Technological / Confidence miscalibration|Model operation / Technological / Concept drift|Model operation / Technological / Sensor artifacts|Knowledge selection / Human / Dataset bias|Knowledge selection / Human / Data representativeness
P2,69,18000111,False,0.10113867801940321,,,Model operation / Technological / Cascading error propagation|Model Training / Technological / Confabulations|Model Training / Technological / Confidence miscalibration,Model operation / Technological / Cascading error propagation|Model Training / Technological / Confabulations|Model Training / Technological / Confidence miscalibration|Model Training / Technological / Overfitting|Knowledge analysis / Technological / Incorrect spatial-geometric interpretation,Model operation / Technological / Cascading error propagation|Model Training / Technological / Confabulations|Model Training / Technological / Confidence miscalibration|Model Training / Technological / Overfitting|Knowledge analysis / Technological / Incorrect spatial-geometric interpretation|Model operation / Technological / Concept drift|Model operation / Human / Loss of situational awareness|Model operation / Technological / Sensor artifacts|Knowledge selection / Human / Dataset bias|Knowledge selection / Human / Data representativeness
P2,70,18000112,False,0.13485371938276386,,,Model operation / Technological / Cascading error propagation|Model operation / Human / Loss of situational awareness|Knowledge analysis / Technological / Incorrect spatial-geometric interpretation,Model operation / Technological / Cascading error propagation|Model operation / Human / Loss of situational awareness|Knowledge analysis / Technological / Incorrect spatial-geometric interpretation|Model operation / Technological / Sensor artifacts|Model operation / Technological / Concept drift,Model operation / Technological / Cascading error propagation|Model operation / Human / Loss of situational awareness|Knowledge analysis / Technological / Incorrect spatial-geometric interpretation|Model operation / Technological / Sensor artifacts|Model operation / Technological / Concept drift|Model Training / Technological / Overfitting|Model Training / Technological / Confidence miscalibration|Model Training / Technological / Confabulations|Knowledge selection / Human / Dataset bias|Knowledge selection / Human / Data representativeness
P2,71,18000113,True,0.03899344803940904,,,Model operation / Technological / Cascading error propagation|Model operation / Human / Loss of situational awareness|Knowledge analysis / Technological / Incorrect spatial-geometric interpretation,Model operation / Technological / Cascading error propagation|Model operation / Human / Loss of situational awareness|Knowledge analysis / Technological / Incorrect spatial-geometric interpretation|Model Training / Technological / Confidence miscalibration|Model Training / Technological / Confabulations,Model operation / Technological / Cascading error propagation|Model operation / Human / Loss of situational awareness|Knowledge analysis / Technological / Incorrect spatial-geometric interpretation|Model Training / Technological / Confidence miscalibration|Model Training / Technological / Confabulations|Model operation / Technological / Sensor artifacts|Model operation / Technological / Concept drift|Model Training / Technological / Overfitting|Knowledge selection / Human / Data representativeness|Knowledge selection / Human / Dataset bias
P2,72,18000114,True,0.03180650067104919,,,Model operation / Technological / Cascading error propagation|Knowledge analysis / Technological / Incorrect spatial-geometric interpretation|Model operation / Human / Loss of situational awareness,Model operation / Technological / Cascading error propagation|Knowledge analysis / Technological / Incorrect spatial-geometric interpretation|Model operation / Human / Loss of situational awareness|Model operation / Technological / Sensor artifacts|Model operation / Technological / Concept drift,Model operation / Technological / Cascading error propagation|Knowledge analysis / Technological / Incorrect spatial-geometric interpretation|Model operation / Human / Loss of situational awareness|Model operation / Technological / Sensor artifacts|Model operation / Technological / Concept drift|Model Training / Technological / Confabulations|Model Training / Technological / Confidence miscalibration|Model Training / Technological / Overfitting|Knowledge selection / Human / Dataset bias|Knowledge selection / Human / Data representativeness
P2,73,18000115,True,0.041838281419166616,,,Model operation / Technological / Cascading error propagation|Knowledge analysis / Technological / Incorrect spatial-geometric interpretation|Model Training / Technological / Overfitting,Model operation / Technological / Cascading error propagation|Knowledge analysis / Technological / Incorrect spatial-geometric interpretation|Model Training / Technological / Overfitting|Model Training / Technological / Confidence miscalibration|Model Training / Technological / Confabulations,Model operation / Technological / Cascading error propagation|Knowledge analysis / Technological / Incorrect spatial-geometric interpretation|Model Training / Technological / Overfitting|Model Training / Technological / Confidence miscalibration|Model Training / Technological / Confabulations|Model operation / Human / Loss of situational awareness|Model operation / Technological / Concept drift|Model operation / Technological / Sensor artifacts|Knowledge selection / Human / Dataset bias|Knowledge selection / Human / Data representativeness
P2,74,18000116,True,0.06702586148711882,,,Model operation / Technological / Cascading error propagation|Knowledge analysis / Technological / Incorrect spatial-geometric interpretation|Model operation / Technological / Concept drift,Model operation / Technological / Cascading error propagation|Knowledge analysis / Technological / Incorrect spatial-geometric interpretation|Model operation / Technological / Concept drift|Model Training / Technological / Confidence miscalibration|Model Training / Technological / Overfitting,Model operation / Technological / Cascading error propagation|Knowledge analysis / Technological / Incorrect spatial-geometric interpretation|Model operation / Technological / Concept drift|Model Training / Technological / Confidence miscalibration|Model Training / Technological / Overfitting|Model operation / Human / Loss of situational awareness|Model Training / Technological / Confabulations|Model operation / Technological / Sensor artifacts|Knowledge selection / Human / Dataset bias|Knowledge selection / Human / Data representativeness
P2,75,18000117,True,0.04394354632637224,,,Model operation / Technological / Cascading error propagation|Model operation / Human / Loss of situational awareness|Knowledge analysis / Technological / Incorrect spatial-geometric interpretation,Model operation / Technological / Cascading error propagation|Model operation / Human / Loss of situational awareness|Knowledge analysis / Technological / Incorrect spatial-geometric interpretation|Model operation / Technological / Sensor artifacts|Model operation / Technological / Concept drift,Model operation / Technological / Cascading error propagation|Model operation / Human / Loss of situational awareness|Knowledge analysis / Technological / Incorrect spatial-geometric interpretation|Model operation / Technological / Sensor artifacts|Model operation / Technological / Concept drift|Model Training / Technological / Overfitting|Model Training / Technological / Confabulations|Model Training / Technological / Confidence miscalibration|Knowledge selection / Human / Dataset bias|Knowledge selection / Human / Data representativeness
P2,76,18000118,True,0.06938396529079649,,,Model operation / Technological / Cascading error propagation|Knowledge analysis / Technological / Incorrect spatial-geometric interpretation|Model Training / Technological / Overfitting,Model operation / Technological / Cascading error propagation|Knowledge analysis / Technological / Incorrect spatial-geometric interpretation|Model Training / Technological / Overfitting|Model Training / Technological / Confabulations|Model operation / Human / Loss of situational awareness,Model operation / Technological / Cascading error propagation|Knowledge analysis / Technological / Incorrect spatial-geometric interpretation|Model Training / Technological / Overfitting|Model Training / Technological / Confabulations|Model operation / Human / Loss of situational awareness|Model Training / Technological / Confidence miscalibration|Model operation / Technological / Sensor artifacts|Model operation / Technological / Concept drift|Knowledge selection / Human / Dataset bias|Knowledge selection / Human / Data representativeness
P2,77,18000119,True,0.09683949763467889,,,Model operation / Technological / Cascading error propagation|Knowledge analysis / Technological / Incorrect spatial-geometric interpretation|Model operation / Human / Loss of situational awareness,Model operation / Technological / Cascading error propagation|Knowledge analysis / Technological / Incorrect spatial-geometric interpretation|Model operation / Human / Loss of situational awareness|Model Training / Technological / Confidence miscalibration|Model operation / Technological / Sensor artifacts,Model operation / Technological / Cascading error propagation|Knowledge analysis / Technological / Incorrect spatial-geometric interpretation|Model operation / Human / Loss of situational awareness|Model Training / Technological / Confidence miscalibration|Model operation / Technological / Sensor artifacts|Model operation / Technological / Concept drift|Model Training / Technological / Overfitting|Model Training / Technological / Confabulations|Knowledge selection / Human / Data representativeness|Knowledge selection / Human / Dataset bias
P2,78,18000120,False,0.11814556899617892,,,Model operation / Technological / Cascading error propagation|Model operation / Technological / Concept drift|Model operation / Technological / Sensor artifacts,Model operation / Technological / Cascading error propagation|Model operation / Technological / Concept drift|Model operation / Technological / Sensor artifacts|Knowledge analysis / Technological / Incorrect spatial-geometric interpretation|Model operation / Human / Loss of situational awareness,Model operation / Technological / Cascading error propagation|Model operation / Technological / Concept drift|Model operation / Technological / Sensor artifacts|Knowledge analysis / Technological / Incorrect spatial-geometric interpretation|Model operation / Human / Loss of situational awareness|Model Training / Technological / Confabulations|Model Training / Technological / Overfitting|Model Training / Technological / Confidence miscalibration|Knowledge selection / Human / Dataset bias|Knowledge selection / Human / Data representativeness
P2,79,18000121,True,0.016970105370911273,,,Model operation / Technological / Cascading error propagation|Knowledge analysis / Technological / Incorrect spatial-geometric interpretation|Model Training / Technological / Confabulations,Model operation / Technological / Cascading error propagation|Knowledge analysis / Technological / Incorrect spatial-geometric interpretation|Model Training / Technological / Confabulations|Model Training / Technological / Confidence miscalibration|Model Training / Technological / Overfitting,Model operation / Technological / Cascading error propagation|Knowledge analysis / Technological / Incorrect spatial-geometric interpretation|Model Training / Technological / Confabulations|Model Training / Technological / Confidence miscalibration|Model Training / Technological / Overfitting|Model operation / Human / Loss of situational awareness|Model operation / Technological / Concept drift|Model operation / Technological / Sensor artifacts|Knowledge selection / Human / Data representativeness|Knowledge selection / Human / Dataset bias
P2,80,18000122,True,0.04368232275717714,,,Model operation / Technological / Cascading error propagation|Knowledge analysis / Technological / Incorrect spatial-geometric interpretation|Model operation / Human / Loss of situational awareness,Model operation / Technological / Cascading error propagation|Knowledge analysis / Technological / Incorrect spatial-geometric interpretation|Model operation / Human / Loss of situational awareness|Model Training / Technological / Overfitting|Model Training / Technological / Confabulations,Model operation / Technological / Cascading error propagation|Knowledge analysis / Technological / Incorrect spatial-geometric interpretation|Model operation / Human / Loss of situational awareness|Model Training / Technological / Overfitting|Model Training / Technological / Confabulations|Model operation / Technological / Sensor artifacts|Model Training / Technological / Confidence miscalibration|Model operation / Technological / Concept drift|Knowledge selection / Human / Data representativeness|Knowledge selection / Human / Dataset bias
P2,81,18000123,True,0.020312890464984405,,,Model operation / Technological / Cascading error propagation|Knowledge analysis / Technological / Incorrect spatial-geometric interpretation|Model operation / Human / Loss of situational awareness,Model operation / Technological / Cascading error propagation|Knowledge analysis / Technological / Incorrect spatial-geometric interpretation|Model operation / Human / Loss of situational awareness|Model operation / Technological / Sensor artifacts|Model operation / Technological / Concept drift,Model operation / Technological / Cascading error propagation|Knowledge analysis / Technological / Incorrect spatial-geometric interpretation|Model operation / Human / Loss of situational awareness|Model operation / Technological / Sensor artifacts|Model operation / Technological / Concept drift|Model Training / Technological / Overfitting|Model Training / Technological / Confidence miscalibration|Model Training / Technological / Confabulations|Knowledge selection / Human / Data representativeness|Knowledge selection / Human / Dataset bias
P2,82,18000124,True,0.06264929430232026,,,Model operation / Technological / Cascading error propagation|Knowledge analysis / Technological / Incorrect spatial-geometric interpretation|Model operation / Human / Loss of situational awareness,Model operation / Technological / Cascading error propagation|Knowledge analysis / Technological / Incorrect spatial-geometric interpretation|Model operation / Human / Loss of situational awareness|Model Training / Technological / Overfitting|Model Training / Technological / Confabulations,Model operation / Technological / Cascading error propagation|Knowledge analysis / Technological / Incorrect spatial-geometric interpretation|Model operation / Human / Loss of situational awareness|Model Training / Technological / Overfitting|Model Training / Technological / Confabulations|Model Training / Technological / Confidence miscalibration|Model operation / Technological / Concept drift|Model operation / Technological / Sensor artifacts|Knowledge selection / Human / Dataset bias|Knowledge selection / Human / Data representativeness
P2,83,18000125,True,0.04622549644738907,,,Model operation / Technological / Cascading error propagation|Knowledge analysis / Technological / Incorrect spatial-geometric interpretation|Model operation / Human / Loss of situational awareness,Model operation / Technological / Cascading error propagation|Knowledge analysis / Technological / Incorrect spatial-geometric interpretation|Model operation / Human / Loss of situational awareness|Model Training / Technological / Confabulations|Model operation / Technological / Sensor artifacts,Model operation / Technological / Cascading error propagation|Knowledge analysis / Technological / Incorrect spatial-geometric interpretation|Model operation / Human / Loss of situational awareness|Model Training / Technological / Confabulations|Model operation / Technological / Sensor artifacts|Model Training / Technological / Confidence miscalibration|Model Training / Technological / Overfitting|Model operation / Technological / Concept drift|Knowledge selection / Human / Data representativeness|Knowledge selection / Human / Dataset bias
P2,84,18000126,True,0.037059203529490166,,,Model operation / Technological / Cascading error propagation|Knowledge analysis / Technological / Incorrect spatial-geometric interpretation|Model Training / Technological / Confidence miscalibration,Model operation / Technological / Cascading error propagation|Knowledge analysis / Technological / Incorrect spatial-geometric interpretation|Model Training / Technological / Confidence miscalibration|Model Training / Technological / Confabulations|Model operation / Human / Loss of situational awareness,Model operation / Technological / Cascading error propagation|Knowledge analysis / Technological / Incorrect spatial-geometric interpretation|Model Training / Technological / Confidence miscalibration|Model Training / Technological / Confabulations|Model operation / Human / Loss of situational awareness|Model operation / Technological / Sensor artifacts|Model operation / Technological / Concept drift|Model Training / Technological / Overfitting|Knowledge selection / Human / Data representativeness|Knowledge selection / Human / Dataset bias
P2,85,18000127,False,0.11739861206305471,,,Model operation / Technological / Cascading error propagation|Knowledge analysis / Technological / Incorrect spatial-geometric interpretation|Model operation / Human / Loss of situational awareness,Model operation / Technological / Cascading error propagation|Knowledge analysis / Technological / Incorrect spatial-geometric interpretation|Model operation / Human / Loss of situational awareness|Model Training / Technological / Overfitting|Model operation / Technological / Sensor artifacts,Model operation / Technological / Cascading error propagation|Knowledge analysis / Technological / Incorrect spatial-geometric interpretation|Model operation / Human / Loss of situational awareness|Model Training / Technological / Overfitting|Model operation / Technological / Sensor artifacts|Model operation / Technological / Concept drift|Model Training / Technological / Confabulations|Model Training / Technological / Confidence miscalibration|Knowledge selection / Human / Data representativeness|Knowledge selection / Human / Dataset bias
P2,86,18000128,True,0.030735945155423973,,,Model operation / Technological / Cascading error propagation|Model Training / Technological / Confabulations|Model Training / Technological / Confidence miscalibration,Model operation / Technological / Cascading error propagation|Model Training / Technological / Confabulations|Model Training / Technological / Confidence miscalibration|Model Training / Technological / Overfitting|Knowledge analysis / Technological / Incorrect spatial-geometric interpretation,Model operation / Technological / Cascading error propagation|Model Training / Technological / Confabulations|Model Training / Technological / Confidence miscalibration|Model Training / Technological / Overfitting|Knowledge analysis / Technological / Incorrect spatial-geometric interpretation|Model operation / Technological / Sensor artifacts|Model operation / Human / Loss of situational awareness|Model operation / Technological / Concept drift|Knowledge selection / Human / Dataset bias|Knowledge selection / Human / Data representativeness
P2,87,18000129,True,0.024002226325043976,,,Model operation / Technological / Cascading error propagation|Knowledge analysis / Technological / Incorrect spatial-geometric interpretation|Model Training / Technological / Confabulations,Model operation / Technological / Cascading error propagation|Knowledge analysis / Technological / Incorrect spatial-geometric interpretation|Model Training / Technological / Confabulations|Model Training / Technological / Confidence miscalibration|Model Training / Technological / Overfitting,Model operation / Technological / Cascading error propagation|Knowledge analysis / Technological / Incorrect spatial-geometric interpretation|Model Training / Technological / Confabulations|Model Training / Technological / Confidence miscalibration|Model Training / Technological / Overfitting|Model operation / Human / Loss of situational awareness|Model operation / Technological / Concept drift|Model operation / Technological / Sensor artifacts|Knowledge selection / Human / Data representativeness|Knowledge selection / Human / Dataset bias
P2,88,18000130,True,0.05417134619718949,,,Model operation / Technological / Cascading error propagation|Knowledge analysis / Technological / Incorrect spatial-geometric interpretation|Model operation / Human / Loss of situational awareness,Model operation / Technological / Cascading error propagation|Knowledge analysis / Technological / Incorrect spatial-geometric interpretation|Model operation / Human / Loss of situational awareness|Model Training / Technological / Confidence miscalibration|Model Training / Technological / Confabulations,Model operation / Technological / Cascading error propagation|Knowledge analysis / Technological / Incorrect spatial-geometric interpretation|Model operation / Human / Loss of situational awareness|Model Training / Technological / Confidence miscalibration|Model Training / Technological / Confabulations|Model operation / Technological / Sensor artifacts|Model operation / Technological / Concept drift|Model Training / Technological / Overfitting|Knowledge selection / Human / Data representativeness|Knowledge selection / Human / Dataset bias
P2,89,18000131,True,0.03566825423852924,,,Model operation / Technological / Cascading error propagation|Knowledge analysis / Technological / Incorrect spatial-geometric interpretation|Model Training / Technological / Confidence miscalibration,Model operation / Technological / Cascading error propagation|Knowledge analysis / Technological / Incorrect spatial-geometric interpretation|Model Training / Technological / Confidence miscalibration|Model operation / Human / Loss of situational awareness|Model Training / Technological / Overfitting,Model operation / Technological / Cascading error propagation|Knowledge analysis / Technological / Incorrect spatial-geometric interpretation|Model Training / Technological / Confidence miscalibration|Model operation / Human / Loss of situational awareness|Model Training / Technological / Overfitting|Model Training / Technological / Confabulations|Model operation / Technological / Sensor artifacts|Model operation / Technological / Concept drift|Knowledge selection / Human / Dataset bias|Knowledge selection / Human / Data representativeness
P2,90,18000132,True,0.06441019992204461,,,Model operation / Technological / Cascading error propagation|Knowledge analysis / Technological / Incorrect spatial-geometric interpretation|Model operation / Human / Loss of situational awareness,Model operation / Technological / Cascading error propagation|Knowledge analysis / Technological / Incorrect spatial-geometric interpretation|Model operation / Human / Loss of situational awareness|Model operation / Technological / Sensor artifacts|Model operation / Technological / Concept drift,Model operation / Technological / Cascading error propagation|Knowledge analysis / Technological / Incorrect spatial-geometric interpretation|Model operation / Human / Loss of situational awareness|Model operation / Technological / Sensor artifacts|Model operation / Technological / Concept drift|Model Training / Technological / Overfitting|Model Training / Technological / Confidence miscalibration|Model Training / Technological / Confabulations|Knowledge selection / Human / Dataset bias|Knowledge selection / Human / Data representativeness
P2,91,18000133,True,0.07130863866288115,,,Model operation / Technological / Cascading error propagation|Knowledge analysis / Technological / Incorrect spatial-geometric interpretation|Model operation / Human / Loss of situational awareness,Model operation / Technological / Cascading error propagation|Knowledge analysis / Technological / Incorrect spatial-geometric interpretation|Model operation / Human / Loss of situational awareness|Model operation / Technological / Sensor artifacts|Model operation / Technological / Concept drift,Model operation / Technological / Cascading error propagation|Knowledge analysis / Technological / Incorrect spatial-geometric interpretation|Model operation / Human / Loss of situational awareness|Model operation / Technological / Sensor artifacts|Model operation / Technological / Concept drift|Model Training / Technological / Overfitting|Model Training / Technological / Confabulations|Model Training / Technological / Confidence miscalibration|Knowledge selection / Human / Dataset bias|Knowledge selection / Human / Data representativeness
P2,92,18000134,True,0.021389657380069857,,,Model operation / Technological / Cascading error propagation|Knowledge analysis / Technological / Incorrect spatial-geometric interpretation|Model operation / Human / Loss of situational awareness,Model operation / Technological / Cascading error propagation|Knowledge analysis / Technological / Incorrect spatial-geometric interpretation|Model operation / Human / Loss of situational awareness|Model operation / Technological / Sensor artifacts|Model operation / Technological / Concept drift,Model operation / Technological / Cascading error propagation|Knowledge analysis / Technological / Incorrect spatial-geometric interpretation|Model operation / Human / Loss of situational awareness|Model operation / Technological / Sensor artifacts|Model operation / Technological / Concept drift|Model Training / Technological / Confidence miscalibration|Model Training / Technological / Confabulations|Model Training / Technological / Overfitting|Knowledge selection / Human / Dataset bias|Knowledge selection / Human / Data representativeness
P2,93,18000135,True,0.06922400324248743,,,Model operation / Technological / Cascading error propagation|Knowledge analysis / Technological / Incorrect spatial-geometric interpretation|Model Training / Technological / Confabulations,Model operation / Technological / Cascading error propagation|Knowledge analysis / Technological / Incorrect spatial-geometric interpretation|Model Training / Technological / Confabulations|Model operation / Human / Loss of situational awareness|Model Training / Technological / Overfitting,Model operation / Technological / Cascading error propagation|Knowledge analysis / Technological / Incorrect spatial-geometric interpretation|Model Training / Technological / Confabulations|Model operation / Human / Loss of situational awareness|Model Training / Technological / Overfitting|Model Training / Technological / Confidence miscalibration|Model operation / Technological / Sensor artifacts|Model operation / Technological / Concept drift|Knowledge selection / Human / Dataset bias|Knowledge selection / Human / Data representativeness
P2,94,18000136,True,0.04712483168947321,,,Model operation / Technological / Cascading error propagation|Model operation / Human / Loss of situational awareness|Knowledge analysis / Technological / Incorrect spatial-geometric interpretation,Model operation / Technological / Cascading error propagation|Model operation / Human / Loss of situational awareness|Knowledge analysis / Technological / Incorrect spatial-geometric interpretation|Model operation / Technological / Sensor artifacts|Model Training / Technological / Overfitting,Model operation / Technological / Cascading error propagation|Model operation / Human / Loss of situational awareness|Knowledge analysis / Technological / Incorrect spatial-geometric interpretation|Model operation / Technological / Sensor artifacts|Model Training / Technological / Overfitting|Model Training / Technological / Confidence miscalibration|Model operation / Technological / Concept drift|Model Training / Technological / Confabulations|Knowledge selection / Human / Dataset bias|Knowledge selection / Human / Data representativeness
P2,95,18000137,True,0.007637107133074026,,,Model operation / Technological / Cascading error propagation|Knowledge analysis / Technological / Incorrect spatial-geometric interpretation|Model operation / Human / Loss of situational awareness,Model operation / Technological / Cascading error propagation|Knowledge analysis / Technological / Incorrect spatial-geometric interpretation|Model operation / Human / Loss of situational awareness|Model Training / Technological / Overfitting|Model Training / Technological / Confidence miscalibration,Model operation / Technological / Cascading error propagation|Knowledge analysis / Technological / Incorrect spatial-geometric interpretation|Model operation / Human / Loss of situational awareness|Model Training / Technological / Overfitting|Model Training / Technological / Confidence miscalibration|Model Training / Technological / Confabulations|Model operation / Technological / Sensor artifacts|Model operation / Technological / Concept drift|Knowledge selection / Human / Dataset bias|Knowledge selection / Human / Data representativeness
P2,96,18000138,True,0.053010952518472244,,,Model operation / Technological / Cascading error propagation|Knowledge analysis / Technological / Incorrect spatial-geometric interpretation|Model operation / Human / Loss of situational awareness,Model operation / Technological / Cascading error propagation|Knowledge analysis / Technological / Incorrect spatial-geometric interpretation|Model operation / Human / Loss of situational awareness|Model Training / Technological / Confabulations|Model Training / Technological / Overfitting,Model operation / Technological / Cascading error propagation|Knowledge analysis / Technological / Incorrect spatial-geometric interpretation|Model operation / Human / Loss of situational awareness|Model Training / Technological / Confabulations|Model Training / Technological / Overfitting|Model Training / Technological / Confidence miscalibration|Model operation / Technological / Sensor artifacts|Model operation / Technological / Concept drift|Knowledge selection / Human / Data representativeness|Knowledge selection / Human / Dataset bias
P2,97,18000139,True,0.05368824687241507,,,Model operation / Technological / Cascading error propagation|Model operation / Human / Loss of situational awareness|Knowledge analysis / Technological / Incorrect spatial-geometric interpretation,Model operation / Technological / Cascading error propagation|Model operation / Human / Loss of situational awareness|Knowledge analysis / Technological / Incorrect spatial-geometric interpretation|Model Training / Technological / Confabulations|Model Training / Technological / Overfitting,Model operation / Technological / Cascading error propagation|Model operation / Human / Loss of situational awareness|Knowledge analysis / Technological / Incorrect spatial-geometric interpretation|Model Training / Technological / Confabulations|Model Training / Technological / Overfitting|Model Training / Technological / Confidence miscalibration|Model operation / Technological / Sensor artifacts|Model operation / Technological / Concept drift|Knowledge selection / Human / Data representativeness|Knowledge selection / Human / Dataset bias
P2,98,18000140,False,0.12206970122339503,|Model Training / Technological,,Model operation / Technological / Cascading error propagation|Knowledge analysis / Technological / Incorrect spatial-geometric interpretation|Model Training / Technological / Confidence miscalibration,Model operation / Technological / Cascading error propagation|Knowledge analysis / Technological / Incorrect spatial-geometric interpretation|Model Training / Technological / Confidence miscalibration|Model operation / Technological / Sensor artifacts|Model operation / Human / Loss of situational awareness,Model operation / Technological / Cascading error propagation|Knowledge analysis / Technological / Incorrect spatial-geometric interpretation|Model Training / Technological / Confidence miscalibration|Model operation / Technological / Sensor artifacts|Model operation / Human / Loss of situational awareness|Model Training / Technological / Confabulations|Model operation / Technological / Concept drift|Model Training / Technological / Overfitting|Knowledge selection / Human / Dataset bias|Knowledge selection / Human / Data representativeness
P2,99,18000141,True,0.030101208643073342,,,Model operation / Technological / Cascading error propagation|Knowledge analysis / Technological / Incorrect spatial-geometric interpretation|Model Training / Technological / Confabulations,Model operation / Technological / Cascading error propagation|Knowledge analysis / Technological / Incorrect spatial-geometric interpretation|Model Training / Technological / Confabulations|Model Training / Technological / Overfitting|Model operation / Human / Loss of situational awareness,Model operation / Technological / Cascading error propagation|Knowledge analysis / Technological / Incorrect spatial-geometric interpretation|Model Training / Technological / Confabulations|Model Training / Technological / Overfitting|Model operation / Human / Loss of situational awareness|Model Training / Technological / Confidence miscalibration|Model operation / Technological / Sensor artifacts|Model operation / Technological / Concept drift|Knowledge selection / Human / Data representativeness|Knowledge selection / Human / Dataset bias
P2,100,18000142,True,0.03921150990366775,,,Model operation / Technological / Cascading error propagation|Knowledge analysis / Technological / Incorrect spatial-geometric interpretation|Model operation / Human / Loss of situational awareness,Model operation / Technological / Cascading error propagation|Knowledge analysis / Technological / Incorrect spatial-geometric interpretation|Model operation / Human / Loss of situational awareness|Model Training / Technological / Confidence miscalibration|Model operation / Technological / Sensor artifacts,Model operation / Technological / Cascading error propagation|Knowledge analysis / Technological / Incorrect spatial-geometric interpretation|Model operation / Human / Loss of situational awareness|Model Training / Technological / Confidence miscalibration|Model operation / Technological / Sensor artifacts|Model operation / Technological / Concept drift|Model Training / Technological / Overfitting|Model Training / Technological / Confabulations|Knowledge selection / Human / Data representativeness|Knowledge selection / Human / Dataset bias
P2,101,18000143,True,0.03592192819316981,,,Model operation / Technological / Cascading error propagation|Knowledge analysis / Technological / Incorrect spatial-geometric interpretation|Model operation / Technological / Sensor artifacts,Model operation / Technological / Cascading error propagation|Knowledge analysis / Technological / Incorrect spatial-geometric interpretation|Model operation / Technological / Sensor artifacts|Model operation / Technological / Concept drift|Model operation / Human / Loss of situational awareness,Model operation / Technological / Cascading error propagation|Knowledge analysis / Technological / Incorrect spatial-geometric interpretation|Model operation / Technological / Sensor artifacts|Model operation / Technological / Concept drift|Model operation / Human / Loss of situational awareness|Model Training / Technological / Overfitting|Model Training / Technological / Confabulations|Model Training / Technological / Confidence miscalibration|Knowledge selection / Human / Data representativeness|Knowledge selection / Human / Dataset bias
P2,102,18000144,True,0.06338939678352648,,,Model operation / Technological / Cascading error propagation|Model operation / Human / Loss of situational awareness|Model Training / Technological / Overfitting,Model operation / Technological / Cascading error propagation|Model operation / Human / Loss of situational awareness|Model Training / Technological / Overfitting|Model Training / Technological / Confabulations|Model Training / Technological / Confidence miscalibration,Model operation / Technological / Cascading error propagation|Model operation / Human / Loss of situational awareness|Model Training / Technological / Overfitting|Model Training / Technological / Confabulations|Model Training / Technological / Confidence miscalibration|Knowledge analysis / Technological / Incorrect spatial-geometric interpretation|Model operation / Technological / Concept drift|Model operation / Technological / Sensor artifacts|Knowledge selection / Human / Dataset bias|Knowledge selection / Human / Data representativeness
P2,103,18000145,True,0.059533285311214906,,,Model operation / Technological / Cascading error propagation|Knowledge analysis / Technological / Incorrect spatial-geometric interpretation|Model Training / Technological / Overfitting,Model operation / Technological / Cascading error propagation|Knowledge analysis / Technological / Incorrect spatial-geometric interpretation|Model Training / Technological / Overfitting|Model Training / Technological / Confidence miscalibration|Model operation / Human / Loss of situational awareness,Model operation / Technological / Cascading error propagation|Knowledge analysis / Technological / Incorrect spatial-geometric interpretation|Model Training / Technological / Overfitting|Model Training / Technological / Confidence miscalibration|Model operation / Human / Loss of situational awareness|Model Training / Technological / Confabulations|Model operation / Technological / Sensor artifacts|Model operation / Technological / Concept drift|Knowledge selection / Human / Dataset bias|Knowledge selection / Human / Data representativeness
P2,104,18000146,True,0.06726099135730695,,,Model operation / Technological / Cascading error propagation|Knowledge analysis / Technological / Incorrect spatial-geometric interpretation|Model operation / Human / Loss of situational awareness,Model operation / Technological / Cascading error propagation|Knowledge analysis / Technological / Incorrect spatial-geometric interpretation|Model operation / Human / Loss of situational awareness|Model operation / Technological / Sensor artifacts|Model Training / Technological / Confidence miscalibration,Model operation / Technological / Cascading error propagation|Knowledge analysis / Technological / Incorrect spatial-geometric interpretation|Model operation / Human / Loss of situational awareness|Model operation / Technological / Sensor artifacts|Model Training / Technological / Confidence miscalibration|Model Training / Technological / Confabulations|Model Training / Technological / Overfitting|Model operation / Technological / Concept drift|Knowledge selection / Human / Data representativeness|Knowledge selection / Human / Dataset bias
P2,105,18000147,True,0.018940511182303364,,,Model operation / Technological / Cascading error propagation|Knowledge analysis / Technological / Incorrect spatial-geometric interpretation|Model operation / Human / Loss of situational awareness,Model operation / Technological / Cascading error propagation|Knowledge analysis / Technological / Incorrect spatial-geometric interpretation|Model operation / Human / Loss of situational awareness|Model operation / Technological / Sensor artifacts|Model Training / Technological / Overfitting,Model operation / Technological / Cascading error propagation|Knowledge analysis / Technological / Incorrect spatial-geometric interpretation|Model operation / Human / Loss of situational awareness|Model operation / Technological / Sensor artifacts|Model Training / Technological / Overfitting|Model operation / Technological / Concept drift|Model Training / Technological / Confabulations|Model Training / Technological / Confidence miscalibration|Knowledge selection / Human / Dataset bias|Knowledge selection / Human / Data representativeness
P2,106,18000148,True,0.05272675025312438,,,Model operation / Technological / Cascading error propagation|Knowledge analysis / Technological / Incorrect spatial-geometric interpretation|Model Training / Technological / Overfitting,Model operation / Technological / Cascading error propagation|Knowledge analysis / Technological / Incorrect spatial-geometric interpretation|Model Training / Technological / Overfitting|Model operation / Human / Loss of situational awareness|Model operation / Technological / Sensor artifacts,Model operation / Technological / Cascading error propagation|Knowledge analysis / Technological / Incorrect spatial-geometric interpretation|Model Training / Technological / Overfitting|Model operation / Human / Loss of situational awareness|Model operation / Technological / Sensor artifacts|Model operation / Technological / Concept drift|Model Training / Technological / Confidence miscalibration|Model Training / Technological / Confabulations|Knowledge selection / Human / Data representativeness|Knowledge selection / Human / Dataset bias
P2,107,18000149,True,0.09528603756442172,,,Model operation / Technological / Cascading error propagation|Model operation / Human / Loss of situational awareness|Knowledge analysis / Technological / Incorrect spatial-geometric interpretation,Model operation / Technological / Cascading error propagation|Model operation / Human / Loss of situational awareness|Knowledge analysis / Technological / Incorrect spatial-geometric interpretation|Model Training / Technological / Confabulations|Model operation / Technological / Concept drift,Model operation / Technological / Cascading error propagation|Model operation / Human / Loss of situational awareness|Knowledge analysis / Technological / Incorrect spatial-geometric interpretation|Model Training / Technological / Confabulations|Model operation / Technological / Concept drift|Model operation / Technological / Sensor artifacts|Model Training / Technological / Overfitting|Model Training / Technological / Confidence miscalibration|Knowledge selection / Human / Dataset bias|Knowledge selection / Human / Data representativeness
P2,108,18000150,True,0.08614937744557453,,,Model operation / Technological / Cascading error propagation|Knowledge analysis / Technological / Incorrect spatial-geometric interpretation|Model Training / Technological / Overfitting,Model operation / Technological / Cascading error propagation|Knowledge analysis / Technological / Incorrect spatial-geometric interpretation|Model Training / Technological / Overfitting|Model Training / Technological / Confabulations|Model Training / Technological / Confidence miscalibration,Model operation / Technological / Cascading error propagation|Knowledge analysis / Technological / Incorrect spatial-geometric interpretation|Model Training / Technological / Overfitting|Model Training / Technological / Confabulations|Model Training / Technological / Confidence miscalibration|Model operation / Human / Loss of situational awareness|Model operation / Technological / Concept drift|Model operation / Technological / Sensor artifacts|Knowledge selection / Human / Data representativeness|Knowledge selection / Human / Dataset bias
P2,109,18000151,True,0.051941697351830476,,,Model operation / Technological / Cascading error propagation|Knowledge analysis / Technological / Incorrect spatial-geometric interpretation|Model operation / Human / Loss of situational awareness,Model operation / Technological / Cascading error propagation|Knowledge analysis / Technological / Incorrect spatial-geometric interpretation|Model operation / Human / Loss of situational awareness|Model operation / Technological / Sensor artifacts|Model Training / Technological / Confidence miscalibration,Model operation / Technological / Cascading error propagation|Knowledge analysis / Technological / Incorrect spatial-geometric interpretation|Model operation / Human / Loss of situational awareness|Model operation / Technological / Sensor artifacts|Model Training / Technological / Confidence miscalibration|Model operation / Technological / Concept drift|Model Training / Technological / Overfitting|Model Training / Technological / Confabulations|Knowledge selection / Human / Data representativeness|Knowledge selection / Human / Dataset bias
P2,110,18000152,True,0.023702893600617878,,,Model operation / Technological / Cascading error propagation|Knowledge analysis / Technological / Incorrect spatial-geometric interpretation|Model operation / Human / Loss of situational awareness,Model operation / Technological / Cascading error propagation|Knowledge analysis / Technological / Incorrect spatial-geometric interpretation|Model operation / Human / Loss of situational awareness|Model Training / Technological / Overfitting|Model Training / Technological / Confabulations,Model operation / Technological / Cascading error propagation|Knowledge analysis / Technological / Incorrect spatial-geometric interpretation|Model operation / Human / Loss of situational awareness|Model Training / Technological / Overfitting|Model Training / Technological / Confabulations|Model Training / Technological / Confidence miscalibration|Model operation / Technological / Concept drift|Model operation / Technological / Sensor artifacts|Knowledge selection / Human / Data representativeness|Knowledge selection / Human / Dataset bias
P2,111,18000153,True,0.03008419435677622,,,Model operation / Technological / Cascading error propagation|Knowledge analysis / Technological / Incorrect spatial-geometric interpretation|Model operation / Human / Loss of situational awareness,Model operation / Technological / Cascading error propagation|Knowledge analysis / Technological / Incorrect spatial-geometric interpretation|Model operation / Human / Loss of situational awareness|Model operation / Technological / Concept drift|Model Training / Technological / Confabulations,Model operation / Technological / Cascading error propagation|Knowledge analysis / Technological / Incorrect spatial-geometric interpretation|Model operation / Human / Loss of situational awareness|Model operation / Technological / Concept drift|Model Training / Technological / Confabulations|Model Training / Technological / Confidence miscalibration|Model Training / Technological / Overfitting|Model operation / Technological / Sensor artifacts|Knowledge selection / Human / Dataset bias|Knowledge selection / Human / Data representativeness
P2,112,18000154,True,0.03932007150499934,,,Model operation / Technological / Cascading error propagation|Knowledge analysis / Technological / Incorrect spatial-geometric interpretation|Model operation / Human / Loss of situational awareness,Model operation / Technological / Cascading error propagation|Knowledge analysis / Technological / Incorrect spatial-geometric interpretation|Model operation / Human / Loss of situational awareness|Model operation / Technological / Sensor artifacts|Model operation / Technological / Concept drift,Model operation / Technological / Cascading error propagation|Knowledge analysis / Technological / Incorrect spatial-geometric interpretation|Model operation / Human / Loss of situational awareness|Model operation / Technological / Sensor artifacts|Model operation / Technological / Concept drift|Model Training / Technological / Overfitting|Model Training / Technological / Confidence miscalibration|Model Training / Technological / Confabulations|Knowledge selection / Human / Data representativeness|Knowledge selection / Human / Dataset bias
P2,113,18000155,True,0.03008419435677469,,,Model operation / Technological / Cascading error propagation|Knowledge analysis / Technological / Incorrect spatial-geometric interpretation|Model operation / Technological / Sensor artifacts,Model operation / Technological / Cascading error propagation|Knowledge analysis / Technological / Incorrect spatial-geometric interpretation|Model operation / Technological / Sensor artifacts|Model operation / Human / Loss of situational awareness|Model operation / Technological / Concept drift,Model operation / Technological / Cascading error propagation|Knowledge analysis / Technological / Incorrect spatial-geometric interpretation|Model operation / Technological / Sensor artifacts|Model operation / Human / Loss of situational awareness|Model operation / Technological / Concept drift|Model Training / Technological / Confidence miscalibration|Model Training / Technological / Confabulations|Model Training / Technological / Overfitting|Knowledge selection / Human / Data representativeness|Knowledge selection / Human / Dataset bias
P2,114,18000156,True,0.035996986373039164,,,Model operation / Technological / Cascading error propagation|Knowledge analysis / Technological / Incorrect spatial-geometric interpretation|Model Training / Technological / Confidence miscalibration,Model operation / Technological / Cascading error propagation|Knowledge analysis / Technological / Incorrect spatial-geometric interpretation|Model Training / Technological / Confidence miscalibration|Model operation / Human / Loss of situational awareness|Model Training / Technological / Overfitting,Model operation / Technological / Cascading error propagation|Knowledge analysis / Technological / Incorrect spatial-geometric interpretation|Model Training / Technological / Confidence miscalibration|Model operation / Human / Loss of situational awareness|Model Training / Technological / Overfitting|Model Training / Technological / Confabulations|Model operation / Technological / Sensor artifacts|Model operation / Technological / Concept drift|Knowledge selection / Human / Data representativeness|Knowledge selection / Human / Dataset bias
P2,115,18000157,False,0.12631047548053528,,,Model operation / Technological / Cascading error propagation|Knowledge analysis / Technological / Incorrect spatial-geometric interpretation|Model Training / Technological / Confidence miscalibration,Model operation / Technological / Cascading error propagation|Knowledge analysis / Technological / Incorrect spatial-geometric interpretation|Model Training / Technological / Confidence miscalibration|Model operation / Technological / Sensor artifacts|Model operation / Human / Loss of situational awareness,Model operation / Technological / Cascading error propagation|Knowledge analysis / Technological / Incorrect spatial-geometric interpretation|Model Training / Technological / Confidence miscalibration|Model operation / Technological / Sensor artifacts|Model operation / Human / Loss of situational awareness|Model Training / Technological / Confabulations|Model Training / Technological / Overfitting|Model operation / Technological / Concept drift|Knowledge selection / Human / Dataset bias|Knowledge selection / Human / Data representativeness
P2,116,18000158,True,0.0935616630766611,,,Model operation / Technological / Cascading error propagation|Knowledge analysis / Technological / Incorrect spatial-geometric interpretation|Model Training / Technological / Overfitting,Model operation / Technological / Cascading error propagation|Knowledge analysis / Technological / Incorrect spatial-geometric interpretation|Model Training / Technological / Overfitting|Model operation / Human / Loss of situational awareness|Model operation / Technological / Concept drift,Model operation / Technological / Cascading error propagation|Knowledge analysis / Technological / Incorrect spatial-geometric interpretation|Model Training / Technological / Overfitting|Model operation / Human / Loss of situational awareness|Model operation / Technological / Concept drift|Model Training / Technological / Confidence miscalibration|Model operation / Technological / Sensor artifacts|Model Training / Technological / Confabulations|Knowledge selection / Human / Dataset bias|Knowledge selection / Human / Data representativeness
P2,117,18000159,True,0.07801161077012359,,,Model operation / Technological / Cascading error propagation|Knowledge analysis / Technological / Incorrect spatial-geometric interpretation|Model operation / Human / Loss of situational awareness,Model operation / Technological / Cascading error propagation|Knowledge analysis / Technological / Incorrect spatial-geometric interpretation|Model operation / Human / Loss of situational awareness|Model Training / Technological / Confabulations|Model Training / Technological / Overfitting,Model operation / Technological / Cascading error propagation|Knowledge analysis / Technological / Incorrect spatial-geometric interpretation|Model operation / Human / Loss of situational awareness|Model Training / Technological / Confabulations|Model Training / Technological / Overfitting|Model Training / Technological / Confidence miscalibration|Model operation / Technological / Sensor artifacts|Model operation / Technological / Concept drift|Knowledge selection / Human / Dataset bias|Knowledge selection / Human / Data representativeness
P2,118,18000160,False,0.15252434650532776,Model operation / Technological,,Model operation / Technological / Cascading error propagation|Knowledge analysis / Technological / Incorrect spatial-geometric interpretation|Model operation / Technological / Concept drift,Model operation / Technological / Cascading error propagation|Knowledge analysis / Technological / Incorrect spatial-geometric interpretation|Model operation / Technological / Concept drift|Model operation / Human / Loss of situational awareness|Model Training / Technological / Overfitting,Model operation / Technological / Cascading error propagation|Knowledge analysis / Technological / Incorrect spatial-geometric interpretation|Model operation / Technological / Concept drift|Model operation / Human / Loss of situational awareness|Model Training / Technological / Overfitting|Model Training / Technological / Confabulations|Model Training / Technological / Confidence miscalibration|Model operation / Technological / Sensor artifacts|Knowledge selection / Human / Data representativeness|Knowledge selection / Human / Dataset bias
P2,119,18000161,True,0.01697010537091259,,,Model operation / Technological / Cascading error propagation|Knowledge analysis / Technological / Incorrect spatial-geometric interpretation|Model operation / Human / Loss of situational awareness,Model operation / Technological / Cascading error propagation|Knowledge analysis / Technological / Incorrect spatial-geometric interpretation|Model operation / Human / Loss of situational awareness|Model operation / Technological / Concept drift|Model Training / Technological / Confidence miscalibration,Model operation / Technological / Cascading error propagation|Knowledge analysis / Technological / Incorrect spatial-geometric interpretation|Model operation / Human / Loss of situational awareness|Model operation / Technological / Concept drift|Model Training / Technological / Confidence miscalibration|Model Training / Technological / Overfitting|Model Training / Technological / Confabulations|Model operation / Technological / Sensor artifacts|Knowledge selection / Human / Dataset bias|Knowledge selection / Human / Data representativeness
P2,120,18000162,True,0.023287846584350506,,,Model operation / Technological / Cascading error propagation|Knowledge analysis / Technological / Incorrect spatial-geometric interpretation|Model operation / Human / Loss of situational awareness,Model operation / Technological / Cascading error propagation|Knowledge analysis / Technological / Incorrect spatial-geometric interpretation|Model operation / Human / Loss of situational awareness|Model Training / Technological / Confidence miscalibration|Model operation / Technological / Concept drift,Model operation / Technological / Cascading error propagation|Knowledge analysis / Technological / Incorrect spatial-geometric interpretation|Model operation / Human / Loss of situational awareness|Model Training / Technological / Confidence miscalibration|Model operation / Technological / Concept drift|Model operation / Technological / Sensor artifacts|Model Training / Technological / Overfitting|Model Training / Technological / Confabulations|Knowledge selection / Human / Dataset bias|Knowledge selection / Human / Data representativeness
P2,121,18000163,True,0.02697910444713528,,,Model operation / Technological / Cascading error propagation|Knowledge analysis / Technological / Incorrect spatial-geometric interpretation|Model operation / Human / Loss of situational awareness,Model operation / Technological / Cascading error propagation|Knowledge analysis / Technological / Incorrect spatial-geometric interpretation|Model operation / Human / Loss of situational awareness|Model Training / Technological / Confabulations|Model Training / Technological / Confidence miscalibration,Model operation / Technological / Cascading error propagation|Knowledge analysis / Technological / Incorrect spatial-geometric interpretation|Model operation / Human / Loss of situational awareness|Model Training / Technological / Confabulations|Model Training / Technological / Confidence miscalibration|Model Training / Technological / Overfitting|Model operation / Technological / Sensor artifacts|Model operation / Technological / Concept drift|Knowledge selection / Human / Dataset bias|Knowledge selection / Human / Data representativeness
P2,122,18000164,True,0.02328784658435018,,,Model operation / Technological / Cascading error propagation|Model Training / Technological / Confidence miscalibration|Model Training / Technological / Confabulations,Model operation / Technological / Cascading error propagation|Model Training / Technological / Confidence miscalibration|Model Training / Technological / Confabulations|Model Training / Technological / Overfitting|Knowledge analysis / Technological / Incorrect spatial-geometric interpretation,Model operation / Technological / Cascading error propagation|Model Training / Technological / Confidence miscalibration|Model Training / Technological / Confabulations|Model Training / Technological / Overfitting|Knowledge analysis / Technological / Incorrect spatial-geometric interpretation|Model operation / Human / Loss of situational awareness|Model operation / Technological / Sensor artifacts|Model operation / Technological / Concept drift|Knowledge selection / Human / Data representativeness|Knowledge selection / Human / Dataset bias
P2,123,18000165,True,0.058108518636140374,,,Model operation / Technological / Cascading error propagation|Knowledge analysis / Technological / Incorrect spatial-geometric interpretation|Model operation / Human / Loss of situational awareness,Model operation / Technological / Cascading error propagation|Knowledge analysis / Technological / Incorrect spatial-geometric interpretation|Model operation / Human / Loss of situational awareness|Model Training / Technological / Confidence miscalibration|Model operation / Technological / Concept drift,Model operation / Technological / Cascading error propagation|Knowledge analysis / Technological / Incorrect spatial-geometric interpretation|Model operation / Human / Loss of situational awareness|Model Training / Technological / Confidence miscalibration|Model operation / Technological / Concept drift|Model Training / Technological / Overfitting|Model Training / Technological / Confabulations|Model operation / Technological / Sensor artifacts|Knowledge selection / Human / Data representativeness|Knowledge selection / Human / Dataset bias
P2,124,18000166,True,0.05656282398041452,,,Model operation / Technological / Cascading error propagation|Knowledge analysis / Technological / Incorrect spatial-geometric interpretation|Model operation / Human / Loss of situational awareness,Model operation / Technological / Cascading error propagation|Knowledge analysis / Technological / Incorrect spatial-geometric interpretation|Model operation / Human / Loss of situational awareness|Model Training / Technological / Overfitting|Model Training / Technological / Confabulations,Model operation / Technological / Cascading error propagation|Knowledge analysis / Technological / Incorrect spatial-geometric interpretation|Model operation / Human / Loss of situational awareness|Model Training / Technological / Overfitting|Model Training / Technological / Confabulations|Model Training / Technological / Confidence miscalibration|Model operation / Technological / Sensor artifacts|Model operation / Technological / Concept drift|Knowledge selection / Human / Dataset bias|Knowledge selection / Human / Data representativeness
P2,125,18000167,True,0.09505082893199142,,,Model operation / Technological / Cascading error propagation|Knowledge analysis / Technological / Incorrect spatial-geometric interpretation|Model Training / Technological / Confabulations,Model operation / Technological / Cascading error propagation|Knowledge analysis / Technological / Incorrect spatial-geometric interpretation|Model Training / Technological / Confabulations|Model operation / Human / Loss of situational awareness|Model operation / Technological / Sensor artifacts,Model operation / Technological / Cascading error propagation|Knowledge analysis / Technological / Incorrect spatial-geometric interpretation|Model Training / Technological / Confabulations|Model operation / Human / Loss of situational awareness|Model operation / Technological / Sensor artifacts|Model operation / Technological / Concept drift|Model Training / Technological / Overfitting|Model Training / Technological / Confidence miscalibration|Knowledge selection / Human / Data representativeness|Knowledge selection / Human / Dataset bias
P2,126,18000168,True,0.03128360233614703,,,Model operation / Technological / Cascading error propagation|Model operation / Human / Loss of situational awareness|Knowledge analysis / Technological / Incorrect spatial-geometric interpretation,Model operation / Technological / Cascading error propagation|Model operation / Human / Loss of situational awareness|Knowledge analysis / Technological / Incorrect spatial-geometric interpretation|Model operation / Technological / Concept drift|Model operation / Technological / Sensor artifacts,Model operation / Technological / Cascading error propagation|Model operation / Human / Loss of situational awareness|Knowledge analysis / Technological / Incorrect spatial-geometric interpretation|Model operation / Technological / Concept drift|Model operation / Technological / Sensor artifacts|Model Training / Technological / Confabulations|Model Training / Technological / Confidence miscalibration|Model Training / Technological / Overfitting|Knowledge selection / Human / Dataset bias|Knowledge selection / Human / Data representativeness
P2,127,18000169,True,0.030101208643076305,,,Model operation / Technological / Cascading error propagation|Model operation / Human / Loss of situational awareness|Knowledge analysis / Technological / Incorrect spatial-geometric interpretation,Model operation / Technological / Cascading error propagation|Model operation / Human / Loss of situational awareness|Knowledge analysis / Technological / Incorrect spatial-geometric interpretation|Model Training / Technological / Overfitting|Model Training / Technological / Confabulations,Model operation / Technological / Cascading error propagation|Model operation / Human / Loss of situational awareness|Knowledge analysis / Technological / Incorrect spatial-geometric interpretation|Model Training / Technological / Overfitting|Model Training / Technological / Confabulations|Model Training / Technological / Confidence miscalibration|Model operation / Technological / Sensor artifacts|Model operation / Technological / Concept drift|Knowledge selection / Human / Data representativeness|Knowledge selection / Human / Dataset bias
P2,128,18000170,True,0.04900021357491507,,,Model operation / Technological / Cascading error propagation|Model operation / Human / Loss of situational awareness|Model Training / Technological / Overfitting,Model operation / Technological / Cascading error propagation|Model operation / Human / Loss of situational awareness|Model Training / Technological / Overfitting|Knowledge analysis / Technological / Incorrect spatial-geometric interpretation|Model Training / Technological / Confidence miscalibration,Model operation / Technological / Cascading error propagation|Model operation / Human / Loss of situational awareness|Model Training / Technological / Overfitting|Knowledge analysis / Technological / Incorrect spatial-geometric interpretation|Model Training / Technological / Confidence miscalibration|Model Training / Technological / Confabulations|Model operation / Technological / Sensor artifacts|Model operation / Technological / Concept drift|Knowledge selection / Human / Data representativeness|Knowledge selection / Human / Dataset bias
P2,129,18000171,True,0.01650368346077659,,,Model operation / Technological / Cascading error propagation|Knowledge analysis / Technological / Incorrect spatial-geometric interpretation|Model Training / Technological / Overfitting,Model operation / Technological / Cascading error propagation|Knowledge analysis / Technological / Incorrect spatial-geometric interpretation|Model Training / Technological / Overfitting|Model Training / Technological / Confabulations|Model operation / Technological / Sensor artifacts,Model operation / Technological / Cascading error propagation|Knowledge analysis / Technological / Incorrect spatial-geometric interpretation|Model Training / Technological / Overfitting|Model Training / Technological / Confabulations|Model operation / Technological / Sensor artifacts|Model operation / Human / Loss of situational awareness|Model operation / Technological / Concept drift|Model Training / Technological / Confidence miscalibration|Knowledge selection / Human / Dataset bias|Knowledge selection / Human / Data representativeness
P2,130,18000172,True,0.026300954629482384,,,Model operation / Technological / Cascading error propagation|Model operation / Human / Loss of situational awareness|Knowledge analysis / Technological / Incorrect spatial-geometric interpretation,Model operation / Technological / Cascading error propagation|Model operation / Human / Loss of situational awareness|Knowledge analysis / Technological / Incorrect spatial-geometric interpretation|Model Training / Technological / Confabulations|Model Training / Technological / Confidence miscalibration,Model operation / Technological / Cascading error propagation|Model operation / Human / Loss of situational awareness|Knowledge analysis / Technological / Incorrect spatial-geometric interpretation|Model Training / Technological / Confabulations|Model Training / Technological / Confidence miscalibration|Model Training / Technological / Overfitting|Model operation / Technological / Sensor artifacts|Model operation / Technological / Concept drift|Knowledge selection / Human / Data representativeness|Knowledge selection / Human / Dataset bias
P2,131,18000173,True,0.029056748031297788,,,Model operation / Technological / Cascading error propagation|Knowledge analysis / Technological / Incorrect spatial-geometric interpretation|Model Training / Technological / Confidence miscalibration,Model operation / Technological / Cascading error propagation|Knowledge analysis / Technological / Incorrect spatial-geometric interpretation|Model Training / Technological / Confidence miscalibration|Model Training / Technological / Overfitting|Model operation / Technological / Concept drift,Model operation / Technological / Cascading error propagation|Knowledge analysis / Technological / Incorrect spatial-geometric interpretation|Model Training / Technological / Confidence miscalibration|Model Training / Technological / Overfitting|Model operation / Technological / Concept drift|Model operation / Human / Loss of situational awareness|Model Training / Technological / Confabulations|Model operation / Technological / Sensor artifacts|Knowledge selection / Human / Data representativeness|Knowledge selection / Human / Dataset bias
P2,132,18000174,True,0.02539044654817608,,,Model operation / Technological / Cascading error propagation|Model operation / Human / Loss of situational awareness|Knowledge analysis / Technological / Incorrect spatial-geometric interpretation,Model operation / Technological / Cascading error propagation|Model operation / Human / Loss of situational awareness|Knowledge analysis / Technological / Incorrect spatial-geometric interpretation|Model Training / Technological / Overfitting|Model Training / Technological / Confabulations,Model operation / Technological / Cascading error propagation|Model operation / Human / Loss of situational awareness|Knowledge analysis / Technological / Incorrect spatial-geometric interpretation|Model Training / Technological / Overfitting|Model Training / Technological / Confabulations|Model Training / Technological / Confidence miscalibration|Model operation / Technological / Sensor artifacts|Model operation / Technological / Concept drift|Knowledge selection / Human / Data representativeness|Knowledge selection / Human / Dataset bias
P2,133,18000175,True,0.08998477315444472,,,Model operation / Technological / Cascading error propagation|Knowledge analysis / Technological / Incorrect spatial-geometric interpretation|Model operation / Technological / Sensor artifacts,Model operation / Technological / Cascading error propagation|Knowledge analysis / Technological / Incorrect spatial-geometric interpretation|Model operation / Technological / Sensor artifacts|Model operation / Human / Loss of situational awareness|Model Training / Technological / Confidence miscalibration,Model operation / Technological / Cascading error propagation|Knowledge analysis / Technological / Incorrect spatial-geometric interpretation|Model operation / Technological / Sensor artifacts|Model operation / Human / Loss of situational awareness|Model Training / Technological / Confidence miscalibration|Model Training / Technological / Confabulations|Model Training / Technological / Overfitting|Model operation / Technological / Concept drift|Knowledge selection / Human / Dataset bias|Knowledge selection / Human / Data representativeness
P2,134,18000176,True,0.009664131685887494,,,Model operation / Technological / Cascading error propagation|Knowledge analysis / Technological / Incorrect spatial-geometric interpretation|Model operation / Technological / Concept drift,Model operation / Technological / Cascading error propagation|Knowledge analysis / Technological / Incorrect spatial-geometric interpretation|Model operation / Technological / Concept drift|Model operation / Technological / Sensor artifacts|Model operation / Human / Loss of situational awareness,Model operation / Technological / Cascading error propagation|Knowledge analysis / Technological / Incorrect spatial-geometric interpretation|Model operation / Technological / Concept drift|Model operation / Technological / Sensor artifacts|Model operation / Human / Loss of situational awareness|Model Training / Technological / Confabulations|Model Training / Technological / Confidence miscalibration|Model Training / Technological / Overfitting|Knowledge selection / Human / Data representativeness|Knowledge selection / Human / Dataset bias
P2,135,18000177,True,0.06050580498632549,,,Model operation / Technological / Cascading error propagation|Knowledge analysis / Technological / Incorrect spatial-geometric interpretation|Model operation / Human / Loss of situational awareness,Model operation / Technological / Cascading error propagation|Knowledge analysis / Technological / Incorrect spatial-geometric interpretation|Model operation / Human / Loss of situational awareness|Model operation / Technological / Sensor artifacts|Model operation / Technological / Concept drift,Model operation / Technological / Cascading error propagation|Knowledge analysis / Technological / Incorrect spatial-geometric interpretation|Model operation / Human / Loss of situational awareness|Model operation / Technological / Sensor artifacts|Model operation / Technological / Concept drift|Model Training / Technological / Overfitting|Model Training / Technological / Confidence miscalibration|Model Training / Technological / Confabulations|Knowledge selection / Human / Dataset bias|Knowledge selection / Human / Data representativeness
P2,136,18000178,True,0.05838597446706841,,,Model operation / Technological / Cascading error propagation|Knowledge analysis / Technological / Incorrect spatial-geometric interpretation|Model operation / Human / Loss of situational awareness,Model operation / Technological / Cascading error propagation|Knowledge analysis / Technological / Incorrect spatial-geometric interpretation|Model operation / Human / Loss of situational awareness|Model Training / Technological / Confidence miscalibration|Model Training / Technological / Confabulations,Model operation / Technological / Cascading error propagation|Knowledge analysis / Technological / Incorrect spatial-geometric interpretation|Model operation / Human / Loss of situational awareness|Model Training / Technological / Confidence miscalibration|Model Training / Technological / Confabulations|Model Training / Technological / Overfitting|Model operation / Technological / Concept drift|Model operation / Technological / Sensor artifacts|Knowledge selection / Human / Data representativeness|Knowledge selection / Human / Dataset bias
P2,137,18000179,True,0.04622549644739558,,,Model operation / Technological / Cascading error propagation|Model Training / Technological / Confabulations|Knowledge analysis / Technological / Incorrect spatial-geometric interpretation,Model operation / Technological / Cascading error propagation|Model Training / Technological / Confabulations|Knowledge analysis / Technological / Incorrect spatial-geometric interpretation|Model operation / Human / Loss of situational awareness|Model Training / Technological / Confidence miscalibration,Model operation / Technological / Cascading error propagation|Model Training / Technological / Confabulations|Knowledge analysis / Technological / Incorrect spatial-geometric interpretation|Model operation / Human / Loss of situational awareness|Model Training / Technological / Confidence miscalibration|Model operation / Technological / Concept drift|Model operation / Technological / Sensor artifacts|Model Training / Technological / Overfitting|Knowledge selection / Human / Dataset bias|Knowledge selection / Human / Data representativeness
P2,138,18000180,True,0.04404340012331254,,,Model operation / Technological / Cascading error propagation|Knowledge analysis / Technological / Incorrect spatial-geometric interpretation|Model operation / Human / Loss of situational awareness,Model operation / Technological / Cascading error propagation|Knowledge analysis / Technological / Incorrect spatial-geometric interpretation|Model operation / Human / Loss of situational awareness|Model operation / Technological / Sensor artifacts|Model Training / Technological / Confabulations,Model operation / Technological / Cascading error propagation|Knowledge analysis / Technological / Incorrect spatial-geometric interpretation|Model operation / Human / Loss of situational awareness|Model operation / Technological / Sensor artifacts|Model Training / Technological / Confabulations|Model operation / Technological / Concept drift|Model Training / Technological / Overfitting|Model Training / Technological / Confidence miscalibration|Knowledge selection / Human / Data representativeness|Knowledge selection / Human / Dataset bias
P2,139,18000181,True,0.05315573148608812,,,Model operation / Technological / Cascading error propagation|Knowledge analysis / Technological / Incorrect spatial-geometric interpretation|Model operation / Human / Loss of situational awareness,Model operation / Technological / Cascading error propagation|Knowledge analysis / Technological / Incorrect spatial-geometric interpretation|Model operation / Human / Loss of situational awareness|Model Training / Technological / Confidence miscalibration|Model Training / Technological / Overfitting,Model operation / Technological / Cascading error propagation|Knowledge analysis / Technological / Incorrect spatial-geometric interpretation|Model operation / Human / Loss of situational awareness|Model Training / Technological / Confidence miscalibration|Model Training / Technological / Overfitting|Model operation / Technological / Sensor artifacts|Model operation / Technological / Concept drift|Model Training / Technological / Confabulations|Knowledge selection / Human / Data representativeness|Knowledge selection / Human / Dataset bias
P2,140,18000182,True,0.08402994059130463,,,Model operation / Technological / Cascading error propagation|Knowledge analysis / Technological / Incorrect spatial-geometric interpretation|Model operation / Human / Loss of situational awareness,Model operation / Technological / Cascading error propagation|Knowledge analysis / Technological / Incorrect spatial-geometric interpretation|Model operation / Human / Loss of situational awareness|Model operation / Technological / Sensor artifacts|Model operation / Technological / Concept drift,Model operation / Technological / Cascading error propagation|Knowledge analysis / Technological / Incorrect spatial-geometric interpretation|Model operation / Human / Loss of situational awareness|Model operation / Technological / Sensor artifacts|Model operation / Technological / Concept drift|Model Training / Technological / Confabulations|Model Training / Technological / Confidence miscalibration|Model Training / Technological / Overfitting|Knowledge selection / Human / Dataset bias|Knowledge selection / Human / Data representativeness
P2,141,18000183,True,0.03372082159876175,,,Model operation / Technological / Cascading error propagation|Knowledge analysis / Technological / Incorrect spatial-geometric interpretation|Model Training / Technological / Overfitting,Model operation / Technological / Cascading error propagation|Knowledge analysis / Technological / Incorrect spatial-geometric interpretation|Model Training / Technological / Overfitting|Model Training / Technological / Confabulations|Model operation / Human / Loss of situational awareness,Model operation / Technological / Cascading error propagation|Knowledge analysis / Technological / Incorrect spatial-geometric interpretation|Model Training / Technological / Overfitting|Model Training / Technological / Confabulations|Model operation / Human / Loss of situational awareness|Model operation / Technological / Concept drift|Model operation / Technological / Sensor artifacts|Model Training / Technological / Confidence miscalibration|Knowledge selection / Human / Dataset bias|Knowledge selection / Human / Data representativeness
P2,142,18000184,True,0.08614937744557377,,,Model operation / Technological / Cascading error propagation|Knowledge analysis / Technological / Incorrect spatial-geometric interpretation|Model Training / Technological / Confidence miscalibration,Model operation / Technological / Cascading error propagation|Knowledge analysis / Technological / Incorrect spatial-geometric interpretation|Model Training / Technological / Confidence miscalibration|Model Training / Technological / Confabulations|Model Training / Technological / Overfitting,Model operation / Technological / Cascading error propagation|Knowledge analysis / Technological / Incorrect spatial-geometric interpretation|Model Training / Technological / Confidence miscalibration|Model Training / Technological / Confabulations|Model Training / Technological / Overfitting|Model operation / Human / Loss of situational awareness|Model operation / Technological / Sensor artifacts|Model operation / Technological / Concept drift|Knowledge selection / Human / Data representativeness|Knowledge selection / Human / Dataset bias
P2,143,18000185,True,0.01155390712442573,,,Model operation / Technological / Cascading error propagation|Knowledge analysis / Technological / Incorrect spatial-geometric interpretation|Model operation / Technological / Sensor artifacts,Model operation / Technological / Cascading error propagation|Knowledge analysis / Technological / Incorrect spatial-geometric interpretation|Model operation / Technological / Sensor artifacts|Model operation / Human / Loss of situational awareness|Model operation / Technological / Concept drift,Model operation / Technological / Cascading error propagation|Knowledge analysis / Technological / Incorrect spatial-geometric interpretation|Model operation / Technological / Sensor artifacts|Model operation / Human / Loss of situational awareness|Model operation / Technological / Concept drift|Model Training / Technological / Overfitting|Model Training / Technological / Confidence miscalibration|Model Training / Technological / Confabulations|Knowledge selection / Human / Dataset bias|Knowledge selection / Human / Data representativeness
P2,144,18000186,True,0.01577129938761093,,,Model operation / Technological / Cascading error propagation|Knowledge analysis / Technological / Incorrect spatial-geometric interpretation|Model operation / Human / Loss of situational awareness,Model operation / Technological / Cascading error propagation|Knowledge analysis / Technological / Incorrect spatial-geometric interpretation|Model operation / Human / Loss of situational awareness|Model Training / Technological / Overfitting|Model Training / Technological / Confabulations,Model operation / Technological / Cascading error propagation|Knowledge analysis / Technological / Incorrect spatial-geometric interpretation|Model operation / Human / Loss of situational awareness|Model Training / Technological / Overfitting|Model Training / Technological / Confabulations|Model Training / Technological / Confidence miscalibration|Model operation / Technological / Sensor artifacts|Model operation / Technological / Concept drift|Knowledge selection / Human / Data representativeness|Knowledge selection / Human / Dataset bias
P2,145,18000187,True,0.03392254376880354,,,Model operation / Technological / Cascading error propagation|Model Training / Technological / Overfitting|Knowledge analysis / Technological / Incorrect spatial-geometric interpretation,Model operation / Technological / Cascading error propagation|Model Training / Technological / Overfitting|Knowledge analysis / Technological / Incorrect spatial-geometric interpretation|Model Training / Technological / Confidence miscalibration|Model operation / Human / Loss of situational awareness,Model operation / Technological / Cascading error propagation|Model Training / Technological / Overfitting|Knowledge analysis / Technological / Incorrect spatial-geometric interpretation|Model Training / Technological / Confidence miscalibration|Model operation / Human / Loss of situational awareness|Model Training / Technological / Confabulations|Model operation / Technological / Sensor artifacts|Model operation / Technological / Concept drift|Knowledge selection / Human / Data representativeness|Knowledge selection / Human / Dataset bias
P2,146,18000188,False,0.11463774720924746,,,Model operation / Technological / Cascading error propagation|Knowledge analysis / Technological / Incorrect spatial-geometric interpretation|Model operation / Human / Loss of situational awareness,Model operation / Technological / Cascading error propagation|Knowledge analysis / Technological / Incorrect spatial-geometric interpretation|Model operation / Human / Loss of situational awareness|Model Training / Technological / Overfitting|Model Training / Technological / Confabulations,Model operation / Technological / Cascading error propagation|Knowledge analysis / Technological / Incorrect spatial-geometric interpretation|Model operation / Human / Loss of situational awareness|Model Training / Technological / Overfitting|Model Training / Technological / Confabulations|Model operation / Technological / Sensor artifacts|Model operation / Technological / Concept drift|Model Training / Technological / Confidence miscalibration|Knowledge selection / Human / Dataset bias|Knowledge selection / Human / Data representativeness
P2,147,18000189,True,0.09715466456654948,,,Model operation / Technological / Cascading error propagation|Knowledge analysis / Technological / Incorrect spatial-geometric interpretation|Model operation / Technological / Concept drift,Model operation / Technological / Cascading error propagation|Knowledge analysis / Technological / Incorrect spatial-geometric interpretation|Model operation / Technological / Concept drift|Model operation / Human / Loss of situational awareness|Model Training / Technological / Confidence miscalibration,Model operation / Technological / Cascading error propagation|Knowledge analysis / Technological / Incorrect spatial-geometric interpretation|Model operation / Technological / Concept drift|Model operation / Human / Loss of situational awareness|Model Training / Technological / Confidence miscalibration|Model Training / Technological / Confabulations|Model Training / Technological / Overfitting|Model operation / Technological / Sensor artifacts|Knowledge selection / Human / Data representativeness|Knowledge selection / Human / Dataset bias
P2,148,18000190,True,0.04580653034468217,,,Model operation / Technological / Cascading error propagation|Knowledge analysis / Technological / Incorrect spatial-geometric interpretation|Model operation / Human / Loss of situational awareness,Model operation / Technological / Cascading error propagation|Knowledge analysis / Technological / Incorrect spatial-geometric interpretation|Model operation / Human / Loss of situational awareness|Model operation / Technological / Concept drift|Model operation / Technological / Sensor artifacts,Model operation / Technological / Cascading error propagation|Knowledge analysis / Technological / Incorrect spatial-geometric interpretation|Model operation / Human / Loss of situational awareness|Model operation / Technological / Concept drift|Model operation / Technological / Sensor artifacts|Model Training / Technological / Confabulations|Model Training / Technological / Confidence miscalibration|Model Training / Technological / Overfitting|Knowledge selection / Human / Data representativeness|Knowledge selection / Human / Dataset bias
P2,149,18000191,True,0.07672391085915899,,,Model operation / Technological / Cascading error propagation|Knowledge analysis / Technological / Incorrect spatial-geometric interpretation|Model Training / Technological / Confabulations,Model operation / Technological / Cascading error propagation|Knowledge analysis / Technological / Incorrect spatial-geometric interpretation|Model Training / Technological / Confabulations|Model operation / Human / Loss of situational awareness|Model Training / Technological / Confidence miscalibration,Model operation / Technological / Cascading error propagation|Knowledge analysis / Technological / Incorrect spatial-geometric interpretation|Model Training / Technological / Confabulations|Model operation / Human / Loss of situational awareness|Model Training / Technological / Confidence miscalibration|Model operation / Technological / Sensor artifacts|Model Training / Technological / Overfitting|Model operation / Technological / Concept drift|Knowledge selection / Human / Data representativeness|Knowledge selection / Human / Dataset bias
P2,150,18000192,True,0.04622549644738907,,,Model operation / Technological / Cascading error propagation|Knowledge analysis / Technological / Incorrect spatial-geometric interpretation|Model Training / Technological / Confabulations,Model operation / Technological / Cascading error propagation|Knowledge analysis / Technological / Incorrect spatial-geometric interpretation|Model Training / Technological / Confabulations|Model operation / Human / Loss of situational awareness|Model operation / Technological / Sensor artifacts,Model operation / Technological / Cascading error propagation|Knowledge analysis / Technological / Incorrect spatial-geometric interpretation|Model Training / Technological / Confabulations|Model operation / Human / Loss of situational awareness|Model operation / Technological / Sensor artifacts|Model Training / Technological / Overfitting|Model Training / Technological / Confidence miscalibration|Model operation / Technological / Concept drift|Knowledge selection / Human / Data representativeness|Knowledge selection / Human / Dataset bias
P2,151,18000193,True,0.018940511182305667,,,Model operation / Technological / Cascading error propagation|Knowledge analysis / Technological / Incorrect spatial-geometric interpretation|Model Training / Technological / Overfitting,Model operation / Technological / Cascading error propagation|Knowledge analysis / Technological / Incorrect spatial-geometric interpretation|Model Training / Technological / Overfitting|Model Training / Technological / Confabulations|Model Training / Technological / Confidence miscalibration,Model operation / Technological / Cascading error propagation|Knowledge analysis / Technological / Incorrect spatial-geometric interpretation|Model Training / Technological / Overfitting|Model Training / Technological / Confabulations|Model Training / Technological / Confidence miscalibration|Model operation / Human / Loss of situational awareness|Model operation / Technological / Sensor artifacts|Model operation / Technological / Concept drift|Knowledge selection / Human / Data representativeness|Knowledge selection / Human / Dataset bias
P2,152,18000194,True,0.046225496447392135,,,Model operation / Technological / Cascading error propagation|Knowledge analysis / Technological / Incorrect spatial-geometric interpretation|Model operation / Human / Loss of situational awareness,Model operation / Technological / Cascading error propagation|Knowledge analysis / Technological / Incorrect spatial-geometric interpretation|Model operation / Human / Loss of situational awareness|Model operation / Technological / Sensor artifacts|Model operation / Technological / Concept drift,Model operation / Technological / Cascading error propagation|Knowledge analysis / Technological / Incorrect spatial-geometric interpretation|Model operation / Human / Loss of situational awareness|Model operation / Technological / Sensor artifacts|Model operation / Technological / Concept drift|Model Training / Technological / Confidence miscalibration|Model Training / Technological / Confabulations|Model Training / Technological / Overfitting|Knowledge selection / Human / Data representativeness|Knowledge selection / Human / Dataset bias
P2,153,18000195,True,0.02709382639023773,,,Model operation / Technological / Cascading error propagation|Knowledge analysis / Technological / Incorrect spatial-geometric interpretation|Model Training / Technological / Overfitting,Model operation / Technological / Cascading error propagation|Knowledge analysis / Technological / Incorrect spatial-geometric interpretation|Model Training / Technological / Overfitting|Model Training / Technological / Confidence miscalibration|Model Training / Technological / Confabulations,Model operation / Technological / Cascading error propagation|Knowledge analysis / Technological / Incorrect spatial-geometric interpretation|Model Training / Technological / Overfitting|Model Training / Technological / Confidence miscalibration|Model Training / Technological / Confabulations|Model operation / Human / Loss of situational awareness|Model operation / Technological / Sensor artifacts|Model operation / Technological / Concept drift|Knowledge selection / Human / Data representativeness|Knowledge selection / Human / Dataset bias
P2,154,18000196,True,0.06337372885632118,,,Model operation / Technological / Cascading error propagation|Model Training / Technological / Overfitting|Model Training / Technological / Confidence miscalibration,Model operation / Technological / Cascading error propagation|Model Training / Technological / Overfitting|Model Training / Technological / Confidence miscalibration|Knowledge analysis / Technological / Incorrect spatial-geometric interpretation|Model Training / Technological / Confabulations,Model operation / Technological / Cascading error propagation|Model Training / Technological / Overfitting|Model Training / Technological / Confidence miscalibration|Knowledge analysis / Technological / Incorrect spatial-geometric interpretation|Model Training / Technological / Confabulations|Model operation / Human / Loss of situational awareness|Model operation / Technological / Sensor artifacts|Model operation / Technological / Concept drift|Knowledge selection / Human / Dataset bias|Knowledge selection / Human / Data representativeness
P2,155,18000197,True,0.03251562977953835,,,Model operation / Technological / Cascading error propagation|Knowledge analysis / Technological / Incorrect spatial-geometric interpretation|Model operation / Human / Loss of situational awareness,Model operation / Technological / Cascading error propagation|Knowledge analysis / Technological / Incorrect spatial-geometric interpretation|Model operation / Human / Loss of situational awareness|Model Training / Technological / Confabulations|Model Training / Technological / Confidence miscalibration,Model operation / Technological / Cascading error propagation|Knowledge analysis / Technological / Incorrect spatial-geometric interpretation|Model operation / Human / Loss of situational awareness|Model Training / Technological / Confabulations|Model Training / Technological / Confidence miscalibration|Model Training / Technological / Overfitting|Model operation / Technological / Concept drift|Model operation / Technological / Sensor artifacts|Knowledge selection / Human / Data representativeness|Knowledge selection / Human / Dataset bias
P2,156,18000198,True,0.02468513151481337,,,Model operation / Technological / Cascading error propagation|Model operation / Human / Loss of situational awareness|Model Training / Technological / Confabulations,Model operation / Technological / Cascading error propagation|Model operation / Human / Loss of situational awareness|Model Training / Technological / Confabulations|Knowledge analysis / Technological / Incorrect spatial-geometric interpretation|Model Training / Technological / Confidence miscalibration,Model operation / Technological / Cascading error propagation|Model operation / Human / Loss of situational awareness|Model Training / Technological / Confabulations|Knowledge analysis / Technological / Incorrect spatial-geometric interpretation|Model Training / Technological / Confidence miscalibration|Model operation / Technological / Sensor artifacts|Model operation / Technological / Concept drift|Model Training / Technological / Overfitting|Knowledge selection / Human / Dataset bias|Knowledge selection / Human / Data representativeness
P2,157,18000199,True,0.09297183953015108,,,Model operation / Technological / Cascading error propagation|Model operation / Human / Loss of situational awareness|Knowledge analysis / Technological / Incorrect spatial-geometric interpretation,Model operation / Technological / Cascading error propagation|Model operation / Human / Loss of situational awareness|Knowledge analysis / Technological / Incorrect spatial-geometric interpretation|Model Training / Technological / Overfitting|Model Training / Technological / Confabulations,Model operation / Technological / Cascading error propagation|Model operation / Human / Loss of situational awareness|Knowledge analysis / Technological / Incorrect spatial-geometric interpretation|Model Training / Technological / Overfitting|Model Training / Technological / Confabulations|Model Training / Technological / Confidence miscalibration|Model operation / Technological / Sensor artifacts|Model operation / Technological / Concept drift|Knowledge selection / Human / Data representativeness|Knowledge selection / Human / Dataset bias
P2,158,18000200,True,0.060864992697011816,,,Model operation / Technological / Cascading error propagation|Model operation / Human / Loss of situational awareness|Model operation / Technological / Concept drift,Model operation / Technological / Cascading error propagation|Model operation / Human / Loss of situational awareness|Model operation / Technological / Concept drift|Knowledge analysis / Technological / Incorrect spatial-geometric interpretation|Model Training / Technological / Confidence miscalibration,Model operation / Technological / Cascading error propagation|Model operation / Human / Loss of situational awareness|Model operation / Technological / Concept drift|Knowledge analysis / Technological / Incorrect spatial-geometric interpretation|Model Training / Technological / Confidence miscalibration|Model Training / Technological / Confabulations|Model Training / Technological / Overfitting|Model operation / Technological / Sensor artifacts|Knowledge selection / Human / Dataset bias|Knowledge selection / Human / Data representativeness
P2,159,18000201,True,0.06760272265581842,,,Model operation / Technological / Cascading error propagation|Knowledge analysis / Technological / Incorrect spatial-geometric interpretation|Model Training / Technological / Confabulations,Model operation / Technological / Cascading error propagation|Knowledge analysis / Technological / Incorrect spatial-geometric interpretation|Model Training / Technological / Confabulations|Model operation / Human / Loss of situational awareness|Model operation / Technological / Concept drift,Model operation / Technological / Cascading error propagation|Knowledge analysis / Technological / Incorrect spatial-geometric interpretation|Model Training / Technological / Confabulations|Model operation / Human / Loss of situational awareness|Model operation / Technological / Concept drift|Model Training / Technological / Overfitting|Model operation / Technological / Sensor artifacts|Model Training / Technological / Confidence miscalibration|Knowledge selection / Human / Data representativeness|Knowledge selection / Human / Dataset bias
P2,160,18000202,True,0.073617517489427,,,Model operation / Technological / Cascading error propagation|Knowledge analysis / Technological / Incorrect spatial-geometric interpretation|Model operation / Human / Loss of situational awareness,Model operation / Technological / Cascading error propagation|Knowledge analysis / Technological / Incorrect spatial-geometric interpretation|Model operation / Human / Loss of situational awareness|Model Training / Technological / Overfitting|Model operation / Technological / Concept drift,Model operation / Technological / Cascading error propagation|Knowledge analysis / Technological / Incorrect spatial-geometric interpretation|Model operation / Human / Loss of situational awareness|Model Training / Technological / Overfitting|Model operation / Technological / Concept drift|Model Training / Technological / Confidence miscalibration|Model Training / Technological / Confabulations|Model operation / Technological / Sensor artifacts|Knowledge selection / Human / Dataset bias|Knowledge selection / Human / Data representativeness
P2,161,18000203,False,0.15252434650532776,Model operation / Technological,,Model operation / Technological / Cascading error propagation|Model operation / Technological / Sensor artifacts|Knowledge analysis / Technological / Incorrect spatial-geometric interpretation,Model operation / Technological / Cascading error propagation|Model operation / Technological / Sensor artifacts|Knowledge analysis / Technological / Incorrect spatial-geometric interpretation|Model Training / Technological / Overfitting|Model operation / Human / Loss of situational awareness,Model operation / Technological / Cascading error propagation|Model operation / Technological / Sensor artifacts|Knowledge analysis / Technological / Incorrect spatial-geometric interpretation|Model Training / Technological / Overfitting|Model operation / Human / Loss of situational awareness|Model Training / Technological / Confabulations|Model operation / Technological / Concept drift|Model Training / Technological / Confidence miscalibration|Knowledge selection / Human / Data representativeness|Knowledge selection / Human / Dataset bias
P2,162,18000204,True,0.022461862057090113,,,Model operation / Technological / Cascading error propagation|Model Training / Technological / Overfitting|Knowledge analysis / Technological / Incorrect spatial-geometric interpretation,Model operation / Technological / Cascading error propagation|Model Training / Technological / Overfitting|Knowledge analysis / Technological / Incorrect spatial-geometric interpretation|Model Training / Technological / Confidence miscalibration|Model operation / Human / Loss of situational awareness,Model operation / Technological / Cascading error propagation|Model Training / Technological / Overfitting|Knowledge analysis / Technological / Incorrect spatial-geometric interpretation|Model Training / Technological / Confidence miscalibration|Model operation / Human / Loss of situational awareness|Model Training / Technological / Confabulations|Model operation / Technological / Sensor artifacts|Model operation / Technological / Concept drift|Knowledge selection / Human / Dataset bias|Knowledge selection / Human / Data representativeness
P2,163,18000205,True,0.023822600490652934,,,Model operation / Technological / Cascading error propagation|Knowledge analysis / Technological / Incorrect spatial-geometric interpretation|Model Training / Technological / Confidence miscalibration,Model operation / Technological / Cascading error propagation|Knowledge analysis / Technological / Incorrect spatial-geometric interpretation|Model Training / Technological / Confidence miscalibration|Model operation / Human / Loss of situational awareness|Model operation / Technological / Sensor artifacts,Model operation / Technological / Cascading error propagation|Knowledge analysis / Technological / Incorrect spatial-geometric interpretation|Model Training / Technological / Confidence miscalibration|Model operation / Human / Loss of situational awareness|Model operation / Technological / Sensor artifacts|Model operation / Technological / Concept drift|Model Training / Technological / Overfitting|Model Training / Technological / Confabulations|Knowledge selection / Human / Dataset bias|Knowledge selection / Human / Data representativeness
P2,164,18000206,True,0.03299101985750576,,,Model operation / Technological / Cascading error propagation|Knowledge analysis / Technological / Incorrect spatial-geometric interpretation|Model operation / Human / Loss of situational awareness,Model operation / Technological / Cascading error propagation|Knowledge analysis / Technological / Incorrect spatial-geometric interpretation|Model operation / Human / Loss of situational awareness|Model Training / Technological / Confabulations|Model operation / Technological / Concept drift,Model operation / Technological / Cascading error propagation|Knowledge analysis / Technological / Incorrect spatial-geometric interpretation|Model operation / Human / Loss of situational awareness|Model Training / Technological / Confabulations|Model operation / Technological / Concept drift|Model operation / Technological / Sensor artifacts|Model Training / Technological / Confidence miscalibration|Model Training / Technological / Overfitting|Knowledge selection / Human / Dataset bias|Knowledge selection / Human / Data representativeness
P2,165,18000207,True,0.044933460577648784,,,Model operation / Technological / Cascading error propagation|Model Training / Technological / Confabulations|Model Training / Technological / Overfitting,Model operation / Technological / Cascading error propagation|Model Training / Technological / Confabulations|Model Training / Technological / Overfitting|Model operation / Human / Loss of situational awareness|Knowledge analysis / Technological / Incorrect spatial-geometric interpretation,Model operation / Technological / Cascading error propagation|Model Training / Technological / Confabulations|Model Training / Technological / Overfitting|Model operation / Human / Loss of situational awareness|Knowledge analysis / Technological / Incorrect spatial-geometric interpretation|Model Training / Technological / Confidence miscalibration|Model operation / Technological / Concept drift|Model operation / Technological / Sensor artifacts|Knowledge selection / Human / Dataset bias|Knowledge selection / Human / Data representativeness
P2,166,18000208,True,0.018940511182305338,,,Model operation / Technological / Cascading error propagation|Model operation / Human / Loss of situational awareness|Knowledge analysis / Technological / Incorrect spatial-geometric interpretation,Model operation / Technological / Cascading error propagation|Model operation / Human / Loss of situational awareness|Knowledge analysis / Technological / Incorrect spatial-geometric interpretation|Model operation / Technological / Concept drift|Model Training / Technological / Confabulations,Model operation / Technological / Cascading error propagation|Model operation / Human / Loss of situational awareness|Knowledge analysis / Technological / Incorrect spatial-geometric interpretation|Model operation / Technological / Concept drift|Model Training / Technological / Confabulations|Model Training / Technological / Overfitting|Model operation / Technological / Sensor artifacts|Model Training / Technological / Confidence miscalibration|Knowledge selection / Human / Dataset bias|Knowledge selection / Human / Data representativeness
P2,167,18000209,True,0.05277129795786391,,,Model operation / Technological / Cascading error propagation|Knowledge analysis / Technological / Incorrect spatial-geometric interpretation|Model operation / Technological / Concept drift,Model operation / Technological / Cascading error propagation|Knowledge analysis / Technological / Incorrect spatial-geometric interpretation|Model operation / Technological / Concept drift|Model Training / Technological / Confidence miscalibration|Model operation / Human / Loss of situational awareness,Model operation / Technological / Cascading error propagation|Knowledge analysis / Technological / Incorrect spatial-geometric interpretation|Model operation / Technological / Concept drift|Model Training / Technological / Confidence miscalibration|Model operation / Human / Loss of situational awareness|Model Training / Technological / Overfitting|Model Training / Technological / Confabulations|Model operation / Technological / Sensor artifacts|Knowledge selection / Human / Data representativeness|Knowledge selection / Human / Dataset bias
P2,168,18000210,False,0.133544220065379,,,Model operation / Technological / Cascading error propagation|Knowledge analysis / Technological / Incorrect spatial-geometric interpretation|Model Training / Technological / Confabulations,Model operation / Technological / Cascading error propagation|Knowledge analysis / Technological / Incorrect spatial-geometric interpretation|Model Training / Technological / Confabulations|Model operation / Technological / Sensor artifacts|Model operation / Human / Loss of situational awareness,Model operation / Technological / Cascading error propagation|Knowledge analysis / Technological / Incorrect spatial-geometric interpretation|Model Training / Technological / Confabulations|Model operation / Technological / Sensor artifacts|Model operation / Human / Loss of situational awareness|Model operation / Technological / Concept drift|Model Training / Technological / Confidence miscalibration|Model Training / Technological / Overfitting|Knowledge selection / Human / Data representativeness|Knowledge selection / Human / Dataset bias
P2,169,18000211,True,0.07766796681354826,,,Model operation / Technological / Cascading error propagation|Knowledge analysis / Technological / Incorrect spatial-geometric interpretation|Model operation / Human / Loss of situational awareness,Model operation / Technological / Cascading error propagation|Knowledge analysis / Technological / Incorrect spatial-geometric interpretation|Model operation / Human / Loss of situational awareness|Model Training / Technological / Confidence miscalibration|Model Training / Technological / Confabulations,Model operation / Technological / Cascading error propagation|Knowledge analysis / Technological / Incorrect spatial-geometric interpretation|Model operation / Human / Loss of situational awareness|Model Training / Technological / Confidence miscalibration|Model Training / Technological / Confabulations|Model Training / Technological / Overfitting|Model operation / Technological / Concept drift|Model operation / Technological / Sensor artifacts|Knowledge selection / Human / Dataset bias|Knowledge selection / Human / Data representativeness
P2,170,18000212,True,0.04054795954053451,,,Model operation / Technological / Cascading error propagation|Knowledge analysis / Technological / Incorrect spatial-geometric interpretation|Model operation / Human / Loss of situational awareness,Model operation / Technological / Cascading error propagation|Knowledge analysis / Technological / Incorrect spatial-geometric interpretation|Model operation / Human / Loss of situational awareness|Model operation / Technological / Concept drift|Model operation / Technological / Sensor artifacts,Model operation / Technological / Cascading error propagation|Knowledge analysis / Technological / Incorrect spatial-geometric interpretation|Model operation / Human / Loss of situational awareness|Model operation / Technological / Concept drift|Model operation / Technological / Sensor artifacts|Model Training / Technological / Confabulations|Model Training / Technological / Overfitting|Model Training / Technological / Confidence miscalibration|Knowledge selection / Human / Data representativeness|Knowledge selection / Human / Dataset bias
P2,171,18000213,True,0.06675354932730453,,,Model operation / Technological / Cascading error propagation|Model operation / Human / Loss of situational awareness|Model Training / Technological / Confidence miscalibration,Model operation / Technological / Cascading error propagation|Model operation / Human / Loss of situational awareness|Model Training / Technological / Confidence miscalibration|Model Training / Technological / Confabulations|Model Training / Technological / Overfitting,Model operation / Technological / Cascading error propagation|Model operation / Human / Loss of situational awareness|Model Training / Technological / Confidence miscalibration|Model Training / Technological / Confabulations|Model Training / Technological / Overfitting|Knowledge analysis / Technological / Incorrect spatial-geometric interpretation|Model operation / Technological / Sensor artifacts|Model operation / Technological / Concept drift|Knowledge selection / Human / Data representativeness|Knowledge selection / Human / Dataset bias
P2,172,18000214,True,0.08579005216950246,,,Model operation / Technological / Cascading error propagation|Knowledge analysis / Technological / Incorrect spatial-geometric interpretation|Model operation / Human / Loss of situational awareness,Model operation / Technological / Cascading error propagation|Knowledge analysis / Technological / Incorrect spatial-geometric interpretation|Model operation / Human / Loss of situational awareness|Model operation / Technological / Sensor artifacts|Model operation / Technological / Concept drift,Model operation / Technological / Cascading error propagation|Knowledge analysis / Technological / Incorrect spatial-geometric interpretation|Model operation / Human / Loss of situational awareness|Model operation / Technological / Sensor artifacts|Model operation / Technological / Concept drift|Model Training / Technological / Overfitting|Model Training / Technological / Confidence miscalibration|Model Training / Technological / Confabulations|Knowledge selection / Human / Data representativeness|Knowledge selection / Human / Dataset bias
P2,173,18000215,True,0.054171346197187845,,,Model operation / Technological / Cascading error propagation|Knowledge analysis / Technological / Incorrect spatial-geometric interpretation|Model operation / Human / Loss of situational awareness,Model operation / Technological / Cascading error propagation|Knowledge analysis / Technological / Incorrect spatial-geometric interpretation|Model operation / Human / Loss of situational awareness|Model operation / Technological / Sensor artifacts|Model operation / Technological / Concept drift,Model operation / Technological / Cascading error propagation|Knowledge analysis / Technological / Incorrect spatial-geometric interpretation|Model operation / Human / Loss of situational awareness|Model operation / Technological / Sensor artifacts|Model operation / Technological / Concept drift|Model Training / Technological / Overfitting|Model Training / Technological / Confabulations|Model Training / Technological / Confidence miscalibration|Knowledge selection / Human / Dataset bias|Knowledge selection / Human / Data representativeness
P2,174,18000216,True,0.06587478878070384,,,Model operation / Technological / Cascading error propagation|Model operation / Human / Loss of situational awareness|Model operation / Technological / Concept drift,Model operation / Technological / Cascading error propagation|Model operation / Human / Loss of situational awareness|Model operation / Technological / Concept drift|Model operation / Technological / Sensor artifacts|Knowledge analysis / Technological / Incorrect spatial-geometric interpretation,Model operation / Technological / Cascading error propagation|Model operation / Human / Loss of situational awareness|Model operation / Technological / Concept drift|Model operation / Technological / Sensor artifacts|Knowledge analysis / Technological / Incorrect spatial-geometric interpretation|Model Training / Technological / Overfitting|Model Training / Technological / Confabulations|Model Training / Technological / Confidence miscalibration|Knowledge selection / Human / Dataset bias|Knowledge selection / Human / Data representativeness
P2,175,18000217,True,0.02630095462948271,,,Model operation / Technological / Cascading error propagation|Knowledge analysis / Technological / Incorrect spatial-geometric interpretation|Model Training / Technological / Confabulations,Model operation / Technological / Cascading error propagation|Knowledge analysis / Technological / Incorrect spatial-geometric interpretation|Model Training / Technological / Confabulations|Model operation / Human / Loss of situational awareness|Model Training / Technological / Overfitting,Model operation / Technological / Cascading error propagation|Knowledge analysis / Technological / Incorrect spatial-geometric interpretation|Model Training / Technological / Confabulations|Model operation / Human / Loss of situational awareness|Model Training / Technological / Overfitting|Model operation / Technological / Concept drift|Model Training / Technological / Confidence miscalibration|Model operation / Technological / Sensor artifacts|Knowledge selection / Human / Dataset bias|Knowledge selection / Human / Data representativeness
P2,176,18000218,True,0.01550582800036944,,,Model operation / Technological / Cascading error propagation|Knowledge analysis / Technological / Incorrect spatial-geometric interpretation|Model operation / Human / Loss of situational awareness,Model operation / Technological / Cascading error propagation|Knowledge analysis / Technological / Incorrect spatial-geometric interpretation|Model operation / Human / Loss of situational awareness|Model operation / Technological / Concept drift|Model operation / Technological / Sensor artifacts,Model operation / Technological / Cascading error propagation|Knowledge analysis / Technological / Incorrect spatial-geometric interpretation|Model operation / Human / Loss of situational awareness|Model operation / Technological / Concept drift|Model operation / Technological / Sensor artifacts|Model Training / Technological / Confabulations|Model Training / Technological / Overfitting|Model Training / Technological / Confidence miscalibration|Knowledge selection / Human / Data representativeness|Knowledge selection / Human / Dataset bias
P2,177,18000219,True,0.06922400324248666,,,Model operation / Technological / Cascading error propagation|Model operation / Technological / Concept drift|Knowledge analysis / Technological / Incorrect spatial-geometric interpretation,Model operation / Technological / Cascading error propagation|Model operation / Technological / Concept drift|Knowledge analysis / Technological / Incorrect spatial-geometric interpretation|Model operation / Human / Loss of situational awareness|Model operation / Technological / Sensor artifacts,Model operation / Technological / Cascading error propagation|Model operation / Technological / Concept drift|Knowledge analysis / Technological / Incorrect spatial-geometric interpretation|Model operation / Human / Loss of situational awareness|Model operation / Technological / Sensor artifacts|Model Training / Technological / Confidence miscalibration|Model Training / Technological / Confabulations|Model Training / Technological / Overfitting|Knowledge selection / Human / Dataset bias|Knowledge selection / Human / Data representativeness
P2,178,18000220,True,0.06587478878070384,,,Model operation / Technological / Cascading error propagation|Model Training / Technological / Confabulations|Model operation / Technological / Concept drift,Model operation / Technological / Cascading error propagation|Model Training / Technological / Confabulations|Model operation / Technological / Concept drift|Model operation / Human / Loss of situational awareness|Model Training / Technological / Confidence miscalibration,Model operation / Technological / Cascading error propagation|Model Training / Technological / Confabulations|Model operation / Technological / Concept drift|Model operation / Human / Loss of situational awareness|Model Training / Technological / Confidence miscalibration|Knowledge analysis / Technological / Incorrect spatial-geometric interpretation|Model Training / Technological / Overfitting|Model operation / Technological / Sensor artifacts|Knowledge selection / Human / Data representativeness|Knowledge selection / Human / Dataset bias
P2,179,18000221,True,0.043369923287977445,,,Model operation / Technological / Cascading error propagation|Knowledge analysis / Technological / Incorrect spatial-geometric interpretation|Model Training / Technological / Confidence miscalibration,Model operation / Technological / Cascading error propagation|Knowledge analysis / Technological / Incorrect spatial-geometric interpretation|Model Training / Technological / Confidence miscalibration|Model Training / Technological / Overfitting|Model operation / Human / Loss of situational awareness,Model operation / Technological / Cascading error propagation|Knowledge analysis / Technological / Incorrect spatial-geometric interpretation|Model Training / Technological / Confidence miscalibration|Model Training / Technological / Overfitting|Model operation / Human / Loss of situational awareness|Model operation / Technological / Sensor artifacts|Model operation / Technological / Concept drift|Model Training / Technological / Confabulations|Knowledge selection / Human / Dataset bias|Knowledge selection / Human / Data representativeness
P2,180,18000222,True,0.031378659655307096,,,Model operation / Technological / Cascading error propagation|Knowledge analysis / Technological / Incorrect spatial-geometric interpretation|Model operation / Human / Loss of situational awareness,Model operation / Technological / Cascading error propagation|Knowledge analysis / Technological / Incorrect spatial-geometric interpretation|Model operation / Human / Loss of situational awareness|Model operation / Technological / Concept drift|Model operation / Technological / Sensor artifacts,Model operation / Technological / Cascading error propagation|Knowledge analysis / Technological / Incorrect spatial-geometric interpretation|Model operation / Human / Loss of situational awareness|Model operation / Technological / Concept drift|Model operation / Technological / Sensor artifacts|Model Training / Technological / Confidence miscalibration|Model Training / Technological / Confabulations|Model Training / Technological / Overfitting|Knowledge selection / Human / Dataset bias|Knowledge selection / Human / Data representativeness
P2,181,18000223,True,0.0203790440748719,,,Model operation / Technological / Cascading error propagation|Knowledge analysis / Technological / Incorrect spatial-geometric interpretation|Model operation / Human / Loss of situational awareness,Model operation / Technological / Cascading error propagation|Knowledge analysis / Technological / Incorrect spatial-geometric interpretation|Model operation / Human / Loss of situational awareness|Model operation / Technological / Concept drift|Model operation / Technological / Sensor artifacts,Model operation / Technological / Cascading error propagation|Knowledge analysis / Technological / Incorrect spatial-geometric interpretation|Model operation / Human / Loss of situational awareness|Model operation / Technological / Concept drift|Model operation / Technological / Sensor artifacts|Model Training / Technological / Confabulations|Model Training / Technological / Confidence miscalibration|Model Training / Technological / Overfitting|Knowledge selection / Human / Dataset bias|Knowledge selection / Human / Data representativeness
P2,182,18000224,True,0.046225496447394814,,,Model operation / Technological / Cascading error propagation|Knowledge analysis / Technological / Incorrect spatial-geometric interpretation|Model Training / Technological / Confabulations,Model operation / Technological / Cascading error propagation|Knowledge analysis / Technological / Incorrect spatial-geometric interpretation|Model Training / Technological / Confabulations|Model Training / Technological / Overfitting|Model operation / Human / Loss of situational awareness,Model operation / Technological / Cascading error propagation|Knowledge analysis / Technological / Incorrect spatial-geometric interpretation|Model Training / Technological / Confabulations|Model Training / Technological / Overfitting|Model operation / Human / Loss of situational awareness|Model Training / Technological / Confidence miscalibration|Model operation / Technological / Sensor artifacts|Model operation / Technological / Concept drift|Knowledge selection / Human / Data representativeness|Knowledge selection / Human / Dataset bias
P2,183,18000225,True,0.04054795954053451,,,Model operation / Technological / Cascading error propagation|Knowledge analysis / Technological / Incorrect spatial-geometric interpretation|Model operation / Human / Loss of situational awareness,Model operation / Technological / Cascading error propagation|Knowledge analysis / Technological / Incorrect spatial-geometric interpretation|Model operation / Human / Loss of situational awareness|Model operation / Technological / Concept drift|Model operation / Technological / Sensor artifacts,Model operation / Technological / Cascading error propagation|Knowledge analysis / Technological / Incorrect spatial-geometric interpretation|Model operation / Human / Loss of situational awareness|Model operation / Technological / Concept drift|Model operation / Technological / Sensor artifacts|Model Training / Technological / Confabulations|Model Training / Technological / Confidence miscalibration|Model Training / Technological / Overfitting|Knowledge selection / Human / Data representativeness|Knowledge selection / Human / Dataset bias
P2,184,18000226,True,0.0762170043360169,,,Model operation / Technological / Cascading error propagation|Knowledge analysis / Technological / Incorrect spatial-geometric interpretation|Model operation / Human / Loss of situational awareness,Model operation / Technological / Cascading error propagation|Knowledge analysis / Technological / Incorrect spatial-geometric interpretation|Model operation / Human / Loss of situational awareness|Model operation / Technological / Concept drift|Model operation / Technological / Sensor artifacts,Model operation / Technological / Cascading error propagation|Knowledge analysis / Technological / Incorrect spatial-geometric interpretation|Model operation / Human / Loss of situational awareness|Model operation / Technological / Concept drift|Model operation / Technological / Sensor artifacts|Model Training / Technological / Confidence miscalibration|Model Training / Technological / Confabulations|Model Training / Technological / Overfitting|Knowledge selection / Human / Data representativeness|Knowledge selection / Human / Dataset bias
P2,185,18000227,True,0.03743410609193349,,,Model operation / Technological / Cascading error propagation|Knowledge analysis / Technological / Incorrect spatial-geometric interpretation|Model operation / Human / Loss of situational awareness,Model operation / Technological / Cascading error propagation|Knowledge analysis / Technological / Incorrect spatial-geometric interpretation|Model operation / Human / Loss of situational awareness|Model Training / Technological / Overfitting|Model Training / Technological / Confabulations,Model operation / Technological / Cascading error propagation|Knowledge analysis / Technological / Incorrect spatial-geometric interpretation|Model operation / Human / Loss of situational awareness|Model Training / Technological / Overfitting|Model Training / Technological / Confabulations|Model operation / Technological / Sensor artifacts|Model operation / Technological / Concept drift|Model Training / Technological / Confidence miscalibration|Knowledge selection / Human / Dataset bias|Knowledge selection / Human / Data representativeness
P2,186,18000228,True,0.0633737288563231,,,Model operation / Technological / Cascading error propagation|Knowledge analysis / Technological / Incorrect spatial-geometric interpretation|Model operation / Human / Loss of situational awareness,Model operation / Technological / Cascading error propagation|Knowledge analysis / Technological / Incorrect spatial-geometric interpretation|Model operation / Human / Loss of situational awareness|Model operation / Technological / Concept drift|Model Training / Technological / Confabulations,Model operation / Technological / Cascading error propagation|Knowledge analysis / Technological / Incorrect spatial-geometric interpretation|Model operation / Human / Loss of situational awareness|Model operation / Technological / Concept drift|Model Training / Technological / Confabulations|Model Training / Technological / Confidence miscalibration|Model Training / Technological / Overfitting|Model operation / Technological / Sensor artifacts|Knowledge selection / Human / Data representativeness|Knowledge selection / Human / Dataset bias
P2,187,18000229,True,0.017171288562529367,,,Model operation / Technological / Cascading error propagation|Model Training / Technological / Confidence miscalibration|Model Training / Technological / Confabulations,Model operation / Technological / Cascading error propagation|Model Training / Technological / Confidence miscalibration|Model Training / Technological / Confabulations|Model Training / Technological / Overfitting|Model operation / Human / Loss of situational awareness,Model operation / Technological / Cascading error propagation|Model Training / Technological / Confidence miscalibration|Model Training / Technological / Confabulations|Model Training / Technological / Overfitting|Model operation / Human / Loss of situational awareness|Knowledge analysis / Technological / Incorrect spatial-geometric interpretation|Model operation / Technological / Concept drift|Model operation / Technological / Sensor artifacts|Knowledge selection / Human / Dataset bias|Knowledge selection / Human / Data representativeness
P2,188,18000230,True,0.029741153461038936,,,Model operation / Technological / Cascading error propagation|Model operation / Human / Loss of situational awareness|Knowledge analysis / Technological / Incorrect spatial-geometric interpretation,Model operation / Technological / Cascading error propagation|Model operation / Human / Loss of situational awareness|Knowledge analysis / Technological / Incorrect spatial-geometric interpretation|Model Training / Technological / Confabulations|Model Training / Technological / Overfitting,Model operation / Technological / Cascading error propagation|Model operation / Human / Loss of situational awareness|Knowledge analysis / Technological / Incorrect spatial-geometric interpretation|Model Training / Technological / Confabulations|Model Training / Technological / Overfitting|Model operation / Technological / Concept drift|Model operation / Technological / Sensor artifacts|Model Training / Technological / Confidence miscalibration|Knowledge selection / Human / Dataset bias|Knowledge selection / Human / Data representativeness
P2,189,18000231,True,0.013512664559882565,,,Model operation / Technological / Cascading error propagation|Model operation / Human / Loss of situational awareness|Knowledge analysis / Technological / Incorrect spatial-geometric interpretation,Model operation / Technological / Cascading error propagation|Model operation / Human / Loss of situational awareness|Knowledge analysis / Technological / Incorrect spatial-geometric interpretation|Model Training / Technological / Confabulations|Model Training / Technological / Overfitting,Model operation / Technological / Cascading error propagation|Model operation / Human / Loss of situational awareness|Knowledge analysis / Technological / Incorrect spatial-geometric interpretation|Model Training / Technological / Confabulations|Model Training / Technological / Overfitting|Model Training / Technological / Confidence miscalibration|Model operation / Technological / Sensor artifacts|Model operation / Technological / Concept drift|Knowledge selection / Human / Dataset bias|Knowledge selection / Human / Data representativeness
P2,190,18000232,True,0.03372082159876109,,,Model operation / Technological / Cascading error propagation|Knowledge analysis / Technological / Incorrect spatial-geometric interpretation|Model operation / Human / Loss of situational awareness,Model operation / Technological / Cascading error propagation|Knowledge analysis / Technological / Incorrect spatial-geometric interpretation|Model operation / Human / Loss of situational awareness|Model operation / Technological / Concept drift|Model operation / Technological / Sensor artifacts,Model operation / Technological / Cascading error propagation|Knowledge analysis / Technological / Incorrect spatial-geometric interpretation|Model operation / Human / Loss of situational awareness|Model operation / Technological / Concept drift|Model operation / Technological / Sensor artifacts|Model Training / Technological / Overfitting|Model Training / Technological / Confabulations|Model Training / Technological / Confidence miscalibration|Knowledge selection / Human / Dataset bias|Knowledge selection / Human / Data representativeness
P2,191,18000233,False,0.11690590056727794,Knowledge analysis / Human,,Model operation / Technological / Cascading error propagation|Knowledge analysis / Technological / Incorrect spatial-geometric interpretation|Model operation / Human / Loss of situational awareness,Model operation / Technological / Cascading error propagation|Knowledge analysis / Technological / Incorrect spatial-geometric interpretation|Model operation / Human / Loss of situational awareness|Model operation / Technological / Sensor artifacts|Model operation / Technological / Concept drift,Model operation / Technological / Cascading error propagation|Knowledge analysis / Technological / Incorrect spatial-geometric interpretation|Model operation / Human / Loss of situational awareness|Model operation / Technological / Sensor artifacts|Model operation / Technological / Concept drift|Model Training / Technological / Confabulations|Model Training / Technological / Confidence miscalibration|Model Training / Technological / Overfitting|Knowledge selection / Human / Data representativeness|Knowledge selection / Human / Dataset bias
P2,192,18000234,True,0.06922400324248283,,,Model operation / Technological / Cascading error propagation|Knowledge analysis / Technological / Incorrect spatial-geometric interpretation|Model operation / Human / Loss of situational awareness,Model operation / Technological / Cascading error propagation|Knowledge analysis / Technological / Incorrect spatial-geometric interpretation|Model operation / Human / Loss of situational awareness|Model operation / Technological / Concept drift|Model operation / Technological / Sensor artifacts,Model operation / Technological / Cascading error propagation|Knowledge analysis / Technological / Incorrect spatial-geometric interpretation|Model operation / Human / Loss of situational awareness|Model operation / Technological / Concept drift|Model operation / Technological / Sensor artifacts|Model Training / Technological / Confabulations|Model Training / Technological / Confidence miscalibration|Model Training / Technological / Overfitting|Knowledge selection / Human / Data representativeness|Knowledge selection / Human / Dataset bias
P2,193,18000235,True,0.02154366720387643,,,Model operation / Technological / Cascading error propagation|Knowledge analysis / Technological / Incorrect spatial-geometric interpretation|Model operation / Human / Loss of situational awareness,Model operation / Technological / Cascading error propagation|Knowledge analysis / Technological / Incorrect spatial-geometric interpretation|Model operation / Human / Loss of situational awareness|Model Training / Technological / Overfitting|Model Training / Technological / Confabulations,Model operation / Technological / Cascading error propagation|Knowledge analysis / Technological / Incorrect spatial-geometric interpretation|Model operation / Human / Loss of situational awareness|Model Training / Technological / Overfitting|Model Training / Technological / Confabulations|Model Training / Technological / Confidence miscalibration|Model operation / Technological / Sensor artifacts|Model operation / Technological / Concept drift|Knowledge selection / Human / Data representativeness|Knowledge selection / Human / Dataset bias
P2,194,18000236,True,0.030101208643076305,,,Model operation / Technological / Cascading error propagation|Knowledge analysis / Technological / Incorrect spatial-geometric interpretation|Model operation / Human / Loss of situational awareness,Model operation / Technological / Cascading error propagation|Knowledge analysis / Technological / Incorrect spatial-geometric interpretation|Model operation / Human / Loss of situational awareness|Model Training / Technological / Confidence miscalibration|Model Training / Technological / Overfitting,Model operation / Technological / Cascading error propagation|Knowledge analysis / Technological / Incorrect spatial-geometric interpretation|Model operation / Human / Loss of situational awareness|Model Training / Technological / Confidence miscalibration|Model Training / Technological / Overfitting|Model Training / Technological / Confabulations|Model operation / Technological / Concept drift|Model operation / Technological / Sensor artifacts|Knowledge selection / Human / Dataset bias|Knowledge selection / Human / Data representativeness
P2,195,18000237,True,0.06337372885632118,,,Model operation / Technological / Cascading error propagation|Knowledge analysis / Technological / Incorrect spatial-geometric interpretation|Model operation / Human / Loss of situational awareness,Model operation / Technological / Cascading error propagation|Knowledge analysis / Technological / Incorrect spatial-geometric interpretation|Model operation / Human / Loss of situational awareness|Model operation / Technological / Sensor artifacts|Model operation / Technological / Concept drift,Model operation / Technological / Cascading error propagation|Knowledge analysis / Technological / Incorrect spatial-geometric interpretation|Model operation / Human / Loss of situational awareness|Model operation / Technological / Sensor artifacts|Model operation / Technological / Concept drift|Model Training / Technological / Confabulations|Model Training / Technological / Overfitting|Model Training / Technological / Confidence miscalibration|Knowledge selection / Human / Data representativeness|Knowledge selection / Human / Dataset bias
P2,196,18000238,True,0.04439817748341864,,,Model operation / Technological / Cascading error propagation|Model operation / Technological / Concept drift|Knowledge analysis / Technological / Incorrect spatial-geometric interpretation,Model operation / Technological / Cascading error propagation|Model operation / Technological / Concept drift|Knowledge analysis / Technological / Incorrect spatial-geometric interpretation|Model operation / Human / Loss of situational awareness|Model Training / Technological / Confidence miscalibration,Model operation / Technological / Cascading error propagation|Model operation / Technological / Concept drift|Knowledge analysis / Technological / Incorrect spatial-geometric interpretation|Model operation / Human / Loss of situational awareness|Model Training / Technological / Confidence miscalibration|Model Training / Technological / Overfitting|Model Training / Technological / Confabulations|Model operation / Technological / Sensor artifacts|Knowledge selection / Human / Dataset bias|Knowledge selection / Human / Data representativeness
P2,197,18000239,True,0.016970105370908643,,,Model operation / Technological / Cascading error propagation|Model operation / Human / Loss of situational awareness|Knowledge analysis / Technological / Incorrect spatial-geometric interpretation,Model operation / Technological / Cascading error propagation|Model operation / Human / Loss of situational awareness|Knowledge analysis / Technological / Incorrect spatial-geometric interpretation|Model Training / Technological / Overfitting|Model Training / Technological / Confidence miscalibration,Model operation / Technological / Cascading error propagation|Model operation / Human / Loss of situational awareness|Knowledge analysis / Technological / Incorrect spatial-geometric interpretation|Model Training / Technological / Overfitting|Model Training / Technological / Confidence miscalibration|Model Training / Technological / Confabulations|Model operation / Technological / Concept drift|Model operation / Technological / Sensor artifacts|Knowledge selection / Human / Data representativeness|Knowledge selection / Human / Dataset bias
P2,198,18000240,False,0.14747507204686922,Model operation / Technological,,Model operation / Technological / Cascading error propagation|Knowledge analysis / Technological / Incorrect spatial-geometric interpretation|Model operation / Technological / Sensor artifacts,Model operation / Technological / Cascading error propagation|Knowledge analysis / Technological / Incorrect spatial-geometric interpretation|Model operation / Technological / Sensor artifacts|Model Training / Technological / Overfitting|Model Training / Technological / Confidence miscalibration,Model operation / Technological / Cascading error propagation|Knowledge analysis / Technological / Incorrect spatial-geometric interpretation|Model operation / Technological / Sensor artifacts|Model Training / Technological / Overfitting|Model Training / Technological / Confidence miscalibration|Model Training / Technological / Confabulations|Model operation / Human / Loss of situational awareness|Model operation / Technological / Concept drift|Knowledge selection / Human / Data representativeness|Knowledge selection / Human / Dataset bias
P2,199,18000241,True,0.029741153461038936,,,Model operation / Technological / Cascading error propagation|Model operation / Human / Loss of situational awareness|Knowledge analysis / Technological / Incorrect spatial-geometric interpretation,Model operation / Technological / Cascading error propagation|Model operation / Human / Loss of situational awareness|Knowledge analysis / Technological / Incorrect spatial-geometric interpretation|Model Training / Technological / Confabulations|Model Training / Technological / Overfitting,Model operation / Technological / Cascading error propagation|Model operation / Human / Loss of situational awareness|Knowledge analysis / Technological / Incorrect spatial-geometric interpretation|Model Training / Technological / Confabulations|Model Training / Technological / Overfitting|Model operation / Technological / Sensor artifacts|Model operation / Technological / Concept drift|Model Training / Technological / Confidence miscalibration|Knowledge selection / Human / Dataset bias|Knowledge selection / Human / Data representativeness
