profile_id,sample_index,sample_seed,accepted,max_cr,offending_paths,error,top3,top5,top10
P3,0,18200042,True,0.06938396529079649,,,Model operation / Technological / Cascading error propagation|Model operation / Technological / Sensor artifacts|Model operation / Technological / Concept drift,Model operation / Technological / Cascading error propagation|Model operation / Technological / Sensor artifacts|Model operation / Technological / Concept drift|Model operation / Technological / Map inconsistency|Model operation / Technological / Security robustness / spoofing,Model operation / Technological / Cascading error propagation|Model operation / Technological / Sensor artifacts|Model operation / Technological / Concept drift|Model operation / Technological / Map inconsistency|Model operation / Technological / Security robustness / spoofing|Model operation / Human / Loss of situational awareness|Model training / Human / Overestimation due to data leakage / wrong splits|Model training / Human / Domain shift underestimation|Knowledge analysis / Technological / Incorrect spatial-geometric interpretation|Model training / Technological / Noise/blur/compression fragility
P3,1,18200043,True,0.03333843388617083,,,Model operation / Technological / Cascading error propagation|Model operation / Technological / Security robustness / spoofing|Model operation / Technological / Map inconsistency,Model operation / Technological / Cascading error propagation|Model operation / Technological / Security robustness / spoofing|Model operation / Technological / Map inconsistency|Model operation / Technological / Sensor artifacts|Model operation / Technological / Concept drift,Model operation / Technological / Cascading error propagation|Model operation / Technological / Security robustness / spoofing|Model operation / Technological / Map inconsistency|Model operation / Technological / Sensor artifacts|Model operation / Technological / Concept drift|Model operation / Human / Loss of situational awareness|Knowledge analysis / Technological / Incorrect spatial-geometric interpretation|Model training / Human / Overestimation due to data leakage / wrong splits|Model training / Human / Domain shift underestimation|Knowledge analysis / Human / Inappropriate model architecture
P3,2,18200044,True,0.08977002762895449,,,Model operation / Technological / Cascading error propagation|Model operation / Technological / Map inconsistency|Model operation / Technological / Security robustness / spoofing,Model operation / Technological / Cascading error propagation|Model operation / Technological / Map inconsistency|Model operation / Technological / Security robustness / spoofing|Model operation / Technological / Concept drift|Model operation / Technological / Sensor artifacts,Model operation / Technological / Cascading error propagation|Model operation / Technological / Map inconsistency|Model operation / Technological / Security robustness / spoofing|Model operation / Technological / Concept drift|Model operation / Technological / Sensor artifacts|Model operation / Human / Loss of situational awareness|Model training / Human / Overestimation due to data leakage / wrong splits|Model training / Human / Domain shift underestimation|Knowledge analysis / Technological / Incorrect spatial-geometric interpretation|Model training / Technological / Noise/blur/compression fragility
P3,3,18200045,True,0.025795641970044074,,,Model operation / Technological / Cascading error propagation|Model operation / Technological / Security robustness / spoofing|Model operation / Technological / Concept drift,Model operation / Technological / Cascading error propagation|Model operation / Technological / Security robustness / spoofing|Model operation / Technological / Concept drift|Model operation / Technological / Map inconsistency|Model operation / Technological / Sensor artifacts,Model operation / Technological / Cascading error propagation|Model operation / Technological / Security robustness / spoofing|Model operation / Technological / Concept drift|Model operation / Technological / Map inconsistency|Model operation / Technological / Sensor artifacts|Model operation / Human / Loss of situational awareness|Knowledge analysis / Technological / Incorrect spatial-geometric interpretation|Model training / Human / Overestimation due to data leakage / wrong splits|Model training / Human / Domain shift underestimation|Knowledge analysis / Human / Task formulation mismatch
P3,4,18200046,True,0.031009656373868405,,,Model operation / Technological / Cascading error propagation|Model operation / Technological / Security robustness / spoofing|Model operation / Technological / Concept drift,Model operation / Technological / Cascading error propagation|Model operation / Technological / Security robustness / spoofing|Model operation / Technological / Concept drift|Model operation / Technological / Sensor artifacts|Model operation / Technological / Map inconsistency,Model operation / Technological / Cascading error propagation|Model operation / Technological / Security robustness / spoofing|Model operation / Technological / Concept drift|Model operation / Technological / Sensor artifacts|Model operation / Technological / Map inconsistency|Model operation / Human / Loss of situational awareness|Knowledge analysis / Technological / Incorrect spatial-geometric interpretation|Model training / Human / Overestimation due to data leakage / wrong splits|Model training / Human / Domain shift underestimation|Knowledge analysis / Human / Annotation errors
P3,5,18200047,True,0.05277129795786687,,,Model operation / Technological / Cascading error propagation|Model operation / Technological / Map inconsistency|Model operation / Technological / Security robustness / spoofing,Model operation / Technological / Cascading error propagation|Model operation / Technological / Map inconsistency|Model operation / Technological / Security robustness / spoofing|Model operation / Technological / Sensor artifacts|Model operation / Technological / Concept drift,Model operation / Technological / Cascading error propagation|Model operation / Technological / Map inconsistency|Model operation / Technological / Security robustness / spoofing|Model operation / Technological / Sensor artifacts|Model operation / Technological / Concept drift|Knowledge analysis / Technological / Incorrect spatial-geometric interpretation|Model operation / Human / Loss of situational awareness|Model training / Human / Domain shift underestimation|Model training / Human / Overestimation due to data leakage / wrong splits|Knowledge analysis / Human / Inappropriate model architecture
P3,6,18200048,True,0.04988702252215143,,,Model operation / Technological / Cascading error propagation|Model operation / Technological / Concept drift|Model operation / Technological / Security robustness / spoofing,Model operation / Technological / Cascading error propagation|Model operation / Technological / Concept drift|Model operation / Technological / Security robustness / spoofing|Knowledge analysis / Technological / Incorrect spatial-geometric interpretation|Model operation / Technological / Map inconsistency,Model operation / Technological / Cascading error propagation|Model operation / Technological / Concept drift|Model operation / Technological / Security robustness / spoofing|Knowledge analysis / Technological / Incorrect spatial-geometric interpretation|Model operation / Technological / Map inconsistency|Model operation / Technological / Sensor artifacts|Model operation / Human / Loss of situational awareness|Knowledge analysis / Human / Annotation errors|Model training / Human / Domain shift underestimation|Knowledge analysis / Human / Inappropriate model architecture
P3,7,18200049,True,0.05843813150389649,,,Model operation / Technological / Cascading error propagation|Model operation / Technological / Security robustness / spoofing|Model operation / Technological / Map inconsistency,Model operation / Technological / Cascading error propagation|Model operation / Technological / Security robustness / spoofing|Model operation / Technological / Map inconsistency|Model operation / Technological / Sensor artifacts|Model operation / Technological / Concept drift,Model operation / Technological / Cascading error propagation|Model operation / Technological / Security robustness / spoofing|Model operation / Technological / Map inconsistency|Model operation / Technological / Sensor artifacts|Model operation / Technological / Concept drift|Model operation / Human / Loss of situational awareness|Knowledge analysis / Technological / Incorrect spatial-geometric interpretation|Model training / Human / Overestimation due to data leakage / wrong splits|Model training / Human / Domain shift underestimation|Model operation / Technological / Model version skew
P3,8,18200050,True,0.08767494079674962,,,Model operation / Technological / Cascading error propagation|Model operation / Technological / Security robustness / spoofing|Model operation / Technological / Concept drift,Model operation / Technological / Cascading error propagation|Model operation / Technological / Security robustness / spoofing|Model operation / Technological / Concept drift|Model operation / Technological / Map inconsistency|Model operation / Technological / Sensor artifacts,Model operation / Technological / Cascading error propagation|Model operation / Technological / Security robustness / spoofing|Model operation / Technological / Concept drift|Model operation / Technological / Map inconsistency|Model operation / Technological / Sensor artifacts|Knowledge analysis / Technological / Incorrect spatial-geometric interpretation|Model operation / Human / Loss of situational awareness|Model training / Human / Domain shift underestimation|Model training / Human / Overestimation due to data leakage / wrong splits|Knowledge analysis / Human / Annotation errors
P3,9,18200051,True,0.05106787598900323,,,Model operation / Technological / Cascading error propagation|Model operation / Technological / Security robustness / spoofing|Model operation / Technological / Map inconsistency,Model operation / Technological / Cascading error propagation|Model operation / Technological / Security robustness / spoofing|Model operation / Technological / Map inconsistency|Model operation / Technological / Sensor artifacts|Knowledge analysis / Technological / Incorrect spatial-geometric interpretation,Model operation / Technological / Cascading error propagation|Model operation / Technological / Security robustness / spoofing|Model operation / Technological / Map inconsistency|Model operation / Technological / Sensor artifacts|Knowledge analysis / Technological / Incorrect spatial-geometric interpretation|Model operation / Technological / Concept drift|Model operation / Human / Loss of situational awareness|Model training / Human / Overestimation due to data leakage / wrong splits|Model training / Human / Domain shift underestimation|Knowledge analysis / Human / Inappropriate model architecture
P3,10,18200052,True,0.03718726740274448,,,Model operation / Technological / Cascading error propagation|Model operation / Technological / Map inconsistency|Model operation / Technological / Security robustness / spoofing,Model operation / Technological / Cascading error propagation|Model operation / Technological / Map inconsistency|Model operation / Technological / Security robustness / spoofing|Model operation / Technological / Concept drift|Model operation / Technological / Sensor artifacts,Model operation / Technological / Cascading error propagation|Model operation / Technological / Map inconsistency|Model operation / Technological / Security robustness / spoofing|Model operation / Technological / Concept drift|Model operation / Technological / Sensor artifacts|Knowledge analysis / Technological / Incorrect spatial-geometric interpretation|Model operation / Human / Loss of situational awareness|Model training / Human / Overestimation due to data leakage / wrong splits|Model training / Human / Domain shift underestimation|Knowledge analysis / Human / Task formulation mismatch
P3,11,18200053,True,0.059533285311214254,,,Model operation / Technological / Cascading error propagation|Model operation / Technological / Map inconsistency|Model operation / Technological / Security robustness / spoofing,Model operation / Technological / Cascading error propagation|Model operation / Technological / Map inconsistency|Model operation / Technological / Security robustness / spoofing|Model operation / Technological / Sensor artifacts|Model operation / Technological / Concept drift,Model operation / Technological / Cascading error propagation|Model operation / Technological / Map inconsistency|Model operation / Technological / Security robustness / spoofing|Model operation / Technological / Sensor artifacts|Model operation / Technological / Concept drift|Knowledge analysis / Technological / Incorrect spatial-geometric interpretation|Model operation / Human / Loss of situational awareness|Knowledge analysis / Human / Annotation errors|Model training / Human / Overestimation due to data leakage / wrong splits|Model training / Human / Domain shift underestimation
P3,12,18200054,True,0.0358588272871071,,,Model operation / Technological / Cascading error propagation|Model operation / Technological / Sensor artifacts|Model operation / Technological / Map inconsistency,Model operation / Technological / Cascading error propagation|Model operation / Technological / Sensor artifacts|Model operation / Technological / Map inconsistency|Model operation / Technological / Concept drift|Model operation / Technological / Security robustness / spoofing,Model operation / Technological / Cascading error propagation|Model operation / Technological / Sensor artifacts|Model operation / Technological / Map inconsistency|Model operation / Technological / Concept drift|Model operation / Technological / Security robustness / spoofing|Model operation / Human / Loss of situational awareness|Knowledge analysis / Technological / Incorrect spatial-geometric interpretation|Model training / Human / Overestimation due to data leakage / wrong splits|Model training / Human / Domain shift underestimation|Model operation / Technological / Model version skew
P3,13,18200055,True,0.03480876948036103,,,Model operation / Technological / Cascading error propagation|Model operation / Technological / Sensor artifacts|Model operation / Technological / Map inconsistency,Model operation / Technological / Cascading error propagation|Model operation / Technological / Sensor artifacts|Model operation / Technological / Map inconsistency|Model operation / Technological / Security robustness / spoofing|Model operation / Technological / Concept drift,Model operation / Technological / Cascading error propagation|Model operation / Technological / Sensor artifacts|Model operation / Technological / Map inconsistency|Model operation / Technological / Security robustness / spoofing|Model operation / Technological / Concept drift|Knowledge analysis / Technological / Incorrect spatial-geometric interpretation|Model operation / Human / Loss of situational awareness|Model training / Human / Domain shift underestimation|Model training / Human / Overestimation due to data leakage / wrong splits|Knowledge analysis / Human / Annotation errors
P3,14,18200056,True,0.03215393630797028,,,Model operation / Technological / Cascading error propagation|Model operation / Technological / Sensor artifacts|Model operation / Technological / Security robustness / spoofing,Model operation / Technological / Cascading error propagation|Model operation / Technological / Sensor artifacts|Model operation / Technological / Security robustness / spoofing|Model operation / Technological / Concept drift|Model operation / Technological / Map inconsistency,Model operation / Technological / Cascading error propagation|Model operation / Technological / Sensor artifacts|Model operation / Technological / Security robustness / spoofing|Model operation / Technological / Concept drift|Model operation / Technological / Map inconsistency|Model operation / Human / Loss of situational awareness|Knowledge analysis / Technological / Incorrect spatial-geometric interpretation|Model training / Human / Domain shift underestimation|Model training / Human / Overestimation due to data leakage / wrong splits|Knowledge analysis / Human / Annotation errors
P3,15,18200057,True,0.03792242625351462,,,Model operation / Technological / Cascading error propagation|Model operation / Technological / Map inconsistency|Model operation / Technological / Sensor artifacts,Model operation / Technological / Cascading error propagation|Model operation / Technological / Map inconsistency|Model operation / Technological / Sensor artifacts|Model operation / Technological / Security robustness / spoofing|Model operation / Technological / Concept drift,Model operation / Technological / Cascading error propagation|Model operation / Technological / Map inconsistency|Model operation / Technological / Sensor artifacts|Model operation / Technological / Security robustness / spoofing|Model operation / Technological / Concept drift|Knowledge analysis / Technological / Incorrect spatial-geometric interpretation|Model operation / Human / Loss of situational awareness|Model training / Human / Domain shift underestimation|Model training / Human / Overestimation due to data leakage / wrong splits|Knowledge analysis / Human / Inappropriate model architecture
P3,16,18200058,True,0.023129820300994055,,,Model operation / Technological / Cascading error propagation|Model operation / Technological / Map inconsistency|Model operation / Technological / Sensor artifacts,Model operation / Technological / Cascading error propagation|Model operation / Technological / Map inconsistency|Model operation / Technological / Sensor artifacts|Model operation / Technological / Security robustness / spoofing|Model operation / Technological / Concept drift,Model operation / Technological / Cascading error propagation|Model operation / Technological / Map inconsistency|Model operation / Technological / Sensor artifacts|Model operation / Technological / Security robustness / spoofing|Model operation / Technological / Concept drift|Knowledge analysis / Technological / Incorrect spatial-geometric interpretation|Model training / Human / Overestimation due to data leakage / wrong splits|Model operation / Human / Loss of situational awareness|Model training / Human / Domain shift underestimation|Knowledge analysis / Human / Inappropriate model architecture
P3,17,18200059,True,0.05446036056499379,,,Model operation / Technological / Cascading error propagation|Model operation / Technological / Concept drift|Model operation / Technological / Sensor artifacts,Model operation / Technological / Cascading error propagation|Model operation / Technological / Concept drift|Model operation / Technological / Sensor artifacts|Model operation / Technological / Map inconsistency|Model operation / Technological / Security robustness / spoofing,Model operation / Technological / Cascading error propagation|Model operation / Technological / Concept drift|Model operation / Technological / Sensor artifacts|Model operation / Technological / Map inconsistency|Model operation / Technological / Security robustness / spoofing|Knowledge analysis / Technological / Incorrect spatial-geometric interpretation|Model operation / Human / Loss of situational awareness|Model training / Human / Overestimation due to data leakage / wrong splits|Model training / Human / Domain shift underestimation|Knowledge analysis / Human / Task formulation mismatch
P3,18,18200060,True,0.065460752366371,,,Model operation / Technological / Cascading error propagation|Model operation / Technological / Map inconsistency|Knowledge analysis / Technological / Incorrect spatial-geometric interpretation,Model operation / Technological / Cascading error propagation|Model operation / Technological / Map inconsistency|Knowledge analysis / Technological / Incorrect spatial-geometric interpretation|Model operation / Technological / Security robustness / spoofing|Model operation / Technological / Concept drift,Model operation / Technological / Cascading error propagation|Model operation / Technological / Map inconsistency|Knowledge analysis / Technological / Incorrect spatial-geometric interpretation|Model operation / Technological / Security robustness / spoofing|Model operation / Technological / Concept drift|Model operation / Technological / Sensor artifacts|Model operation / Human / Loss of situational awareness|Model training / Human / Overestimation due to data leakage / wrong splits|Model training / Human / Domain shift underestimation|Knowledge analysis / Technological / Reliance on spurious features
P3,19,18200061,True,0.04267421057609874,,,Model operation / Technological / Cascading error propagation|Model operation / Technological / Sensor artifacts|Model operation / Technological / Map inconsistency,Model operation / Technological / Cascading error propagation|Model operation / Technological / Sensor artifacts|Model operation / Technological / Map inconsistency|Model operation / Technological / Concept drift|Model operation / Technological / Security robustness / spoofing,Model operation / Technological / Cascading error propagation|Model operation / Technological / Sensor artifacts|Model operation / Technological / Map inconsistency|Model operation / Technological / Concept drift|Model operation / Technological / Security robustness / spoofing|Knowledge analysis / Technological / Incorrect spatial-geometric interpretation|Model operation / Human / Loss of situational awareness|Model training / Human / Domain shift underestimation|Model training / Technological / Noise/blur/compression fragility|Knowledge analysis / Human / Annotation errors
P3,20,18200062,True,0.05963043601279174,,,Model operation / Technological / Cascading error propagation|Model operation / Technological / Concept drift|Model operation / Technological / Security robustness / spoofing,Model operation / Technological / Cascading error propagation|Model operation / Technological / Concept drift|Model operation / Technological / Security robustness / spoofing|Model operation / Technological / Map inconsistency|Model operation / Technological / Sensor artifacts,Model operation / Technological / Cascading error propagation|Model operation / Technological / Concept drift|Model operation / Technological / Security robustness / spoofing|Model operation / Technological / Map inconsistency|Model operation / Technological / Sensor artifacts|Knowledge analysis / Technological / Incorrect spatial-geometric interpretation|Model operation / Human / Loss of situational awareness|Model training / Human / Domain shift underestimation|Model training / Human / Overestimation due to data leakage / wrong splits|Knowledge analysis / Human / Task formulation mismatch
P3,21,18200063,True,0.056222678385819874,,,Model operation / Technological / Cascading error propagation|Model operation / Technological / Map inconsistency|Model operation / Technological / Security robustness / spoofing,Model operation / Technological / Cascading error propagation|Model operation / Technological / Map inconsistency|Model operation / Technological / Security robustness / spoofing|Model operation / Technological / Sensor artifacts|Model operation / Technological / Concept drift,Model operation / Technological / Cascading error propagation|Model operation / Technological / Map inconsistency|Model operation / Technological / Security robustness / spoofing|Model operation / Technological / Sensor artifacts|Model operation / Technological / Concept drift|Model operation / Human / Loss of situational awareness|Knowledge analysis / Technological / Incorrect spatial-geometric interpretation|Model training / Human / Domain shift underestimation|Model training / Human / Overestimation due to data leakage / wrong splits|Knowledge analysis / Human / Task formulation mismatch
P3,22,18200064,True,0.030941933140150667,,,Model operation / Technological / Cascading error propagation|Model operation / Technological / Security robustness / spoofing|Model operation / Technological / Sensor artifacts,Model operation / Technological / Cascading error propagation|Model operation / Technological / Security robustness / spoofing|Model operation / Technological / Sensor artifacts|Model operation / Technological / Concept drift|Model operation / Technological / Map inconsistency,Model operation / Technological / Cascading error propagation|Model operation / Technological / Security robustness / spoofing|Model operation / Technological / Sensor artifacts|Model operation / Technological / Concept drift|Model operation / Technological / Map inconsistency|Model operation / Human / Loss of situational awareness|Knowledge analysis / Technological / Incorrect spatial-geometric interpretation|Model training / Human / Domain shift underestimation|Model training / Human / Overestimation due to data leakage / wrong splits|Knowledge analysis / Human / Annotation errors
P3,23,18200065,True,0.029851497576888902,,,Model operation / Technological / Cascading error propagation|Model operation / Technological / Sensor artifacts|Model operation / Technological / Map inconsistency,Model operation / Technological / Cascading error propagation|Model operation / Technological / Sensor artifacts|Model operation / Technological / Map inconsistency|Model operation / Technological / Concept drift|Model operation / Technological / Security robustness / spoofing,Model operation / Technological / Cascading error propagation|Model operation / Technological / Sensor artifacts|Model operation / Technological / Map inconsistency|Model operation / Technological / Concept drift|Model operation / Technological / Security robustness / spoofing|Knowledge analysis / Technological / Incorrect spatial-geometric interpretation|Model operation / Human / Loss of situational awareness|Model training / Human / Domain shift underestimation|Model training / Human / Overestimation due to data leakage / wrong splits|Knowledge analysis / Human / Task formulation mismatch
P3,24,18200066,True,0.07265812556275075,,,Model operation / Technological / Cascading error propagation|Model operation / Technological / Concept drift|Model operation / Technological / Sensor artifacts,Model operation / Technological / Cascading error propagation|Model operation / Technological / Concept drift|Model operation / Technological / Sensor artifacts|Model operation / Technological / Security robustness / spoofing|Model operation / Technological / Map inconsistency,Model operation / Technological / Cascading error propagation|Model operation / Technological / Concept drift|Model operation / Technological / Sensor artifacts|Model operation / Technological / Security robustness / spoofing|Model operation / Technological / Map inconsistency|Knowledge analysis / Technological / Incorrect spatial-geometric interpretation|Model operation / Human / Loss of situational awareness|Model training / Human / Domain shift underestimation|Knowledge analysis / Technological / Reliance on spurious features|Model training / Human / Overestimation due to data leakage / wrong splits
P3,25,18200067,True,0.09523705271589793,,,Model operation / Technological / Cascading error propagation|Model operation / Technological / Map inconsistency|Model operation / Technological / Security robustness / spoofing,Model operation / Technological / Cascading error propagation|Model operation / Technological / Map inconsistency|Model operation / Technological / Security robustness / spoofing|Model operation / Technological / Sensor artifacts|Model operation / Technological / Concept drift,Model operation / Technological / Cascading error propagation|Model operation / Technological / Map inconsistency|Model operation / Technological / Security robustness / spoofing|Model operation / Technological / Sensor artifacts|Model operation / Technological / Concept drift|Knowledge analysis / Technological / Incorrect spatial-geometric interpretation|Model operation / Human / Loss of situational awareness|Model training / Human / Domain shift underestimation|Model training / Human / Overestimation due to data leakage / wrong splits|Knowledge analysis / Human / Task formulation mismatch
P3,26,18200068,True,0.04357471460100805,,,Model operation / Technological / Cascading error propagation|Model operation / Technological / Map inconsistency|Model operation / Technological / Concept drift,Model operation / Technological / Cascading error propagation|Model operation / Technological / Map inconsistency|Model operation / Technological / Concept drift|Model operation / Technological / Security robustness / spoofing|Model operation / Technological / Sensor artifacts,Model operation / Technological / Cascading error propagation|Model operation / Technological / Map inconsistency|Model operation / Technological / Concept drift|Model operation / Technological / Security robustness / spoofing|Model operation / Technological / Sensor artifacts|Model operation / Human / Loss of situational awareness|Knowledge analysis / Technological / Incorrect spatial-geometric interpretation|Model training / Technological / Noise/blur/compression fragility|Model training / Human / Domain shift underestimation|Model training / Human / Overestimation due to data leakage / wrong splits
P3,27,18200069,True,0.0367923719938604,,,Model operation / Technological / Cascading error propagation|Model operation / Technological / Security robustness / spoofing|Model operation / Technological / Sensor artifacts,Model operation / Technological / Cascading error propagation|Model operation / Technological / Security robustness / spoofing|Model operation / Technological / Sensor artifacts|Model operation / Technological / Map inconsistency|Model operation / Technological / Concept drift,Model operation / Technological / Cascading error propagation|Model operation / Technological / Security robustness / spoofing|Model operation / Technological / Sensor artifacts|Model operation / Technological / Map inconsistency|Model operation / Technological / Concept drift|Model operation / Human / Loss of situational awareness|Knowledge analysis / Technological / Incorrect spatial-geometric interpretation|Model training / Human / Overestimation due to data leakage / wrong splits|Model training / Human / Domain shift underestimation|Knowledge analysis / Human / Annotation errors
P3,28,18200070,True,0.033427755536204334,,,Model operation / Technological / Cascading error propagation|Model operation / Technological / Map inconsistency|Model operation / Technological / Concept drift,Model operation / Technological / Cascading error propagation|Model operation / Technological / Map inconsistency|Model operation / Technological / Concept drift|Model operation / Technological / Security robustness / spoofing|Model operation / Technological / Sensor artifacts,Model operation / Technological / Cascading error propagation|Model operation / Technological / Map inconsistency|Model operation / Technological / Concept drift|Model operation / Technological / Security robustness / spoofing|Model operation / Technological / Sensor artifacts|Model operation / Human / Loss of situational awareness|Knowledge analysis / Technological / Incorrect spatial-geometric interpretation|Model training / Human / Domain shift underestimation|Model training / Human / Overestimation due to data leakage / wrong splits|Knowledge analysis / Human / Inappropriate model architecture
P3,29,18200071,True,0.03215393630797127,,,Model operation / Technological / Cascading error propagation|Model operation / Technological / Security robustness / spoofing|Model operation / Technological / Map inconsistency,Model operation / Technological / Cascading error propagation|Model operation / Technological / Security robustness / spoofing|Model operation / Technological / Map inconsistency|Model operation / Technological / Sensor artifacts|Model operation / Technological / Concept drift,Model operation / Technological / Cascading error propagation|Model operation / Technological / Security robustness / spoofing|Model operation / Technological / Map inconsistency|Model operation / Technological / Sensor artifacts|Model operation / Technological / Concept drift|Model operation / Human / Loss of situational awareness|Knowledge analysis / Technological / Incorrect spatial-geometric interpretation|Model training / Human / Overestimation due to data leakage / wrong splits|Model training / Human / Domain shift underestimation|Knowledge analysis / Human / Annotation errors
P3,30,18200072,True,0.04978830878039926,,,Model operation / Technological / Cascading error propagation|Model operation / Technological / Security robustness / spoofing|Model operation / Technological / Map inconsistency,Model operation / Technological / Cascading error propagation|Model operation / Technological / Security robustness / spoofing|Model operation / Technological / Map inconsistency|Model operation / Technological / Concept drift|Model operation / Technological / Sensor artifacts,Model operation / Technological / Cascading error propagation|Model operation / Technological / Security robustness / spoofing|Model operation / Technological / Map inconsistency|Model operation / Technological / Concept drift|Model operation / Technological / Sensor artifacts|Model operation / Human / Loss of situational awareness|Knowledge analysis / Technological / Incorrect spatial-geometric interpretation|Model training / Human / Overestimation due to data leakage / wrong splits|Model training / Human / Domain shift underestimation|Model operation / Technological / Fallback failure / controlled degradation failure
P3,31,18200073,True,0.059248853926809154,,,Model operation / Technological / Cascading error propagation|Knowledge analysis / Technological / Incorrect spatial-geometric interpretation|Model operation / Technological / Sensor artifacts,Model operation / Technological / Cascading error propagation|Knowledge analysis / Technological / Incorrect spatial-geometric interpretation|Model operation / Technological / Sensor artifacts|Model operation / Technological / Concept drift|Model operation / Technological / Security robustness / spoofing,Model operation / Technological / Cascading error propagation|Knowledge analysis / Technological / Incorrect spatial-geometric interpretation|Model operation / Technological / Sensor artifacts|Model operation / Technological / Concept drift|Model operation / Technological / Security robustness / spoofing|Model operation / Technological / Map inconsistency|Model training / Human / Overestimation due to data leakage / wrong splits|Model training / Human / Domain shift underestimation|Model operation / Human / Loss of situational awareness|Knowledge analysis / Human / Task formulation mismatch
P3,32,18200074,True,0.03275868116529719,,,Model operation / Technological / Cascading error propagation|Model operation / Technological / Sensor artifacts|Model operation / Technological / Security robustness / spoofing,Model operation / Technological / Cascading error propagation|Model operation / Technological / Sensor artifacts|Model operation / Technological / Security robustness / spoofing|Model operation / Technological / Concept drift|Knowledge analysis / Technological / Incorrect spatial-geometric interpretation,Model operation / Technological / Cascading error propagation|Model operation / Technological / Sensor artifacts|Model operation / Technological / Security robustness / spoofing|Model operation / Technological / Concept drift|Knowledge analysis / Technological / Incorrect spatial-geometric interpretation|Model training / Human / Overestimation due to data leakage / wrong splits|Model training / Human / Domain shift underestimation|Model operation / Technological / Map inconsistency|Model operation / Human / Loss of situational awareness|Knowledge analysis / Human / Annotation errors
P3,33,18200075,True,0.03669527398756646,,,Model operation / Technological / Cascading error propagation|Model operation / Technological / Map inconsistency|Model operation / Technological / Security robustness / spoofing,Model operation / Technological / Cascading error propagation|Model operation / Technological / Map inconsistency|Model operation / Technological / Security robustness / spoofing|Model operation / Technological / Sensor artifacts|Knowledge analysis / Technological / Incorrect spatial-geometric interpretation,Model operation / Technological / Cascading error propagation|Model operation / Technological / Map inconsistency|Model operation / Technological / Security robustness / spoofing|Model operation / Technological / Sensor artifacts|Knowledge analysis / Technological / Incorrect spatial-geometric interpretation|Model operation / Technological / Concept drift|Model operation / Human / Loss of situational awareness|Model training / Human / Domain shift underestimation|Model training / Human / Overestimation due to data leakage / wrong splits|Knowledge analysis / Human / Annotation errors
P3,34,18200076,True,0.04080700511114075,,,Model operation / Technological / Cascading error propagation|Model operation / Technological / Sensor artifacts|Model operation / Technological / Map inconsistency,Model operation / Technological / Cascading error propagation|Model operation / Technological / Sensor artifacts|Model operation / Technological / Map inconsistency|Model operation / Technological / Security robustness / spoofing|Model operation / Technological / Concept drift,Model operation / Technological / Cascading error propagation|Model operation / Technological / Sensor artifacts|Model operation / Technological / Map inconsistency|Model operation / Technological / Security robustness / spoofing|Model operation / Technological / Concept drift|Knowledge analysis / Technological / Incorrect spatial-geometric interpretation|Model operation / Human / Loss of situational awareness|Model training / Human / Domain shift underestimation|Model training / Human / Overestimation due to data leakage / wrong splits|Knowledge analysis / Human / Inappropriate model architecture
P3,35,18200077,True,0.047693963683516395,,,Model operation / Technological / Cascading error propagation|Model operation / Technological / Map inconsistency|Knowledge analysis / Technological / Incorrect spatial-geometric interpretation,Model operation / Technological / Cascading error propagation|Model operation / Technological / Map inconsistency|Knowledge analysis / Technological / Incorrect spatial-geometric interpretation|Model operation / Technological / Security robustness / spoofing|Model operation / Technological / Sensor artifacts,Model operation / Technological / Cascading error propagation|Model operation / Technological / Map inconsistency|Knowledge analysis / Technological / Incorrect spatial-geometric interpretation|Model operation / Technological / Security robustness / spoofing|Model operation / Technological / Sensor artifacts|Model operation / Technological / Concept drift|Model operation / Human / Loss of situational awareness|Knowledge analysis / Human / Task formulation mismatch|Model training / Human / Overestimation due to data leakage / wrong splits|Model training / Human / Domain shift underestimation
P3,36,18200078,True,0.07683151480120472,,,Model operation / Technological / Cascading error propagation|Model operation / Technological / Map inconsistency|Model operation / Technological / Security robustness / spoofing,Model operation / Technological / Cascading error propagation|Model operation / Technological / Map inconsistency|Model operation / Technological / Security robustness / spoofing|Model operation / Technological / Sensor artifacts|Model operation / Technological / Concept drift,Model operation / Technological / Cascading error propagation|Model operation / Technological / Map inconsistency|Model operation / Technological / Security robustness / spoofing|Model operation / Technological / Sensor artifacts|Model operation / Technological / Concept drift|Knowledge analysis / Technological / Incorrect spatial-geometric interpretation|Model operation / Human / Loss of situational awareness|Model training / Human / Domain shift underestimation|Model training / Human / Overestimation due to data leakage / wrong splits|Knowledge analysis / Human / Annotation errors
P3,37,18200079,True,0.04964358076951965,,,Model operation / Technological / Cascading error propagation|Model operation / Technological / Sensor artifacts|Model operation / Technological / Concept drift,Model operation / Technological / Cascading error propagation|Model operation / Technological / Sensor artifacts|Model operation / Technological / Concept drift|Model operation / Technological / Security robustness / spoofing|Model operation / Technological / Map inconsistency,Model operation / Technological / Cascading error propagation|Model operation / Technological / Sensor artifacts|Model operation / Technological / Concept drift|Model operation / Technological / Security robustness / spoofing|Model operation / Technological / Map inconsistency|Knowledge analysis / Technological / Incorrect spatial-geometric interpretation|Model operation / Human / Loss of situational awareness|Model training / Human / Domain shift underestimation|Model training / Human / Overestimation due to data leakage / wrong splits|Knowledge analysis / Human / Annotation errors
P3,38,18200080,True,0.032200223732854284,,,Model operation / Technological / Cascading error propagation|Model operation / Technological / Concept drift|Model operation / Technological / Sensor artifacts,Model operation / Technological / Cascading error propagation|Model operation / Technological / Concept drift|Model operation / Technological / Sensor artifacts|Model operation / Technological / Map inconsistency|Model operation / Technological / Security robustness / spoofing,Model operation / Technological / Cascading error propagation|Model operation / Technological / Concept drift|Model operation / Technological / Sensor artifacts|Model operation / Technological / Map inconsistency|Model operation / Technological / Security robustness / spoofing|Knowledge analysis / Technological / Incorrect spatial-geometric interpretation|Model operation / Human / Loss of situational awareness|Model training / Human / Overestimation due to data leakage / wrong splits|Model training / Human / Domain shift underestimation|Knowledge analysis / Human / Annotation errors
P3,39,18200081,True,0.03158989075713612,,,Model operation / Technological / Cascading error propagation|Model operation / Technological / Map inconsistency|Model operation / Technological / Security robustness / spoofing,Model operation / Technological / Cascading error propagation|Model operation / Technological / Map inconsistency|Model operation / Technological / Security robustness / spoofing|Model operation / Technological / Sensor artifacts|Model operation / Technological / Concept drift,Model operation / Technological / Cascading error propagation|Model operation / Technological / Map inconsistency|Model operation / Technological / Security robustness / spoofing|Model operation / Technological / Sensor artifacts|Model operation / Technological / Concept drift|Model operation / Human / Loss of situational awareness|Knowledge analysis / Technological / Incorrect spatial-geometric interpretation|Model training / Human / Overestimation due to data leakage / wrong splits|Model training / Human / Domain shift underestimation|Knowledge analysis / Human / Task formulation mismatch
P3,40,18200082,True,0.0342591645761591,,,Model operation / Technological / Cascading error propagation|Model operation / Technological / Security robustness / spoofing|Model operation / Technological / Map inconsistency,Model operation / Technological / Cascading error propagation|Model operation / Technological / Security robustness / spoofing|Model operation / Technological / Map inconsistency|Model operation / Technological / Sensor artifacts|Model operation / Technological / Concept drift,Model operation / Technological / Cascading error propagation|Model operation / Technological / Security robustness / spoofing|Model operation / Technological / Map inconsistency|Model operation / Technological / Sensor artifacts|Model operation / Technological / Concept drift|Knowledge analysis / Technological / Incorrect spatial-geometric interpretation|Model operation / Human / Loss of situational awareness|Model training / Human / Domain shift underestimation|Model training / Human / Overestimation due to data leakage / wrong splits|Knowledge analysis / Technological / Reliance on spurious features
P3,41,18200083,True,0.04327633649880256,,,Model operation / Technological / Cascading error propagation|Model operation / Technological / Sensor artifacts|Model operation / Technological / Security robustness / spoofing,Model operation / Technological / Cascading error propagation|Model operation / Technological / Sensor artifacts|Model operation / Technological / Security robustness / spoofing|Model operation / Technological / Concept drift|Model operation / Technological / Map inconsistency,Model operation / Technological / Cascading error propagation|Model operation / Technological / Sensor artifacts|Model operation / Technological / Security robustness / spoofing|Model operation / Technological / Concept drift|Model operation / Technological / Map inconsistency|Knowledge analysis / Technological / Incorrect spatial-geometric interpretation|Model operation / Human / Loss of situational awareness|Model training / Human / Domain shift underestimation|Model training / Human / Overestimation due to data leakage / wrong splits|Knowledge analysis / Human / Inappropriate model architecture
P3,42,18200084,True,0.04007688190540462,,,Model operation / Technological / Cascading error propagation|Model operation / Technological / Sensor artifacts|Model operation / Technological / Security robustness / spoofing,Model operation / Technological / Cascading error propagation|Model operation / Technological / Sensor artifacts|Model operation / Technological / Security robustness / spoofing|Model operation / Technological / Map inconsistency|Model operation / Technological / Concept drift,Model operation / Technological / Cascading error propagation|Model operation / Technological / Sensor artifacts|Model operation / Technological / Security robustness / spoofing|Model operation / Technological / Map inconsistency|Model operation / Technological / Concept drift|Knowledge analysis / Technological / Incorrect spatial-geometric interpretation|Model operation / Human / Loss of situational awareness|Model training / Human / Overestimation due to data leakage / wrong splits|Model training / Human / Domain shift underestimation|Knowledge analysis / Human / Task formulation mismatch
P3,43,18200085,True,0.03239707831326391,,,Model operation / Technological / Cascading error propagation|Model operation / Technological / Map inconsistency|Model operation / Technological / Security robustness / spoofing,Model operation / Technological / Cascading error propagation|Model operation / Technological / Map inconsistency|Model operation / Technological / Security robustness / spoofing|Model operation / Technological / Concept drift|Model operation / Technological / Sensor artifacts,Model operation / Technological / Cascading error propagation|Model operation / Technological / Map inconsistency|Model operation / Technological / Security robustness / spoofing|Model operation / Technological / Concept drift|Model operation / Technological / Sensor artifacts|Knowledge analysis / Technological / Incorrect spatial-geometric interpretation|Model training / Human / Domain shift underestimation|Model training / Human / Overestimation due to data leakage / wrong splits|Model operation / Human / Loss of situational awareness|Knowledge analysis / Human / Annotation errors
P3,44,18200086,True,0.04161114598953429,,,Model operation / Technological / Cascading error propagation|Model operation / Technological / Concept drift|Model operation / Technological / Security robustness / spoofing,Model operation / Technological / Cascading error propagation|Model operation / Technological / Concept drift|Model operation / Technological / Security robustness / spoofing|Model operation / Technological / Sensor artifacts|Knowledge analysis / Technological / Incorrect spatial-geometric interpretation,Model operation / Technological / Cascading error propagation|Model operation / Technological / Concept drift|Model operation / Technological / Security robustness / spoofing|Model operation / Technological / Sensor artifacts|Knowledge analysis / Technological / Incorrect spatial-geometric interpretation|Model operation / Technological / Map inconsistency|Model training / Human / Domain shift underestimation|Model operation / Human / Loss of situational awareness|Model training / Human / Overestimation due to data leakage / wrong splits|Knowledge analysis / Human / Annotation errors
P3,45,18200087,True,0.053320189782743416,,,Model operation / Technological / Cascading error propagation|Model operation / Technological / Map inconsistency|Model operation / Technological / Sensor artifacts,Model operation / Technological / Cascading error propagation|Model operation / Technological / Map inconsistency|Model operation / Technological / Sensor artifacts|Model operation / Technological / Concept drift|Model operation / Technological / Security robustness / spoofing,Model operation / Technological / Cascading error propagation|Model operation / Technological / Map inconsistency|Model operation / Technological / Sensor artifacts|Model operation / Technological / Concept drift|Model operation / Technological / Security robustness / spoofing|Knowledge analysis / Technological / Incorrect spatial-geometric interpretation|Model operation / Human / Loss of situational awareness|Model training / Human / Domain shift underestimation|Model training / Human / Overestimation due to data leakage / wrong splits|Knowledge analysis / Technological / Reliance on spurious features
P3,46,18200088,True,0.036218605890239175,,,Model operation / Technological / Cascading error propagation|Model operation / Technological / Map inconsistency|Model operation / Technological / Concept drift,Model operation / Technological / Cascading error propagation|Model operation / Technological / Map inconsistency|Model operation / Technological / Concept drift|Model operation / Technological / Sensor artifacts|Model operation / Technological / Security robustness / spoofing,Model operation / Technological / Cascading error propagation|Model operation / Technological / Map inconsistency|Model operation / Technological / Concept drift|Model operation / Technological / Sensor artifacts|Model operation / Technological / Security robustness / spoofing|Model training / Human / Overestimation due to data leakage / wrong splits|Model operation / Human / Loss of situational awareness|Knowledge analysis / Technological / Incorrect spatial-geometric interpretation|Model training / Human / Domain shift underestimation|Knowledge analysis / Human / Task formulation mismatch
P3,47,18200089,True,0.0402384741223877,,,Model operation / Technological / Cascading error propagation|Model operation / Technological / Security robustness / spoofing|Model operation / Technological / Map inconsistency,Model operation / Technological / Cascading error propagation|Model operation / Technological / Security robustness / spoofing|Model operation / Technological / Map inconsistency|Model operation / Technological / Sensor artifacts|Model operation / Technological / Concept drift,Model operation / Technological / Cascading error propagation|Model operation / Technological / Security robustness / spoofing|Model operation / Technological / Map inconsistency|Model operation / Technological / Sensor artifacts|Model operation / Technological / Concept drift|Knowledge analysis / Technological / Incorrect spatial-geometric interpretation|Model operation / Human / Loss of situational awareness|Model training / Human / Overestimation due to data leakage / wrong splits|Model training / Human / Domain shift underestimation|Knowledge analysis / Human / Annotation errors
P3,48,18200090,True,0.02281323231671724,,,Model operation / Technological / Cascading error propagation|Model operation / Technological / Security robustness / spoofing|Model operation / Technological / Sensor artifacts,Model operation / Technological / Cascading error propagation|Model operation / Technological / Security robustness / spoofing|Model operation / Technological / Sensor artifacts|Model operation / Technological / Concept drift|Model operation / Human / Loss of situational awareness,Model operation / Technological / Cascading error propagation|Model operation / Technological / Security robustness / spoofing|Model operation / Technological / Sensor artifacts|Model operation / Technological / Concept drift|Model operation / Human / Loss of situational awareness|Model operation / Technological / Map inconsistency|Knowledge analysis / Technological / Incorrect spatial-geometric interpretation|Model training / Human / Overestimation due to data leakage / wrong splits|Model training / Human / Domain shift underestimation|Knowledge analysis / Human / Task formulation mismatch
P3,49,18200091,True,0.029664340311150807,,,Model operation / Technological / Cascading error propagation|Model operation / Technological / Sensor artifacts|Model operation / Technological / Map inconsistency,Model operation / Technological / Cascading error propagation|Model operation / Technological / Sensor artifacts|Model operation / Technological / Map inconsistency|Model operation / Technological / Concept drift|Model operation / Technological / Security robustness / spoofing,Model operation / Technological / Cascading error propagation|Model operation / Technological / Sensor artifacts|Model operation / Technological / Map inconsistency|Model operation / Technological / Concept drift|Model operation / Technological / Security robustness / spoofing|Model operation / Human / Loss of situational awareness|Knowledge analysis / Technological / Incorrect spatial-geometric interpretation|Model training / Human / Overestimation due to data leakage / wrong splits|Model training / Human / Domain shift underestimation|Knowledge analysis / Human / Inappropriate model architecture
P3,50,18200092,True,0.08734980777782976,,,Model operation / Technological / Cascading error propagation|Model training / Human / Overestimation due to data leakage / wrong splits|Model operation / Technological / Concept drift,Model operation / Technological / Cascading error propagation|Model training / Human / Overestimation due to data leakage / wrong splits|Model operation / Technological / Concept drift|Model operation / Technological / Security robustness / spoofing|Knowledge analysis / Technological / Incorrect spatial-geometric interpretation,Model operation / Technological / Cascading error propagation|Model training / Human / Overestimation due to data leakage / wrong splits|Model operation / Technological / Concept drift|Model operation / Technological / Security robustness / spoofing|Knowledge analysis / Technological / Incorrect spatial-geometric interpretation|Model training / Human / Domain shift underestimation|Model operation / Technological / Sensor artifacts|Model operation / Technological / Map inconsistency|Model operation / Human / Loss of situational awareness|Model training / Technological / Noise/blur/compression fragility
P3,51,18200093,True,0.0525364909858258,,,Model operation / Technological / Cascading error propagation|Model operation / Technological / Concept drift|Model operation / Technological / Security robustness / spoofing,Model operation / Technological / Cascading error propagation|Model operation / Technological / Concept drift|Model operation / Technological / Security robustness / spoofing|Model operation / Technological / Sensor artifacts|Model operation / Technological / Map inconsistency,Model operation / Technological / Cascading error propagation|Model operation / Technological / Concept drift|Model operation / Technological / Security robustness / spoofing|Model operation / Technological / Sensor artifacts|Model operation / Technological / Map inconsistency|Model operation / Human / Loss of situational awareness|Model training / Human / Overestimation due to data leakage / wrong splits|Knowledge analysis / Technological / Incorrect spatial-geometric interpretation|Model training / Human / Domain shift underestimation|Model operation / Technological / Fallback failure / controlled degradation failure
P3,52,18200094,True,0.04269584948440094,,,Model operation / Technological / Cascading error propagation|Model operation / Technological / Security robustness / spoofing|Model operation / Technological / Concept drift,Model operation / Technological / Cascading error propagation|Model operation / Technological / Security robustness / spoofing|Model operation / Technological / Concept drift|Model operation / Technological / Map inconsistency|Model operation / Technological / Sensor artifacts,Model operation / Technological / Cascading error propagation|Model operation / Technological / Security robustness / spoofing|Model operation / Technological / Concept drift|Model operation / Technological / Map inconsistency|Model operation / Technological / Sensor artifacts|Knowledge analysis / Technological / Incorrect spatial-geometric interpretation|Model operation / Human / Loss of situational awareness|Model training / Human / Overestimation due to data leakage / wrong splits|Model training / Human / Domain shift underestimation|Knowledge analysis / Human / Annotation errors
P3,53,18200095,True,0.04077963580301929,,,Model operation / Technological / Cascading error propagation|Model operation / Technological / Security robustness / spoofing|Model operation / Technological / Map inconsistency,Model operation / Technological / Cascading error propagation|Model operation / Technological / Security robustness / spoofing|Model operation / Technological / Map inconsistency|Model operation / Technological / Sensor artifacts|Model operation / Technological / Concept drift,Model operation / Technological / Cascading error propagation|Model operation / Technological / Security robustness / spoofing|Model operation / Technological / Map inconsistency|Model operation / Technological / Sensor artifacts|Model operation / Technological / Concept drift|Model operation / Human / Loss of situational awareness|Knowledge analysis / Technological / Incorrect spatial-geometric interpretation|Model training / Human / Domain shift underestimation|Model training / Human / Overestimation due to data leakage / wrong splits|Knowledge analysis / Human / Inappropriate model architecture
P3,54,18200096,True,0.05924885392681047,,,Model operation / Technological / Cascading error propagation|Model operation / Technological / Security robustness / spoofing|Model operation / Technological / Map inconsistency,Model operation / Technological / Cascading error propagation|Model operation / Technological / Security robustness / spoofing|Model operation / Technological / Map inconsistency|Model operation / Technological / Concept drift|Model operation / Technological / Sensor artifacts,Model operation / Technological / Cascading error propagation|Model operation / Technological / Security robustness / spoofing|Model operation / Technological / Map inconsistency|Model operation / Technological / Concept drift|Model operation / Technological / Sensor artifacts|Knowledge analysis / Technological / Incorrect spatial-geometric interpretation|Model operation / Human / Loss of situational awareness|Model training / Human / Overestimation due to data leakage / wrong splits|Model training / Human / Domain shift underestimation|Knowledge analysis / Human / Task formulation mismatch
P3,55,18200097,True,0.03566872508598082,,,Model operation / Technological / Cascading error propagation|Model operation / Technological / Sensor artifacts|Model operation / Technological / Map inconsistency,Model operation / Technological / Cascading error propagation|Model operation / Technological / Sensor artifacts|Model operation / Technological / Map inconsistency|Model operation / Technological / Security robustness / spoofing|Model operation / Technological / Concept drift,Model operation / Technological / Cascading error propagation|Model operation / Technological / Sensor artifacts|Model operation / Technological / Map inconsistency|Model operation / Technological / Security robustness / spoofing|Model operation / Technological / Concept drift|Knowledge analysis / Technological / Incorrect spatial-geometric interpretation|Model operation / Human / Loss of situational awareness|Model training / Human / Overestimation due to data leakage / wrong splits|Model training / Human / Domain shift underestimation|Model operation / Technological / Correlated perception errors
P3,56,18200098,True,0.026113763376482035,,,Model operation / Technological / Cascading error propagation|Model operation / Technological / Security robustness / spoofing|Model operation / Technological / Map inconsistency,Model operation / Technological / Cascading error propagation|Model operation / Technological / Security robustness / spoofing|Model operation / Technological / Map inconsistency|Model operation / Technological / Concept drift|Model operation / Technological / Sensor artifacts,Model operation / Technological / Cascading error propagation|Model operation / Technological / Security robustness / spoofing|Model operation / Technological / Map inconsistency|Model operation / Technological / Concept drift|Model operation / Technological / Sensor artifacts|Knowledge analysis / Technological / Incorrect spatial-geometric interpretation|Model operation / Human / Loss of situational awareness|Model training / Human / Overestimation due to data leakage / wrong splits|Model training / Human / Domain shift underestimation|Knowledge analysis / Human / Task formulation mismatch
P3,57,18200099,True,0.024739479606819076,,,Model operation / Technological / Cascading error propagation|Model operation / Technological / Map inconsistency|Model operation / Technological / Concept drift,Model operation / Technological / Cascading error propagation|Model operation / Technological / Map inconsistency|Model operation / Technological / Concept drift|Model operation / Technological / Sensor artifacts|Model operation / Technological / Security robustness / spoofing,Model operation / Technological / Cascading error propagation|Model operation / Technological / Map inconsistency|Model operation / Technological / Concept drift|Model operation / Technological / Sensor artifacts|Model operation / Technological / Security robustness / spoofing|Model operation / Human / Loss of situational awareness|Knowledge analysis / Technological / Incorrect spatial-geometric interpretation|Model training / Human / Overestimation due to data leakage / wrong splits|Model training / Human / Domain shift underestimation|Knowledge analysis / Human / Inappropriate model architecture
P3,58,18200100,False,0.14568920641067862,,,Model operation / Technological / Cascading error propagation|Model operation / Technological / Sensor artifacts|Model operation / Technological / Security robustness / spoofing,Model operation / Technological / Cascading error propagation|Model operation / Technological / Sensor artifacts|Model operation / Technological / Security robustness / spoofing|Model operation / Technological / Map inconsistency|Model operation / Technological / Concept drift,Model operation / Technological / Cascading error propagation|Model operation / Technological / Sensor artifacts|Model operation / Technological / Security robustness / spoofing|Model operation / Technological / Map inconsistency|Model operation / Technological / Concept drift|Model training / Human / Overestimation due to data leakage / wrong splits|Model training / Human / Domain shift underestimation|Knowledge analysis / Technological / Incorrect spatial-geometric interpretation|Model operation / Human / Loss of situational awareness|Model training / Technological / Overfitting
P3,59,18200101,True,0.03401913666425532,,,Model operation / Technological / Cascading error propagation|Model operation / Technological / Concept drift|Model operation / Technological / Sensor artifacts,Model operation / Technological / Cascading error propagation|Model operation / Technological / Concept drift|Model operation / Technological / Sensor artifacts|Model operation / Technological / Security robustness / spoofing|Model operation / Technological / Map inconsistency,Model operation / Technological / Cascading error propagation|Model operation / Technological / Concept drift|Model operation / Technological / Sensor artifacts|Model operation / Technological / Security robustness / spoofing|Model operation / Technological / Map inconsistency|Model operation / Human / Loss of situational awareness|Knowledge analysis / Technological / Incorrect spatial-geometric interpretation|Model training / Human / Overestimation due to data leakage / wrong splits|Model training / Human / Domain shift underestimation|Knowledge analysis / Human / Annotation errors
P3,60,18200102,True,0.07273639284494217,,,Model operation / Technological / Cascading error propagation|Model operation / Technological / Concept drift|Model operation / Technological / Map inconsistency,Model operation / Technological / Cascading error propagation|Model operation / Technological / Concept drift|Model operation / Technological / Map inconsistency|Model operation / Technological / Security robustness / spoofing|Model operation / Technological / Sensor artifacts,Model operation / Technological / Cascading error propagation|Model operation / Technological / Concept drift|Model operation / Technological / Map inconsistency|Model operation / Technological / Security robustness / spoofing|Model operation / Technological / Sensor artifacts|Knowledge analysis / Technological / Incorrect spatial-geometric interpretation|Model operation / Human / Loss of situational awareness|Model training / Human / Overestimation due to data leakage / wrong splits|Model training / Human / Domain shift underestimation|Knowledge analysis / Human / Annotation errors
P3,61,18200103,True,0.04183828141916366,,,Model operation / Technological / Cascading error propagation|Model operation / Technological / Map inconsistency|Model operation / Technological / Sensor artifacts,Model operation / Technological / Cascading error propagation|Model operation / Technological / Map inconsistency|Model operation / Technological / Sensor artifacts|Model operation / Technological / Concept drift|Model operation / Technological / Security robustness / spoofing,Model operation / Technological / Cascading error propagation|Model operation / Technological / Map inconsistency|Model operation / Technological / Sensor artifacts|Model operation / Technological / Concept drift|Model operation / Technological / Security robustness / spoofing|Knowledge analysis / Technological / Incorrect spatial-geometric interpretation|Model operation / Human / Loss of situational awareness|Model training / Human / Domain shift underestimation|Model training / Human / Overestimation due to data leakage / wrong splits|Knowledge analysis / Human / Task formulation mismatch
P3,62,18200104,True,0.057103674534495164,,,Model operation / Technological / Cascading error propagation|Model operation / Technological / Concept drift|Model operation / Technological / Sensor artifacts,Model operation / Technological / Cascading error propagation|Model operation / Technological / Concept drift|Model operation / Technological / Sensor artifacts|Model operation / Technological / Security robustness / spoofing|Model operation / Technological / Map inconsistency,Model operation / Technological / Cascading error propagation|Model operation / Technological / Concept drift|Model operation / Technological / Sensor artifacts|Model operation / Technological / Security robustness / spoofing|Model operation / Technological / Map inconsistency|Knowledge analysis / Technological / Incorrect spatial-geometric interpretation|Model operation / Human / Loss of situational awareness|Model training / Human / Overestimation due to data leakage / wrong splits|Model training / Human / Domain shift underestimation|Knowledge analysis / Human / Task formulation mismatch
P3,63,18200105,True,0.040725587617672046,,,Model operation / Technological / Cascading error propagation|Model operation / Technological / Map inconsistency|Model operation / Technological / Security robustness / spoofing,Model operation / Technological / Cascading error propagation|Model operation / Technological / Map inconsistency|Model operation / Technological / Security robustness / spoofing|Model operation / Technological / Concept drift|Model operation / Technological / Sensor artifacts,Model operation / Technological / Cascading error propagation|Model operation / Technological / Map inconsistency|Model operation / Technological / Security robustness / spoofing|Model operation / Technological / Concept drift|Model operation / Technological / Sensor artifacts|Model operation / Human / Loss of situational awareness|Knowledge analysis / Technological / Incorrect spatial-geometric interpretation|Model training / Human / Overestimation due to data leakage / wrong splits|Model training / Human / Domain shift underestimation|Model operation / Technological / Communication loss / swarm fragmentation
P3,64,18200106,True,0.04567006947800495,,,Model operation / Technological / Cascading error propagation|Model operation / Technological / Concept drift|Model operation / Technological / Map inconsistency,Model operation / Technological / Cascading error propagation|Model operation / Technological / Concept drift|Model operation / Technological / Map inconsistency|Model operation / Technological / Sensor artifacts|Model operation / Technological / Security robustness / spoofing,Model operation / Technological / Cascading error propagation|Model operation / Technological / Concept drift|Model operation / Technological / Map inconsistency|Model operation / Technological / Sensor artifacts|Model operation / Technological / Security robustness / spoofing|Knowledge analysis / Technological / Incorrect spatial-geometric interpretation|Model operation / Human / Loss of situational awareness|Model training / Human / Overestimation due to data leakage / wrong splits|Model training / Human / Domain shift underestimation|Knowledge analysis / Human / Inappropriate model architecture
P3,65,18200107,True,0.030651558501332807,,,Model operation / Technological / Cascading error propagation|Model operation / Technological / Map inconsistency|Knowledge analysis / Technological / Incorrect spatial-geometric interpretation,Model operation / Technological / Cascading error propagation|Model operation / Technological / Map inconsistency|Knowledge analysis / Technological / Incorrect spatial-geometric interpretation|Model operation / Technological / Sensor artifacts|Model operation / Technological / Concept drift,Model operation / Technological / Cascading error propagation|Model operation / Technological / Map inconsistency|Knowledge analysis / Technological / Incorrect spatial-geometric interpretation|Model operation / Technological / Sensor artifacts|Model operation / Technological / Concept drift|Model operation / Technological / Security robustness / spoofing|Model training / Human / Domain shift underestimation|Model operation / Human / Loss of situational awareness|Model training / Human / Overestimation due to data leakage / wrong splits|Knowledge analysis / Human / Task formulation mismatch
P3,66,18200108,True,0.0342459227804587,,,Model operation / Technological / Cascading error propagation|Model operation / Technological / Security robustness / spoofing|Model operation / Technological / Sensor artifacts,Model operation / Technological / Cascading error propagation|Model operation / Technological / Security robustness / spoofing|Model operation / Technological / Sensor artifacts|Model operation / Technological / Concept drift|Model operation / Technological / Map inconsistency,Model operation / Technological / Cascading error propagation|Model operation / Technological / Security robustness / spoofing|Model operation / Technological / Sensor artifacts|Model operation / Technological / Concept drift|Model operation / Technological / Map inconsistency|Model operation / Human / Loss of situational awareness|Knowledge analysis / Technological / Incorrect spatial-geometric interpretation|Model training / Human / Domain shift underestimation|Model training / Human / Overestimation due to data leakage / wrong splits|Knowledge analysis / Human / Inappropriate model architecture
P3,67,18200109,True,0.02704006333625778,,,Model operation / Technological / Cascading error propagation|Model operation / Technological / Sensor artifacts|Model operation / Technological / Map inconsistency,Model operation / Technological / Cascading error propagation|Model operation / Technological / Sensor artifacts|Model operation / Technological / Map inconsistency|Model operation / Technological / Concept drift|Model operation / Technological / Security robustness / spoofing,Model operation / Technological / Cascading error propagation|Model operation / Technological / Sensor artifacts|Model operation / Technological / Map inconsistency|Model operation / Technological / Concept drift|Model operation / Technological / Security robustness / spoofing|Model operation / Human / Loss of situational awareness|Knowledge analysis / Technological / Incorrect spatial-geometric interpretation|Model training / Human / Domain shift underestimation|Model training / Human / Overestimation due to data leakage / wrong splits|Model operation / Technological / Model version skew
P3,68,18200110,True,0.05277129795786753,,,Model operation / Technological / Cascading error propagation|Model operation / Technological / Map inconsistency|Model operation / Technological / Security robustness / spoofing,Model operation / Technological / Cascading error propagation|Model operation / Technological / Map inconsistency|Model operation / Technological / Security robustness / spoofing|Model operation / Technological / Concept drift|Model operation / Technological / Sensor artifacts,Model operation / Technological / Cascading error propagation|Model operation / Technological / Map inconsistency|Model operation / Technological / Security robustness / spoofing|Model operation / Technological / Concept drift|Model operation / Technological / Sensor artifacts|Model operation / Human / Loss of situational awareness|Knowledge analysis / Technological / Incorrect spatial-geometric interpretation|Model training / Human / Overestimation due to data leakage / wrong splits|Model training / Human / Domain shift underestimation|Model operation / Technological / Communication loss / swarm fragmentation
P3,69,18200111,True,0.03759634732772947,,,Model operation / Technological / Cascading error propagation|Model operation / Technological / Map inconsistency|Model operation / Technological / Sensor artifacts,Model operation / Technological / Cascading error propagation|Model operation / Technological / Map inconsistency|Model operation / Technological / Sensor artifacts|Model operation / Technological / Security robustness / spoofing|Model operation / Technological / Concept drift,Model operation / Technological / Cascading error propagation|Model operation / Technological / Map inconsistency|Model operation / Technological / Sensor artifacts|Model operation / Technological / Security robustness / spoofing|Model operation / Technological / Concept drift|Knowledge analysis / Technological / Incorrect spatial-geometric interpretation|Model operation / Human / Loss of situational awareness|Model training / Human / Overestimation due to data leakage / wrong splits|Model training / Human / Domain shift underestimation|Knowledge analysis / Human / Inappropriate model architecture
P3,70,18200112,True,0.04915335631502593,,,Model operation / Technological / Cascading error propagation|Model operation / Technological / Concept drift|Model operation / Technological / Sensor artifacts,Model operation / Technological / Cascading error propagation|Model operation / Technological / Concept drift|Model operation / Technological / Sensor artifacts|Model operation / Technological / Security robustness / spoofing|Model operation / Technological / Map inconsistency,Model operation / Technological / Cascading error propagation|Model operation / Technological / Concept drift|Model operation / Technological / Sensor artifacts|Model operation / Technological / Security robustness / spoofing|Model operation / Technological / Map inconsistency|Model operation / Human / Loss of situational awareness|Knowledge analysis / Technological / Incorrect spatial-geometric interpretation|Model training / Human / Overestimation due to data leakage / wrong splits|Model training / Human / Domain shift underestimation|Model operation / Technological / Fallback failure / controlled degradation failure
P3,71,18200113,True,0.028376045291727436,,,Model operation / Technological / Cascading error propagation|Model operation / Technological / Sensor artifacts|Model operation / Technological / Security robustness / spoofing,Model operation / Technological / Cascading error propagation|Model operation / Technological / Sensor artifacts|Model operation / Technological / Security robustness / spoofing|Model operation / Technological / Concept drift|Model operation / Technological / Map inconsistency,Model operation / Technological / Cascading error propagation|Model operation / Technological / Sensor artifacts|Model operation / Technological / Security robustness / spoofing|Model operation / Technological / Concept drift|Model operation / Technological / Map inconsistency|Knowledge analysis / Technological / Incorrect spatial-geometric interpretation|Model training / Human / Overestimation due to data leakage / wrong splits|Model training / Human / Domain shift underestimation|Model operation / Human / Loss of situational awareness|Knowledge analysis / Human / Annotation errors
P3,72,18200114,True,0.03675345942058995,,,Model operation / Technological / Cascading error propagation|Model operation / Technological / Sensor artifacts|Model operation / Technological / Concept drift,Model operation / Technological / Cascading error propagation|Model operation / Technological / Sensor artifacts|Model operation / Technological / Concept drift|Model operation / Technological / Security robustness / spoofing|Model operation / Technological / Map inconsistency,Model operation / Technological / Cascading error propagation|Model operation / Technological / Sensor artifacts|Model operation / Technological / Concept drift|Model operation / Technological / Security robustness / spoofing|Model operation / Technological / Map inconsistency|Model training / Human / Overestimation due to data leakage / wrong splits|Knowledge analysis / Technological / Incorrect spatial-geometric interpretation|Model operation / Human / Loss of situational awareness|Model training / Human / Domain shift underestimation|Knowledge analysis / Human / Inappropriate model architecture
P3,73,18200115,True,0.041466913508282105,,,Model operation / Technological / Cascading error propagation|Model operation / Technological / Concept drift|Model operation / Technological / Security robustness / spoofing,Model operation / Technological / Cascading error propagation|Model operation / Technological / Concept drift|Model operation / Technological / Security robustness / spoofing|Model operation / Technological / Map inconsistency|Model operation / Technological / Sensor artifacts,Model operation / Technological / Cascading error propagation|Model operation / Technological / Concept drift|Model operation / Technological / Security robustness / spoofing|Model operation / Technological / Map inconsistency|Model operation / Technological / Sensor artifacts|Knowledge analysis / Technological / Incorrect spatial-geometric interpretation|Model operation / Human / Loss of situational awareness|Model training / Human / Domain shift underestimation|Model training / Human / Overestimation due to data leakage / wrong splits|Knowledge analysis / Human / Inappropriate model architecture
P3,74,18200116,True,0.03247135053741654,,,Model operation / Technological / Cascading error propagation|Knowledge analysis / Technological / Incorrect spatial-geometric interpretation|Model operation / Technological / Security robustness / spoofing,Model operation / Technological / Cascading error propagation|Knowledge analysis / Technological / Incorrect spatial-geometric interpretation|Model operation / Technological / Security robustness / spoofing|Model operation / Technological / Concept drift|Model operation / Technological / Sensor artifacts,Model operation / Technological / Cascading error propagation|Knowledge analysis / Technological / Incorrect spatial-geometric interpretation|Model operation / Technological / Security robustness / spoofing|Model operation / Technological / Concept drift|Model operation / Technological / Sensor artifacts|Model operation / Technological / Map inconsistency|Model training / Human / Overestimation due to data leakage / wrong splits|Model operation / Human / Loss of situational awareness|Model training / Human / Domain shift underestimation|Knowledge analysis / Human / Inappropriate model architecture
P3,75,18200117,True,0.04493346057764582,,,Model operation / Technological / Cascading error propagation|Model operation / Technological / Map inconsistency|Model operation / Technological / Concept drift,Model operation / Technological / Cascading error propagation|Model operation / Technological / Map inconsistency|Model operation / Technological / Concept drift|Model operation / Technological / Security robustness / spoofing|Model operation / Technological / Sensor artifacts,Model operation / Technological / Cascading error propagation|Model operation / Technological / Map inconsistency|Model operation / Technological / Concept drift|Model operation / Technological / Security robustness / spoofing|Model operation / Technological / Sensor artifacts|Model training / Human / Overestimation due to data leakage / wrong splits|Model training / Human / Domain shift underestimation|Knowledge analysis / Technological / Incorrect spatial-geometric interpretation|Model operation / Human / Loss of situational awareness|Model training / Technological / Noise/blur/compression fragility
P3,76,18200118,True,0.031177109586022447,,,Model operation / Technological / Cascading error propagation|Knowledge analysis / Technological / Incorrect spatial-geometric interpretation|Model operation / Technological / Sensor artifacts,Model operation / Technological / Cascading error propagation|Knowledge analysis / Technological / Incorrect spatial-geometric interpretation|Model operation / Technological / Sensor artifacts|Model operation / Technological / Security robustness / spoofing|Model operation / Technological / Concept drift,Model operation / Technological / Cascading error propagation|Knowledge analysis / Technological / Incorrect spatial-geometric interpretation|Model operation / Technological / Sensor artifacts|Model operation / Technological / Security robustness / spoofing|Model operation / Technological / Concept drift|Model operation / Technological / Map inconsistency|Model operation / Human / Loss of situational awareness|Model training / Human / Overestimation due to data leakage / wrong splits|Model training / Human / Domain shift underestimation|Knowledge analysis / Technological / Reliance on spurious features
P3,77,18200119,True,0.03429656003022295,,,Model operation / Technological / Cascading error propagation|Model operation / Technological / Concept drift|Model operation / Technological / Map inconsistency,Model operation / Technological / Cascading error propagation|Model operation / Technological / Concept drift|Model operation / Technological / Map inconsistency|Model operation / Technological / Security robustness / spoofing|Model operation / Human / Loss of situational awareness,Model operation / Technological / Cascading error propagation|Model operation / Technological / Concept drift|Model operation / Technological / Map inconsistency|Model operation / Technological / Security robustness / spoofing|Model operation / Human / Loss of situational awareness|Model operation / Technological / Sensor artifacts|Knowledge analysis / Technological / Incorrect spatial-geometric interpretation|Model training / Human / Overestimation due to data leakage / wrong splits|Model training / Human / Domain shift underestimation|Model operation / Technological / Correlated perception errors
P3,78,18200120,True,0.0438249461598331,,,Model operation / Technological / Cascading error propagation|Model operation / Technological / Map inconsistency|Model operation / Technological / Sensor artifacts,Model operation / Technological / Cascading error propagation|Model operation / Technological / Map inconsistency|Model operation / Technological / Sensor artifacts|Model operation / Technological / Concept drift|Model operation / Technological / Security robustness / spoofing,Model operation / Technological / Cascading error propagation|Model operation / Technological / Map inconsistency|Model operation / Technological / Sensor artifacts|Model operation / Technological / Concept drift|Model operation / Technological / Security robustness / spoofing|Knowledge analysis / Technological / Incorrect spatial-geometric interpretation|Model operation / Human / Loss of situational awareness|Model training / Human / Overestimation due to data leakage / wrong splits|Model training / Human / Domain shift underestimation|Knowledge analysis / Human / Task formulation mismatch
P3,79,18200121,True,0.09059778057718419,,,Model operation / Technological / Cascading error propagation|Knowledge analysis / Technological / Incorrect spatial-geometric interpretation|Model operation / Technological / Map inconsistency,Model operation / Technological / Cascading error propagation|Knowledge analysis / Technological / Incorrect spatial-geometric interpretation|Model operation / Technological / Map inconsistency|Model operation / Technological / Sensor artifacts|Model operation / Technological / Concept drift,Model operation / Technological / Cascading error propagation|Knowledge analysis / Technological / Incorrect spatial-geometric interpretation|Model operation / Technological / Map inconsistency|Model operation / Technological / Sensor artifacts|Model operation / Technological / Concept drift|Model operation / Technological / Security robustness / spoofing|Model operation / Human / Loss of situational awareness|Model training / Human / Overestimation due to data leakage / wrong splits|Model training / Human / Domain shift underestimation|Knowledge analysis / Technological / Reliance on spurious features
P3,80,18200122,True,0.03110496765840612,,,Model operation / Technological / Cascading error propagation|Model operation / Technological / Map inconsistency|Model operation / Technological / Sensor artifacts,Model operation / Technological / Cascading error propagation|Model operation / Technological / Map inconsistency|Model operation / Technological / Sensor artifacts|Model operation / Technological / Security robustness / spoofing|Knowledge analysis / Technological / Incorrect spatial-geometric interpretation,Model operation / Technological / Cascading error propagation|Model operation / Technological / Map inconsistency|Model operation / Technological / Sensor artifacts|Model operation / Technological / Security robustness / spoofing|Knowledge analysis / Technological / Incorrect spatial-geometric interpretation|Model operation / Technological / Concept drift|Model operation / Human / Loss of situational awareness|Model training / Human / Domain shift underestimation|Model training / Human / Overestimation due to data leakage / wrong splits|Knowledge analysis / Human / Task formulation mismatch
P3,81,18200123,True,0.026823964548415312,,,Model operation / Technological / Cascading error propagation|Model operation / Technological / Map inconsistency|Model training / Human / Domain shift underestimation,Model operation / Technological / Cascading error propagation|Model operation / Technological / Map inconsistency|Model training / Human / Domain shift underestimation|Model training / Human / Overestimation due to data leakage / wrong splits|Model operation / Technological / Sensor artifacts,Model operation / Technological / Cascading error propagation|Model operation / Technological / Map inconsistency|Model training / Human / Domain shift underestimation|Model training / Human / Overestimation due to data leakage / wrong splits|Model operation / Technological / Sensor artifacts|Model operation / Technological / Concept drift|Model operation / Technological / Security robustness / spoofing|Model operation / Human / Loss of situational awareness|Model training / Technological / Domain shift as technological robustness failure|Model training / Technological / Overfitting
P3,82,18200124,True,0.041611145989533305,,,Model operation / Technological / Cascading error propagation|Model operation / Technological / Concept drift|Model operation / Technological / Map inconsistency,Model operation / Technological / Cascading error propagation|Model operation / Technological / Concept drift|Model operation / Technological / Map inconsistency|Model operation / Technological / Security robustness / spoofing|Model operation / Technological / Sensor artifacts,Model operation / Technological / Cascading error propagation|Model operation / Technological / Concept drift|Model operation / Technological / Map inconsistency|Model operation / Technological / Security robustness / spoofing|Model operation / Technological / Sensor artifacts|Knowledge analysis / Technological / Incorrect spatial-geometric interpretation|Model operation / Human / Loss of situational awareness|Model training / Human / Domain shift underestimation|Model training / Human / Overestimation due to data leakage / wrong splits|Knowledge analysis / Human / Task formulation mismatch
P3,83,18200125,True,0.027658123914656347,,,Model operation / Technological / Cascading error propagation|Model operation / Technological / Security robustness / spoofing|Model operation / Technological / Sensor artifacts,Model operation / Technological / Cascading error propagation|Model operation / Technological / Security robustness / spoofing|Model operation / Technological / Sensor artifacts|Knowledge analysis / Technological / Incorrect spatial-geometric interpretation|Model operation / Technological / Concept drift,Model operation / Technological / Cascading error propagation|Model operation / Technological / Security robustness / spoofing|Model operation / Technological / Sensor artifacts|Knowledge analysis / Technological / Incorrect spatial-geometric interpretation|Model operation / Technological / Concept drift|Model operation / Technological / Map inconsistency|Model training / Human / Domain shift underestimation|Model training / Human / Overestimation due to data leakage / wrong splits|Model operation / Human / Loss of situational awareness|Knowledge analysis / Human / Task formulation mismatch
P3,84,18200126,True,0.04032460644157002,,,Model operation / Technological / Cascading error propagation|Model operation / Technological / Map inconsistency|Model operation / Technological / Sensor artifacts,Model operation / Technological / Cascading error propagation|Model operation / Technological / Map inconsistency|Model operation / Technological / Sensor artifacts|Model operation / Technological / Security robustness / spoofing|Model operation / Technological / Concept drift,Model operation / Technological / Cascading error propagation|Model operation / Technological / Map inconsistency|Model operation / Technological / Sensor artifacts|Model operation / Technological / Security robustness / spoofing|Model operation / Technological / Concept drift|Knowledge analysis / Technological / Incorrect spatial-geometric interpretation|Model operation / Human / Loss of situational awareness|Model training / Human / Domain shift underestimation|Model training / Human / Overestimation due to data leakage / wrong splits|Knowledge analysis / Human / Annotation errors
P3,85,18200127,True,0.03777915023965689,,,Model operation / Technological / Cascading error propagation|Model operation / Technological / Concept drift|Model operation / Technological / Security robustness / spoofing,Model operation / Technological / Cascading error propagation|Model operation / Technological / Concept drift|Model operation / Technological / Security robustness / spoofing|Knowledge analysis / Technological / Incorrect spatial-geometric interpretation|Model operation / Technological / Map inconsistency,Model operation / Technological / Cascading error propagation|Model operation / Technological / Concept drift|Model operation / Technological / Security robustness / spoofing|Knowledge analysis / Technological / Incorrect spatial-geometric interpretation|Model operation / Technological / Map inconsistency|Model operation / Technological / Sensor artifacts|Model operation / Human / Loss of situational awareness|Model training / Human / Overestimation due to data leakage / wrong splits|Model training / Human / Domain shift underestimation|Knowledge analysis / Human / Task formulation mismatch
P3,86,18200128,True,0.05186108125226866,,,Model operation / Technological / Cascading error propagation|Model operation / Technological / Map inconsistency|Model operation / Technological / Security robustness / spoofing,Model operation / Technological / Cascading error propagation|Model operation / Technological / Map inconsistency|Model operation / Technological / Security robustness / spoofing|Model operation / Technological / Sensor artifacts|Model operation / Technological / Concept drift,Model operation / Technological / Cascading error propagation|Model operation / Technological / Map inconsistency|Model operation / Technological / Security robustness / spoofing|Model operation / Technological / Sensor artifacts|Model operation / Technological / Concept drift|Knowledge analysis / Technological / Incorrect spatial-geometric interpretation|Model operation / Human / Loss of situational awareness|Model training / Human / Overestimation due to data leakage / wrong splits|Model training / Human / Domain shift underestimation|Knowledge analysis / Human / Annotation errors
P3,87,18200129,True,0.07064748837013961,,,Model operation / Technological / Cascading error propagation|Model operation / Technological / Sensor artifacts|Model operation / Technological / Security robustness / spoofing,Model operation / Technological / Cascading error propagation|Model operation / Technological / Sensor artifacts|Model operation / Technological / Security robustness / spoofing|Model operation / Technological / Map inconsistency|Model operation / Technological / Concept drift,Model operation / Technological / Cascading error propagation|Model operation / Technological / Sensor artifacts|Model operation / Technological / Security robustness / spoofing|Model operation / Technological / Map inconsistency|Model operation / Technological / Concept drift|Model training / Human / Overestimation due to data leakage / wrong splits|Model training / Human / Domain shift underestimation|Model operation / Human / Loss of situational awareness|Knowledge analysis / Technological / Incorrect spatial-geometric interpretation|Model operation / Technological / Model version skew
P3,88,18200130,True,0.04161114598953264,,,Model operation / Technological / Cascading error propagation|Model operation / Technological / Sensor artifacts|Model operation / Technological / Map inconsistency,Model operation / Technological / Cascading error propagation|Model operation / Technological / Sensor artifacts|Model operation / Technological / Map inconsistency|Model operation / Technological / Security robustness / spoofing|Model operation / Technological / Concept drift,Model operation / Technological / Cascading error propagation|Model operation / Technological / Sensor artifacts|Model operation / Technological / Map inconsistency|Model operation / Technological / Security robustness / spoofing|Model operation / Technological / Concept drift|Knowledge analysis / Technological / Incorrect spatial-geometric interpretation|Model operation / Human / Loss of situational awareness|Model training / Human / Domain shift underestimation|Model training / Human / Overestimation due to data leakage / wrong splits|Knowledge analysis / Technological / Reliance on spurious features
P3,89,18200131,True,0.033686148766429294,,,Model operation / Technological / Cascading error propagation|Model operation / Technological / Concept drift|Knowledge analysis / Technological / Incorrect spatial-geometric interpretation,Model operation / Technological / Cascading error propagation|Model operation / Technological / Concept drift|Knowledge analysis / Technological / Incorrect spatial-geometric interpretation|Model operation / Technological / Map inconsistency|Model operation / Technological / Security robustness / spoofing,Model operation / Technological / Cascading error propagation|Model operation / Technological / Concept drift|Knowledge analysis / Technological / Incorrect spatial-geometric interpretation|Model operation / Technological / Map inconsistency|Model operation / Technological / Security robustness / spoofing|Model operation / Human / Loss of situational awareness|Model operation / Technological / Sensor artifacts|Model training / Human / Domain shift underestimation|Knowledge analysis / Human / Inappropriate model architecture|Knowledge analysis / Human / Annotation errors
P3,90,18200132,True,0.035935764609945665,,,Model operation / Technological / Cascading error propagation|Model operation / Technological / Sensor artifacts|Model operation / Technological / Security robustness / spoofing,Model operation / Technological / Cascading error propagation|Model operation / Technological / Sensor artifacts|Model operation / Technological / Security robustness / spoofing|Model operation / Technological / Concept drift|Knowledge analysis / Technological / Incorrect spatial-geometric interpretation,Model operation / Technological / Cascading error propagation|Model operation / Technological / Sensor artifacts|Model operation / Technological / Security robustness / spoofing|Model operation / Technological / Concept drift|Knowledge analysis / Technological / Incorrect spatial-geometric interpretation|Model operation / Technological / Map inconsistency|Model operation / Human / Loss of situational awareness|Model training / Human / Overestimation due to data leakage / wrong splits|Model training / Human / Domain shift underestimation|Knowledge analysis / Technological / Reliance on spurious features
P3,91,18200133,True,0.05008540077456171,,,Model operation / Technological / Cascading error propagation|Model operation / Technological / Sensor artifacts|Model operation / Technological / Security robustness / spoofing,Model operation / Technological / Cascading error propagation|Model operation / Technological / Sensor artifacts|Model operation / Technological / Security robustness / spoofing|Model operation / Technological / Concept drift|Model operation / Technological / Map inconsistency,Model operation / Technological / Cascading error propagation|Model operation / Technological / Sensor artifacts|Model operation / Technological / Security robustness / spoofing|Model operation / Technological / Concept drift|Model operation / Technological / Map inconsistency|Knowledge analysis / Technological / Incorrect spatial-geometric interpretation|Model training / Human / Overestimation due to data leakage / wrong splits|Model operation / Human / Loss of situational awareness|Model training / Human / Domain shift underestimation|Knowledge analysis / Human / Task formulation mismatch
P3,92,18200134,True,0.028253486823128452,,,Model operation / Technological / Cascading error propagation|Model operation / Technological / Security robustness / spoofing|Model operation / Technological / Map inconsistency,Model operation / Technological / Cascading error propagation|Model operation / Technological / Security robustness / spoofing|Model operation / Technological / Map inconsistency|Model operation / Technological / Concept drift|Model operation / Technological / Sensor artifacts,Model operation / Technological / Cascading error propagation|Model operation / Technological / Security robustness / spoofing|Model operation / Technological / Map inconsistency|Model operation / Technological / Concept drift|Model operation / Technological / Sensor artifacts|Model operation / Human / Loss of situational awareness|Knowledge analysis / Technological / Incorrect spatial-geometric interpretation|Model training / Human / Domain shift underestimation|Model training / Human / Overestimation due to data leakage / wrong splits|Knowledge analysis / Human / Inappropriate model architecture
P3,93,18200135,True,0.03305384796641418,,,Model operation / Technological / Cascading error propagation|Model operation / Technological / Security robustness / spoofing|Knowledge analysis / Technological / Incorrect spatial-geometric interpretation,Model operation / Technological / Cascading error propagation|Model operation / Technological / Security robustness / spoofing|Knowledge analysis / Technological / Incorrect spatial-geometric interpretation|Model operation / Technological / Concept drift|Model operation / Technological / Map inconsistency,Model operation / Technological / Cascading error propagation|Model operation / Technological / Security robustness / spoofing|Knowledge analysis / Technological / Incorrect spatial-geometric interpretation|Model operation / Technological / Concept drift|Model operation / Technological / Map inconsistency|Model operation / Technological / Sensor artifacts|Model operation / Human / Loss of situational awareness|Knowledge analysis / Human / Task formulation mismatch|Model training / Technological / Overfitting|Model training / Human / Domain shift underestimation
P3,94,18200136,True,0.03740270441307754,,,Model operation / Technological / Cascading error propagation|Model operation / Technological / Sensor artifacts|Model operation / Technological / Map inconsistency,Model operation / Technological / Cascading error propagation|Model operation / Technological / Sensor artifacts|Model operation / Technological / Map inconsistency|Model operation / Technological / Concept drift|Model operation / Technological / Security robustness / spoofing,Model operation / Technological / Cascading error propagation|Model operation / Technological / Sensor artifacts|Model operation / Technological / Map inconsistency|Model operation / Technological / Concept drift|Model operation / Technological / Security robustness / spoofing|Knowledge analysis / Technological / Incorrect spatial-geometric interpretation|Model operation / Human / Loss of situational awareness|Model training / Human / Overestimation due to data leakage / wrong splits|Model training / Human / Domain shift underestimation|Knowledge analysis / Human / Inappropriate model architecture
P3,95,18200137,True,0.06599765503038127,,,Model operation / Technological / Cascading error propagation|Model operation / Technological / Sensor artifacts|Model operation / Technological / Map inconsistency,Model operation / Technological / Cascading error propagation|Model operation / Technological / Sensor artifacts|Model operation / Technological / Map inconsistency|Model operation / Technological / Concept drift|Model operation / Technological / Security robustness / spoofing,Model operation / Technological / Cascading error propagation|Model operation / Technological / Sensor artifacts|Model operation / Technological / Map inconsistency|Model operation / Technological / Concept drift|Model operation / Technological / Security robustness / spoofing|Model operation / Human / Loss of situational awareness|Model training / Human / Domain shift underestimation|Model training / Human / Overestimation due to data leakage / wrong splits|Knowledge analysis / Human / Annotation errors|Knowledge analysis / Human / Inappropriate model architecture
P3,96,18200138,True,0.0498743473256879,,,Model operation / Technological / Cascading error propagation|Model operation / Technological / Map inconsistency|Model operation / Technological / Concept drift,Model operation / Technological / Cascading error propagation|Model operation / Technological / Map inconsistency|Model operation / Technological / Concept drift|Model operation / Technological / Sensor artifacts|Model operation / Technological / Security robustness / spoofing,Model operation / Technological / Cascading error propagation|Model operation / Technological / Map inconsistency|Model operation / Technological / Concept drift|Model operation / Technological / Sensor artifacts|Model operation / Technological / Security robustness / spoofing|Model operation / Human / Loss of situational awareness|Model training / Human / Domain shift underestimation|Model training / Human / Overestimation due to data leakage / wrong splits|Knowledge analysis / Human / Inappropriate model architecture|Knowledge analysis / Technological / Incorrect spatial-geometric interpretation
P3,97,18200139,True,0.04097612216346911,,,Model operation / Technological / Cascading error propagation|Knowledge analysis / Technological / Incorrect spatial-geometric interpretation|Model operation / Technological / Sensor artifacts,Model operation / Technological / Cascading error propagation|Knowledge analysis / Technological / Incorrect spatial-geometric interpretation|Model operation / Technological / Sensor artifacts|Model operation / Technological / Concept drift|Model operation / Technological / Map inconsistency,Model operation / Technological / Cascading error propagation|Knowledge analysis / Technological / Incorrect spatial-geometric interpretation|Model operation / Technological / Sensor artifacts|Model operation / Technological / Concept drift|Model operation / Technological / Map inconsistency|Model operation / Technological / Security robustness / spoofing|Model operation / Human / Loss of situational awareness|Knowledge analysis / Human / Annotation errors|Model training / Human / Overestimation due to data leakage / wrong splits|Knowledge analysis / Human / Inappropriate model architecture
P3,98,18200140,True,0.04615357396518136,,,Model operation / Technological / Cascading error propagation|Model operation / Technological / Sensor artifacts|Model operation / Technological / Concept drift,Model operation / Technological / Cascading error propagation|Model operation / Technological / Sensor artifacts|Model operation / Technological / Concept drift|Model operation / Technological / Map inconsistency|Model operation / Technological / Security robustness / spoofing,Model operation / Technological / Cascading error propagation|Model operation / Technological / Sensor artifacts|Model operation / Technological / Concept drift|Model operation / Technological / Map inconsistency|Model operation / Technological / Security robustness / spoofing|Knowledge analysis / Technological / Incorrect spatial-geometric interpretation|Model operation / Human / Loss of situational awareness|Model training / Human / Domain shift underestimation|Model training / Human / Overestimation due to data leakage / wrong splits|Knowledge analysis / Human / Annotation errors
P3,99,18200141,True,0.03587105383674754,,,Model operation / Technological / Cascading error propagation|Model operation / Technological / Sensor artifacts|Model operation / Technological / Security robustness / spoofing,Model operation / Technological / Cascading error propagation|Model operation / Technological / Sensor artifacts|Model operation / Technological / Security robustness / spoofing|Model operation / Technological / Concept drift|Model operation / Technological / Map inconsistency,Model operation / Technological / Cascading error propagation|Model operation / Technological / Sensor artifacts|Model operation / Technological / Security robustness / spoofing|Model operation / Technological / Concept drift|Model operation / Technological / Map inconsistency|Model operation / Human / Loss of situational awareness|Knowledge analysis / Technological / Incorrect spatial-geometric interpretation|Model training / Human / Domain shift underestimation|Model training / Human / Overestimation due to data leakage / wrong splits|Knowledge analysis / Human / Annotation errors
P3,100,18200142,True,0.033497733931187504,,,Model operation / Technological / Cascading error propagation|Model operation / Technological / Security robustness / spoofing|Model operation / Technological / Map inconsistency,Model operation / Technological / Cascading error propagation|Model operation / Technological / Security robustness / spoofing|Model operation / Technological / Map inconsistency|Model operation / Technological / Concept drift|Model operation / Technological / Sensor artifacts,Model operation / Technological / Cascading error propagation|Model operation / Technological / Security robustness / spoofing|Model operation / Technological / Map inconsistency|Model operation / Technological / Concept drift|Model operation / Technological / Sensor artifacts|Knowledge analysis / Technological / Incorrect spatial-geometric interpretation|Model operation / Human / Loss of situational awareness|Model training / Human / Domain shift underestimation|Model training / Human / Overestimation due to data leakage / wrong splits|Knowledge analysis / Human / Task formulation mismatch
P3,101,18200143,True,0.03215393630797028,,,Model operation / Technological / Cascading error propagation|Model operation / Technological / Security robustness / spoofing|Model operation / Technological / Sensor artifacts,Model operation / Technological / Cascading error propagation|Model operation / Technological / Security robustness / spoofing|Model operation / Technological / Sensor artifacts|Model operation / Technological / Map inconsistency|Model operation / Technological / Concept drift,Model operation / Technological / Cascading error propagation|Model operation / Technological / Security robustness / spoofing|Model operation / Technological / Sensor artifacts|Model operation / Technological / Map inconsistency|Model operation / Technological / Concept drift|Model operation / Human / Loss of situational awareness|Knowledge analysis / Technological / Incorrect spatial-geometric interpretation|Model training / Human / Domain shift underestimation|Model training / Human / Overestimation due to data leakage / wrong splits|Knowledge analysis / Human / Annotation errors
P3,102,18200144,True,0.04968481517311942,,,Model operation / Technological / Cascading error propagation|Model operation / Technological / Concept drift|Model operation / Technological / Sensor artifacts,Model operation / Technological / Cascading error propagation|Model operation / Technological / Concept drift|Model operation / Technological / Sensor artifacts|Model operation / Technological / Security robustness / spoofing|Model operation / Technological / Map inconsistency,Model operation / Technological / Cascading error propagation|Model operation / Technological / Concept drift|Model operation / Technological / Sensor artifacts|Model operation / Technological / Security robustness / spoofing|Model operation / Technological / Map inconsistency|Knowledge analysis / Technological / Incorrect spatial-geometric interpretation|Model operation / Human / Loss of situational awareness|Model training / Human / Overestimation due to data leakage / wrong splits|Model training / Human / Domain shift underestimation|Knowledge analysis / Human / Task formulation mismatch
P3,103,18200145,True,0.08728101938792873,,,Model operation / Technological / Cascading error propagation|Model operation / Technological / Security robustness / spoofing|Model operation / Technological / Sensor artifacts,Model operation / Technological / Cascading error propagation|Model operation / Technological / Security robustness / spoofing|Model operation / Technological / Sensor artifacts|Model operation / Technological / Concept drift|Model operation / Technological / Map inconsistency,Model operation / Technological / Cascading error propagation|Model operation / Technological / Security robustness / spoofing|Model operation / Technological / Sensor artifacts|Model operation / Technological / Concept drift|Model operation / Technological / Map inconsistency|Model operation / Human / Loss of situational awareness|Knowledge analysis / Technological / Incorrect spatial-geometric interpretation|Model training / Human / Domain shift underestimation|Model training / Human / Overestimation due to data leakage / wrong splits|Knowledge analysis / Human / Task formulation mismatch
P3,104,18200146,True,0.03236272644576231,,,Model operation / Technological / Cascading error propagation|Knowledge analysis / Technological / Incorrect spatial-geometric interpretation|Model operation / Technological / Concept drift,Model operation / Technological / Cascading error propagation|Knowledge analysis / Technological / Incorrect spatial-geometric interpretation|Model operation / Technological / Concept drift|Model operation / Technological / Sensor artifacts|Model operation / Technological / Security robustness / spoofing,Model operation / Technological / Cascading error propagation|Knowledge analysis / Technological / Incorrect spatial-geometric interpretation|Model operation / Technological / Concept drift|Model operation / Technological / Sensor artifacts|Model operation / Technological / Security robustness / spoofing|Model operation / Technological / Map inconsistency|Model operation / Human / Loss of situational awareness|Model training / Human / Overestimation due to data leakage / wrong splits|Model training / Human / Domain shift underestimation|Knowledge analysis / Technological / Reliance on spurious features
P3,105,18200147,True,0.09753719563698632,,,Model operation / Technological / Cascading error propagation|Model operation / Technological / Map inconsistency|Model operation / Technological / Concept drift,Model operation / Technological / Cascading error propagation|Model operation / Technological / Map inconsistency|Model operation / Technological / Concept drift|Model operation / Technological / Sensor artifacts|Model operation / Technological / Security robustness / spoofing,Model operation / Technological / Cascading error propagation|Model operation / Technological / Map inconsistency|Model operation / Technological / Concept drift|Model operation / Technological / Sensor artifacts|Model operation / Technological / Security robustness / spoofing|Knowledge analysis / Technological / Incorrect spatial-geometric interpretation|Model operation / Human / Loss of situational awareness|Model training / Human / Domain shift underestimation|Model training / Human / Overestimation due to data leakage / wrong splits|Knowledge analysis / Human / Annotation errors
P3,106,18200148,True,0.040779635803020936,,,Model operation / Technological / Cascading error propagation|Model operation / Technological / Sensor artifacts|Model operation / Technological / Security robustness / spoofing,Model operation / Technological / Cascading error propagation|Model operation / Technological / Sensor artifacts|Model operation / Technological / Security robustness / spoofing|Model operation / Technological / Concept drift|Model operation / Technological / Map inconsistency,Model operation / Technological / Cascading error propagation|Model operation / Technological / Sensor artifacts|Model operation / Technological / Security robustness / spoofing|Model operation / Technological / Concept drift|Model operation / Technological / Map inconsistency|Knowledge analysis / Technological / Incorrect spatial-geometric interpretation|Model operation / Human / Loss of situational awareness|Model training / Human / Overestimation due to data leakage / wrong splits|Model training / Human / Domain shift underestimation|Knowledge analysis / Technological / Reliance on spurious features
P3,107,18200149,True,0.026970985585030145,,,Model operation / Technological / Cascading error propagation|Model operation / Technological / Security robustness / spoofing|Model operation / Technological / Map inconsistency,Model operation / Technological / Cascading error propagation|Model operation / Technological / Security robustness / spoofing|Model operation / Technological / Map inconsistency|Model operation / Technological / Sensor artifacts|Model operation / Technological / Concept drift,Model operation / Technological / Cascading error propagation|Model operation / Technological / Security robustness / spoofing|Model operation / Technological / Map inconsistency|Model operation / Technological / Sensor artifacts|Model operation / Technological / Concept drift|Model operation / Human / Loss of situational awareness|Knowledge analysis / Technological / Incorrect spatial-geometric interpretation|Model training / Human / Domain shift underestimation|Model training / Human / Overestimation due to data leakage / wrong splits|Knowledge analysis / Human / Annotation errors
P3,108,18200150,True,0.03271837316856343,,,Model operation / Technological / Cascading error propagation|Model operation / Technological / Sensor artifacts|Model operation / Technological / Map inconsistency,Model operation / Technological / Cascading error propagation|Model operation / Technological / Sensor artifacts|Model operation / Technological / Map inconsistency|Model operation / Technological / Concept drift|Model operation / Technological / Security robustness / spoofing,Model operation / Technological / Cascading error propagation|Model operation / Technological / Sensor artifacts|Model operation / Technological / Map inconsistency|Model operation / Technological / Concept drift|Model operation / Technological / Security robustness / spoofing|Knowledge analysis / Technological / Incorrect spatial-geometric interpretation|Model operation / Human / Loss of situational awareness|Model training / Human / Overestimation due to data leakage / wrong splits|Model training / Human / Domain shift underestimation|Knowledge analysis / Human / Annotation errors
P3,109,18200151,True,0.040408327883785525,,,Model operation / Technological / Cascading error propagation|Model operation / Technological / Map inconsistency|Model operation / Technological / Concept drift,Model operation / Technological / Cascading error propagation|Model operation / Technological / Map inconsistency|Model operation / Technological / Concept drift|Knowledge analysis / Technological / Incorrect spatial-geometric interpretation|Model operation / Technological / Security robustness / spoofing,Model operation / Technological / Cascading error propagation|Model operation / Technological / Map inconsistency|Model operation / Technological / Concept drift|Knowledge analysis / Technological / Incorrect spatial-geometric interpretation|Model operation / Technological / Security robustness / spoofing|Model operation / Human / Loss of situational awareness|Model operation / Technological / Sensor artifacts|Model training / Human / Domain shift underestimation|Model training / Human / Overestimation due to data leakage / wrong splits|Knowledge analysis / Human / Task formulation mismatch
P3,110,18200152,True,0.035664099008120786,,,Model operation / Technological / Cascading error propagation|Model operation / Technological / Concept drift|Model operation / Technological / Security robustness / spoofing,Model operation / Technological / Cascading error propagation|Model operation / Technological / Concept drift|Model operation / Technological / Security robustness / spoofing|Model operation / Technological / Map inconsistency|Model operation / Technological / Sensor artifacts,Model operation / Technological / Cascading error propagation|Model operation / Technological / Concept drift|Model operation / Technological / Security robustness / spoofing|Model operation / Technological / Map inconsistency|Model operation / Technological / Sensor artifacts|Knowledge analysis / Technological / Incorrect spatial-geometric interpretation|Model training / Human / Domain shift underestimation|Model operation / Human / Loss of situational awareness|Model training / Human / Overestimation due to data leakage / wrong splits|Knowledge analysis / Human / Inappropriate model architecture
P3,111,18200153,True,0.03215393630796962,,,Model operation / Technological / Cascading error propagation|Model operation / Technological / Map inconsistency|Model operation / Technological / Concept drift,Model operation / Technological / Cascading error propagation|Model operation / Technological / Map inconsistency|Model operation / Technological / Concept drift|Model operation / Technological / Security robustness / spoofing|Model operation / Technological / Sensor artifacts,Model operation / Technological / Cascading error propagation|Model operation / Technological / Map inconsistency|Model operation / Technological / Concept drift|Model operation / Technological / Security robustness / spoofing|Model operation / Technological / Sensor artifacts|Knowledge analysis / Technological / Incorrect spatial-geometric interpretation|Model operation / Human / Loss of situational awareness|Model training / Human / Domain shift underestimation|Model training / Human / Overestimation due to data leakage / wrong splits|Knowledge analysis / Technological / Reliance on spurious features
P3,112,18200154,True,0.04933949941704108,,,Model operation / Technological / Cascading error propagation|Knowledge analysis / Technological / Incorrect spatial-geometric interpretation|Model operation / Technological / Security robustness / spoofing,Model operation / Technological / Cascading error propagation|Knowledge analysis / Technological / Incorrect spatial-geometric interpretation|Model operation / Technological / Security robustness / spoofing|Model operation / Technological / Sensor artifacts|Model operation / Technological / Map inconsistency,Model operation / Technological / Cascading error propagation|Knowledge analysis / Technological / Incorrect spatial-geometric interpretation|Model operation / Technological / Security robustness / spoofing|Model operation / Technological / Sensor artifacts|Model operation / Technological / Map inconsistency|Model operation / Technological / Concept drift|Model operation / Human / Loss of situational awareness|Model training / Human / Overestimation due to data leakage / wrong splits|Model training / Human / Domain shift underestimation|Knowledge analysis / Technological / Reliance on spurious features
P3,113,18200155,True,0.042968222707238955,,,Model operation / Technological / Cascading error propagation|Knowledge analysis / Technological / Incorrect spatial-geometric interpretation|Model operation / Technological / Sensor artifacts,Model operation / Technological / Cascading error propagation|Knowledge analysis / Technological / Incorrect spatial-geometric interpretation|Model operation / Technological / Sensor artifacts|Model operation / Technological / Map inconsistency|Model operation / Technological / Concept drift,Model operation / Technological / Cascading error propagation|Knowledge analysis / Technological / Incorrect spatial-geometric interpretation|Model operation / Technological / Sensor artifacts|Model operation / Technological / Map inconsistency|Model operation / Technological / Concept drift|Model operation / Technological / Security robustness / spoofing|Model operation / Human / Loss of situational awareness|Model training / Human / Overestimation due to data leakage / wrong splits|Model training / Human / Domain shift underestimation|Knowledge analysis / Technological / Reliance on spurious features
P3,114,18200156,True,0.04327633649880322,,,Model operation / Technological / Cascading error propagation|Model operation / Technological / Concept drift|Model operation / Technological / Sensor artifacts,Model operation / Technological / Cascading error propagation|Model operation / Technological / Concept drift|Model operation / Technological / Sensor artifacts|Model operation / Technological / Map inconsistency|Model operation / Technological / Security robustness / spoofing,Model operation / Technological / Cascading error propagation|Model operation / Technological / Concept drift|Model operation / Technological / Sensor artifacts|Model operation / Technological / Map inconsistency|Model operation / Technological / Security robustness / spoofing|Knowledge analysis / Technological / Incorrect spatial-geometric interpretation|Model training / Human / Domain shift underestimation|Model operation / Human / Loss of situational awareness|Model training / Human / Overestimation due to data leakage / wrong splits|Knowledge analysis / Human / Annotation errors
P3,115,18200157,True,0.037503891615238504,,,Model operation / Technological / Cascading error propagation|Model operation / Technological / Sensor artifacts|Model operation / Technological / Security robustness / spoofing,Model operation / Technological / Cascading error propagation|Model operation / Technological / Sensor artifacts|Model operation / Technological / Security robustness / spoofing|Model operation / Technological / Concept drift|Model operation / Technological / Map inconsistency,Model operation / Technological / Cascading error propagation|Model operation / Technological / Sensor artifacts|Model operation / Technological / Security robustness / spoofing|Model operation / Technological / Concept drift|Model operation / Technological / Map inconsistency|Knowledge analysis / Technological / Incorrect spatial-geometric interpretation|Model operation / Human / Loss of situational awareness|Model training / Human / Domain shift underestimation|Model training / Human / Overestimation due to data leakage / wrong splits|Knowledge analysis / Technological / Reliance on spurious features
P3,116,18200158,True,0.022627233387309632,,,Model operation / Technological / Cascading error propagation|Model operation / Technological / Map inconsistency|Model operation / Technological / Sensor artifacts,Model operation / Technological / Cascading error propagation|Model operation / Technological / Map inconsistency|Model operation / Technological / Sensor artifacts|Model operation / Technological / Security robustness / spoofing|Model operation / Technological / Concept drift,Model operation / Technological / Cascading error propagation|Model operation / Technological / Map inconsistency|Model operation / Technological / Sensor artifacts|Model operation / Technological / Security robustness / spoofing|Model operation / Technological / Concept drift|Knowledge analysis / Technological / Incorrect spatial-geometric interpretation|Model operation / Human / Loss of situational awareness|Model training / Human / Domain shift underestimation|Model training / Human / Overestimation due to data leakage / wrong splits|Knowledge analysis / Human / Annotation errors
P3,117,18200159,True,0.04978830878039926,,,Model operation / Technological / Cascading error propagation|Model operation / Technological / Concept drift|Model operation / Technological / Map inconsistency,Model operation / Technological / Cascading error propagation|Model operation / Technological / Concept drift|Model operation / Technological / Map inconsistency|Model operation / Technological / Security robustness / spoofing|Model operation / Technological / Sensor artifacts,Model operation / Technological / Cascading error propagation|Model operation / Technological / Concept drift|Model operation / Technological / Map inconsistency|Model operation / Technological / Security robustness / spoofing|Model operation / Technological / Sensor artifacts|Model operation / Human / Loss of situational awareness|Knowledge analysis / Technological / Incorrect spatial-geometric interpretation|Model training / Human / Overestimation due to data leakage / wrong splits|Model training / Human / Domain shift underestimation|Model operation / Technological / Dynamic topology
P3,118,18200160,True,0.05699821141922192,,,Model operation / Technological / Cascading error propagation|Model operation / Technological / Security robustness / spoofing|Model operation / Technological / Concept drift,Model operation / Technological / Cascading error propagation|Model operation / Technological / Security robustness / spoofing|Model operation / Technological / Concept drift|Model operation / Technological / Map inconsistency|Model operation / Technological / Sensor artifacts,Model operation / Technological / Cascading error propagation|Model operation / Technological / Security robustness / spoofing|Model operation / Technological / Concept drift|Model operation / Technological / Map inconsistency|Model operation / Technological / Sensor artifacts|Model operation / Human / Loss of situational awareness|Knowledge analysis / Technological / Incorrect spatial-geometric interpretation|Knowledge analysis / Human / Annotation errors|Knowledge analysis / Human / Task formulation mismatch|Knowledge analysis / Human / Inappropriate model architecture
P3,119,18200161,True,0.04116657623580168,,,Model operation / Technological / Cascading error propagation|Model operation / Technological / Map inconsistency|Model operation / Technological / Concept drift,Model operation / Technological / Cascading error propagation|Model operation / Technological / Map inconsistency|Model operation / Technological / Concept drift|Model operation / Technological / Sensor artifacts|Model operation / Technological / Security robustness / spoofing,Model operation / Technological / Cascading error propagation|Model operation / Technological / Map inconsistency|Model operation / Technological / Concept drift|Model operation / Technological / Sensor artifacts|Model operation / Technological / Security robustness / spoofing|Model operation / Human / Loss of situational awareness|Knowledge analysis / Technological / Incorrect spatial-geometric interpretation|Model training / Human / Overestimation due to data leakage / wrong splits|Model training / Human / Domain shift underestimation|Knowledge analysis / Human / Inappropriate model architecture
P3,120,18200162,True,0.060075673290712825,,,Model operation / Technological / Cascading error propagation|Model operation / Technological / Security robustness / spoofing|Model operation / Technological / Sensor artifacts,Model operation / Technological / Cascading error propagation|Model operation / Technological / Security robustness / spoofing|Model operation / Technological / Sensor artifacts|Model operation / Technological / Concept drift|Model operation / Technological / Map inconsistency,Model operation / Technological / Cascading error propagation|Model operation / Technological / Security robustness / spoofing|Model operation / Technological / Sensor artifacts|Model operation / Technological / Concept drift|Model operation / Technological / Map inconsistency|Knowledge analysis / Technological / Incorrect spatial-geometric interpretation|Knowledge analysis / Human / Inappropriate model architecture|Model training / Human / Overestimation due to data leakage / wrong splits|Model operation / Human / Loss of situational awareness|Model training / Human / Domain shift underestimation
P3,121,18200163,True,0.05186108125226931,,,Model operation / Technological / Cascading error propagation|Model operation / Technological / Concept drift|Model operation / Technological / Security robustness / spoofing,Model operation / Technological / Cascading error propagation|Model operation / Technological / Concept drift|Model operation / Technological / Security robustness / spoofing|Model operation / Technological / Sensor artifacts|Model operation / Technological / Map inconsistency,Model operation / Technological / Cascading error propagation|Model operation / Technological / Concept drift|Model operation / Technological / Security robustness / spoofing|Model operation / Technological / Sensor artifacts|Model operation / Technological / Map inconsistency|Model operation / Human / Loss of situational awareness|Knowledge analysis / Technological / Incorrect spatial-geometric interpretation|Model training / Human / Domain shift underestimation|Model training / Human / Overestimation due to data leakage / wrong splits|Knowledge analysis / Human / Inappropriate model architecture
P3,122,18200164,True,0.030911127057136056,,,Model operation / Technological / Cascading error propagation|Model operation / Technological / Map inconsistency|Model operation / Technological / Security robustness / spoofing,Model operation / Technological / Cascading error propagation|Model operation / Technological / Map inconsistency|Model operation / Technological / Security robustness / spoofing|Model operation / Technological / Concept drift|Model operation / Technological / Sensor artifacts,Model operation / Technological / Cascading error propagation|Model operation / Technological / Map inconsistency|Model operation / Technological / Security robustness / spoofing|Model operation / Technological / Concept drift|Model operation / Technological / Sensor artifacts|Model operation / Human / Loss of situational awareness|Knowledge analysis / Technological / Incorrect spatial-geometric interpretation|Model training / Human / Overestimation due to data leakage / wrong splits|Model training / Human / Domain shift underestimation|Knowledge analysis / Human / Inappropriate model architecture
P3,123,18200165,True,0.053282488848289886,,,Model operation / Technological / Cascading error propagation|Knowledge analysis / Technological / Incorrect spatial-geometric interpretation|Model operation / Technological / Map inconsistency,Model operation / Technological / Cascading error propagation|Knowledge analysis / Technological / Incorrect spatial-geometric interpretation|Model operation / Technological / Map inconsistency|Model operation / Technological / Security robustness / spoofing|Model training / Human / Domain shift underestimation,Model operation / Technological / Cascading error propagation|Knowledge analysis / Technological / Incorrect spatial-geometric interpretation|Model operation / Technological / Map inconsistency|Model operation / Technological / Security robustness / spoofing|Model training / Human / Domain shift underestimation|Model operation / Technological / Concept drift|Model training / Human / Overestimation due to data leakage / wrong splits|Model operation / Technological / Sensor artifacts|Model operation / Human / Loss of situational awareness|Knowledge analysis / Human / Inappropriate model architecture
P3,124,18200166,True,0.029936038687523245,,,Model operation / Technological / Cascading error propagation|Model operation / Technological / Map inconsistency|Model operation / Technological / Sensor artifacts,Model operation / Technological / Cascading error propagation|Model operation / Technological / Map inconsistency|Model operation / Technological / Sensor artifacts|Knowledge analysis / Technological / Incorrect spatial-geometric interpretation|Model operation / Technological / Concept drift,Model operation / Technological / Cascading error propagation|Model operation / Technological / Map inconsistency|Model operation / Technological / Sensor artifacts|Knowledge analysis / Technological / Incorrect spatial-geometric interpretation|Model operation / Technological / Concept drift|Model operation / Technological / Security robustness / spoofing|Model operation / Human / Loss of situational awareness|Knowledge analysis / Technological / Reliance on spurious features|Model training / Technological / Noise/blur/compression fragility|Model training / Human / Overestimation due to data leakage / wrong splits
P3,125,18200167,True,0.07595196565071029,,,Model operation / Technological / Cascading error propagation|Model operation / Technological / Security robustness / spoofing|Model operation / Technological / Map inconsistency,Model operation / Technological / Cascading error propagation|Model operation / Technological / Security robustness / spoofing|Model operation / Technological / Map inconsistency|Model operation / Technological / Concept drift|Model operation / Human / Loss of situational awareness,Model operation / Technological / Cascading error propagation|Model operation / Technological / Security robustness / spoofing|Model operation / Technological / Map inconsistency|Model operation / Technological / Concept drift|Model operation / Human / Loss of situational awareness|Model operation / Technological / Sensor artifacts|Model training / Human / Domain shift underestimation|Knowledge analysis / Technological / Incorrect spatial-geometric interpretation|Model training / Human / Overestimation due to data leakage / wrong splits|Model operation / Technological / Correlated perception errors
P3,126,18200168,True,0.041958132554265636,,,Model operation / Technological / Cascading error propagation|Model operation / Technological / Security robustness / spoofing|Model operation / Technological / Sensor artifacts,Model operation / Technological / Cascading error propagation|Model operation / Technological / Security robustness / spoofing|Model operation / Technological / Sensor artifacts|Model operation / Technological / Map inconsistency|Model operation / Technological / Concept drift,Model operation / Technological / Cascading error propagation|Model operation / Technological / Security robustness / spoofing|Model operation / Technological / Sensor artifacts|Model operation / Technological / Map inconsistency|Model operation / Technological / Concept drift|Knowledge analysis / Technological / Incorrect spatial-geometric interpretation|Model operation / Human / Loss of situational awareness|Model training / Human / Domain shift underestimation|Model training / Human / Overestimation due to data leakage / wrong splits|Knowledge analysis / Human / Annotation errors
P3,127,18200169,True,0.0659544642093147,,,Model operation / Technological / Cascading error propagation|Model operation / Technological / Concept drift|Model operation / Technological / Map inconsistency,Model operation / Technological / Cascading error propagation|Model operation / Technological / Concept drift|Model operation / Technological / Map inconsistency|Model operation / Technological / Security robustness / spoofing|Model operation / Technological / Sensor artifacts,Model operation / Technological / Cascading error propagation|Model operation / Technological / Concept drift|Model operation / Technological / Map inconsistency|Model operation / Technological / Security robustness / spoofing|Model operation / Technological / Sensor artifacts|Knowledge analysis / Technological / Incorrect spatial-geometric interpretation|Model operation / Human / Loss of situational awareness|Model training / Human / Overestimation due to data leakage / wrong splits|Model training / Human / Domain shift underestimation|Knowledge analysis / Human / Annotation errors
P3,128,18200170,True,0.03287158694293295,,,Model operation / Technological / Cascading error propagation|Model operation / Technological / Map inconsistency|Model operation / Technological / Sensor artifacts,Model operation / Technological / Cascading error propagation|Model operation / Technological / Map inconsistency|Model operation / Technological / Sensor artifacts|Model operation / Technological / Concept drift|Model operation / Technological / Security robustness / spoofing,Model operation / Technological / Cascading error propagation|Model operation / Technological / Map inconsistency|Model operation / Technological / Sensor artifacts|Model operation / Technological / Concept drift|Model operation / Technological / Security robustness / spoofing|Knowledge analysis / Technological / Incorrect spatial-geometric interpretation|Model operation / Human / Loss of situational awareness|Model training / Human / Domain shift underestimation|Model training / Human / Overestimation due to data leakage / wrong splits|Knowledge analysis / Human / Task formulation mismatch
P3,129,18200171,True,0.044252715880745974,,,Model operation / Technological / Cascading error propagation|Model operation / Technological / Security robustness / spoofing|Model operation / Technological / Sensor artifacts,Model operation / Technological / Cascading error propagation|Model operation / Technological / Security robustness / spoofing|Model operation / Technological / Sensor artifacts|Model operation / Technological / Map inconsistency|Knowledge analysis / Technological / Incorrect spatial-geometric interpretation,Model operation / Technological / Cascading error propagation|Model operation / Technological / Security robustness / spoofing|Model operation / Technological / Sensor artifacts|Model operation / Technological / Map inconsistency|Knowledge analysis / Technological / Incorrect spatial-geometric interpretation|Model operation / Technological / Concept drift|Model operation / Human / Loss of situational awareness|Model training / Human / Domain shift underestimation|Model training / Human / Overestimation due to data leakage / wrong splits|Model training / Technological / Noise/blur/compression fragility
P3,130,18200172,True,0.03888862228506229,,,Model operation / Technological / Cascading error propagation|Model operation / Technological / Map inconsistency|Model operation / Technological / Concept drift,Model operation / Technological / Cascading error propagation|Model operation / Technological / Map inconsistency|Model operation / Technological / Concept drift|Model operation / Technological / Sensor artifacts|Model operation / Technological / Security robustness / spoofing,Model operation / Technological / Cascading error propagation|Model operation / Technological / Map inconsistency|Model operation / Technological / Concept drift|Model operation / Technological / Sensor artifacts|Model operation / Technological / Security robustness / spoofing|Model operation / Human / Loss of situational awareness|Knowledge analysis / Technological / Incorrect spatial-geometric interpretation|Model training / Human / Overestimation due to data leakage / wrong splits|Model training / Human / Domain shift underestimation|Knowledge analysis / Human / Inappropriate model architecture
P3,131,18200173,True,0.04574476289321216,,,Model operation / Technological / Cascading error propagation|Model operation / Technological / Map inconsistency|Model operation / Technological / Security robustness / spoofing,Model operation / Technological / Cascading error propagation|Model operation / Technological / Map inconsistency|Model operation / Technological / Security robustness / spoofing|Model operation / Technological / Concept drift|Model operation / Technological / Sensor artifacts,Model operation / Technological / Cascading error propagation|Model operation / Technological / Map inconsistency|Model operation / Technological / Security robustness / spoofing|Model operation / Technological / Concept drift|Model operation / Technological / Sensor artifacts|Knowledge analysis / Technological / Incorrect spatial-geometric interpretation|Model operation / Human / Loss of situational awareness|Model training / Human / Domain shift underestimation|Model training / Human / Overestimation due to data leakage / wrong splits|Knowledge analysis / Human / Inappropriate model architecture
P3,132,18200174,True,0.07370101287413716,,,Model operation / Technological / Cascading error propagation|Model operation / Technological / Sensor artifacts|Model operation / Technological / Map inconsistency,Model operation / Technological / Cascading error propagation|Model operation / Technological / Sensor artifacts|Model operation / Technological / Map inconsistency|Model operation / Technological / Security robustness / spoofing|Model operation / Technological / Concept drift,Model operation / Technological / Cascading error propagation|Model operation / Technological / Sensor artifacts|Model operation / Technological / Map inconsistency|Model operation / Technological / Security robustness / spoofing|Model operation / Technological / Concept drift|Knowledge analysis / Technological / Incorrect spatial-geometric interpretation|Model operation / Human / Loss of situational awareness|Model training / Human / Domain shift underestimation|Model training / Human / Overestimation due to data leakage / wrong splits|Knowledge analysis / Human / Task formulation mismatch
P3,133,18200175,True,0.04183828141916366,,,Model operation / Technological / Cascading error propagation|Model operation / Technological / Security robustness / spoofing|Model operation / Technological / Concept drift,Model operation / Technological / Cascading error propagation|Model operation / Technological / Security robustness / spoofing|Model operation / Technological / Concept drift|Model operation / Technological / Map inconsistency|Model operation / Technological / Sensor artifacts,Model operation / Technological / Cascading error propagation|Model operation / Technological / Security robustness / spoofing|Model operation / Technological / Concept drift|Model operation / Technological / Map inconsistency|Model operation / Technological / Sensor artifacts|Model operation / Human / Loss of situational awareness|Knowledge analysis / Technological / Incorrect spatial-geometric interpretation|Model training / Human / Overestimation due to data leakage / wrong splits|Model training / Human / Domain shift underestimation|Knowledge analysis / Human / Inappropriate model architecture
P3,134,18200176,True,0.02410602661481017,,,Model operation / Technological / Cascading error propagation|Knowledge analysis / Technological / Incorrect spatial-geometric interpretation|Model operation / Technological / Concept drift,Model operation / Technological / Cascading error propagation|Knowledge analysis / Technological / Incorrect spatial-geometric interpretation|Model operation / Technological / Concept drift|Model operation / Technological / Security robustness / spoofing|Model operation / Technological / Sensor artifacts,Model operation / Technological / Cascading error propagation|Knowledge analysis / Technological / Incorrect spatial-geometric interpretation|Model operation / Technological / Concept drift|Model operation / Technological / Security robustness / spoofing|Model operation / Technological / Sensor artifacts|Model operation / Technological / Map inconsistency|Model operation / Human / Loss of situational awareness|Model training / Human / Overestimation due to data leakage / wrong splits|Model training / Human / Domain shift underestimation|Knowledge analysis / Technological / Reliance on spurious features
P3,135,18200177,True,0.02966434031115048,,,Model operation / Technological / Cascading error propagation|Model operation / Technological / Security robustness / spoofing|Model operation / Technological / Sensor artifacts,Model operation / Technological / Cascading error propagation|Model operation / Technological / Security robustness / spoofing|Model operation / Technological / Sensor artifacts|Model operation / Technological / Concept drift|Model operation / Technological / Map inconsistency,Model operation / Technological / Cascading error propagation|Model operation / Technological / Security robustness / spoofing|Model operation / Technological / Sensor artifacts|Model operation / Technological / Concept drift|Model operation / Technological / Map inconsistency|Knowledge analysis / Technological / Incorrect spatial-geometric interpretation|Model operation / Human / Loss of situational awareness|Model training / Human / Domain shift underestimation|Model training / Human / Overestimation due to data leakage / wrong splits|Knowledge analysis / Human / Task formulation mismatch
P3,136,18200178,True,0.031378659655307096,,,Model operation / Technological / Cascading error propagation|Model operation / Technological / Sensor artifacts|Model operation / Technological / Concept drift,Model operation / Technological / Cascading error propagation|Model operation / Technological / Sensor artifacts|Model operation / Technological / Concept drift|Model operation / Technological / Map inconsistency|Model operation / Technological / Security robustness / spoofing,Model operation / Technological / Cascading error propagation|Model operation / Technological / Sensor artifacts|Model operation / Technological / Concept drift|Model operation / Technological / Map inconsistency|Model operation / Technological / Security robustness / spoofing|Model training / Human / Domain shift underestimation|Knowledge analysis / Technological / Incorrect spatial-geometric interpretation|Model operation / Human / Loss of situational awareness|Model training / Human / Overestimation due to data leakage / wrong splits|Model operation / Technological / On-board compute overload
P3,137,18200179,True,0.03893218882992387,,,Model operation / Technological / Cascading error propagation|Model operation / Technological / Concept drift|Model operation / Technological / Sensor artifacts,Model operation / Technological / Cascading error propagation|Model operation / Technological / Concept drift|Model operation / Technological / Sensor artifacts|Model operation / Technological / Map inconsistency|Model operation / Technological / Security robustness / spoofing,Model operation / Technological / Cascading error propagation|Model operation / Technological / Concept drift|Model operation / Technological / Sensor artifacts|Model operation / Technological / Map inconsistency|Model operation / Technological / Security robustness / spoofing|Knowledge analysis / Technological / Incorrect spatial-geometric interpretation|Model operation / Human / Loss of situational awareness|Model training / Human / Domain shift underestimation|Model training / Human / Overestimation due to data leakage / wrong splits|Knowledge analysis / Human / Task formulation mismatch
P3,138,18200180,True,0.053320189782745726,,,Model operation / Technological / Cascading error propagation|Model operation / Technological / Map inconsistency|Model operation / Technological / Security robustness / spoofing,Model operation / Technological / Cascading error propagation|Model operation / Technological / Map inconsistency|Model operation / Technological / Security robustness / spoofing|Model operation / Technological / Concept drift|Model operation / Technological / Sensor artifacts,Model operation / Technological / Cascading error propagation|Model operation / Technological / Map inconsistency|Model operation / Technological / Security robustness / spoofing|Model operation / Technological / Concept drift|Model operation / Technological / Sensor artifacts|Model training / Human / Domain shift underestimation|Model training / Human / Overestimation due to data leakage / wrong splits|Knowledge analysis / Technological / Incorrect spatial-geometric interpretation|Model operation / Human / Loss of situational awareness|Model training / Technological / Domain shift as technological robustness failure
P3,139,18200181,True,0.05722255603061536,,,Model operation / Technological / Cascading error propagation|Model operation / Technological / Security robustness / spoofing|Model operation / Technological / Concept drift,Model operation / Technological / Cascading error propagation|Model operation / Technological / Security robustness / spoofing|Model operation / Technological / Concept drift|Model operation / Human / Loss of situational awareness|Knowledge analysis / Technological / Incorrect spatial-geometric interpretation,Model operation / Technological / Cascading error propagation|Model operation / Technological / Security robustness / spoofing|Model operation / Technological / Concept drift|Model operation / Human / Loss of situational awareness|Knowledge analysis / Technological / Incorrect spatial-geometric interpretation|Model operation / Technological / Map inconsistency|Model operation / Technological / Sensor artifacts|Model training / Human / Domain shift underestimation|Model training / Human / Overestimation due to data leakage / wrong splits|Knowledge analysis / Human / Inappropriate model architecture
P3,140,18200182,True,0.03857180338936219,,,Model operation / Technological / Cascading error propagation|Model operation / Technological / Security robustness / spoofing|Model operation / Technological / Map inconsistency,Model operation / Technological / Cascading error propagation|Model operation / Technological / Security robustness / spoofing|Model operation / Technological / Map inconsistency|Model operation / Technological / Sensor artifacts|Model operation / Technological / Concept drift,Model operation / Technological / Cascading error propagation|Model operation / Technological / Security robustness / spoofing|Model operation / Technological / Map inconsistency|Model operation / Technological / Sensor artifacts|Model operation / Technological / Concept drift|Knowledge analysis / Technological / Incorrect spatial-geometric interpretation|Model operation / Human / Loss of situational awareness|Model training / Human / Domain shift underestimation|Model training / Human / Overestimation due to data leakage / wrong splits|Knowledge analysis / Human / Annotation errors
P3,141,18200183,True,0.04009646850516406,,,Model operation / Technological / Cascading error propagation|Model operation / Technological / Sensor artifacts|Model operation / Technological / Concept drift,Model operation / Technological / Cascading error propagation|Model operation / Technological / Sensor artifacts|Model operation / Technological / Concept drift|Model operation / Technological / Security robustness / spoofing|Model operation / Technological / Map inconsistency,Model operation / Technological / Cascading error propagation|Model operation / Technological / Sensor artifacts|Model operation / Technological / Concept drift|Model operation / Technological / Security robustness / spoofing|Model operation / Technological / Map inconsistency|Model operation / Human / Loss of situational awareness|Knowledge analysis / Technological / Incorrect spatial-geometric interpretation|Model training / Human / Domain shift underestimation|Model training / Human / Overestimation due to data leakage / wrong splits|Knowledge analysis / Human / Inappropriate model architecture
P3,142,18200184,True,0.025884868350243215,,,Model operation / Technological / Cascading error propagation|Model operation / Technological / Map inconsistency|Model operation / Technological / Concept drift,Model operation / Technological / Cascading error propagation|Model operation / Technological / Map inconsistency|Model operation / Technological / Concept drift|Model operation / Technological / Sensor artifacts|Model operation / Technological / Security robustness / spoofing,Model operation / Technological / Cascading error propagation|Model operation / Technological / Map inconsistency|Model operation / Technological / Concept drift|Model operation / Technological / Sensor artifacts|Model operation / Technological / Security robustness / spoofing|Knowledge analysis / Technological / Incorrect spatial-geometric interpretation|Model training / Human / Overestimation due to data leakage / wrong splits|Model operation / Human / Loss of situational awareness|Model training / Human / Domain shift underestimation|Knowledge analysis / Human / Annotation errors
P3,143,18200185,True,0.03207795963516728,,,Model operation / Technological / Cascading error propagation|Model operation / Technological / Map inconsistency|Model operation / Technological / Security robustness / spoofing,Model operation / Technological / Cascading error propagation|Model operation / Technological / Map inconsistency|Model operation / Technological / Security robustness / spoofing|Model operation / Technological / Sensor artifacts|Model operation / Technological / Concept drift,Model operation / Technological / Cascading error propagation|Model operation / Technological / Map inconsistency|Model operation / Technological / Security robustness / spoofing|Model operation / Technological / Sensor artifacts|Model operation / Technological / Concept drift|Knowledge analysis / Technological / Incorrect spatial-geometric interpretation|Model operation / Human / Loss of situational awareness|Model training / Technological / Noise/blur/compression fragility|Model training / Human / Domain shift underestimation|Knowledge analysis / Human / Task formulation mismatch
P3,144,18200186,True,0.039178001656664053,,,Model operation / Technological / Cascading error propagation|Knowledge analysis / Technological / Incorrect spatial-geometric interpretation|Model operation / Technological / Sensor artifacts,Model operation / Technological / Cascading error propagation|Knowledge analysis / Technological / Incorrect spatial-geometric interpretation|Model operation / Technological / Sensor artifacts|Model operation / Technological / Concept drift|Model operation / Technological / Security robustness / spoofing,Model operation / Technological / Cascading error propagation|Knowledge analysis / Technological / Incorrect spatial-geometric interpretation|Model operation / Technological / Sensor artifacts|Model operation / Technological / Concept drift|Model operation / Technological / Security robustness / spoofing|Model operation / Technological / Map inconsistency|Model training / Human / Domain shift underestimation|Model training / Human / Overestimation due to data leakage / wrong splits|Model operation / Human / Loss of situational awareness|Knowledge analysis / Technological / Reliance on spurious features
P3,145,18200187,True,0.03754438032817854,,,Model operation / Technological / Cascading error propagation|Model training / Human / Overestimation due to data leakage / wrong splits|Model operation / Technological / Map inconsistency,Model operation / Technological / Cascading error propagation|Model training / Human / Overestimation due to data leakage / wrong splits|Model operation / Technological / Map inconsistency|Model operation / Technological / Security robustness / spoofing|Model operation / Technological / Sensor artifacts,Model operation / Technological / Cascading error propagation|Model training / Human / Overestimation due to data leakage / wrong splits|Model operation / Technological / Map inconsistency|Model operation / Technological / Security robustness / spoofing|Model operation / Technological / Sensor artifacts|Model operation / Technological / Concept drift|Model training / Human / Domain shift underestimation|Knowledge analysis / Technological / Incorrect spatial-geometric interpretation|Model operation / Human / Loss of situational awareness|Knowledge analysis / Human / Annotation errors
P3,146,18200188,True,0.03946489124044054,,,Model operation / Technological / Cascading error propagation|Model operation / Technological / Sensor artifacts|Model operation / Technological / Concept drift,Model operation / Technological / Cascading error propagation|Model operation / Technological / Sensor artifacts|Model operation / Technological / Concept drift|Model operation / Technological / Security robustness / spoofing|Model operation / Technological / Map inconsistency,Model operation / Technological / Cascading error propagation|Model operation / Technological / Sensor artifacts|Model operation / Technological / Concept drift|Model operation / Technological / Security robustness / spoofing|Model operation / Technological / Map inconsistency|Knowledge analysis / Technological / Incorrect spatial-geometric interpretation|Model training / Human / Domain shift underestimation|Model training / Human / Overestimation due to data leakage / wrong splits|Model operation / Human / Loss of situational awareness|Knowledge analysis / Human / Task formulation mismatch
P3,147,18200189,True,0.08987279865063605,,,Model operation / Technological / Cascading error propagation|Model operation / Technological / Sensor artifacts|Model operation / Technological / Concept drift,Model operation / Technological / Cascading error propagation|Model operation / Technological / Sensor artifacts|Model operation / Technological / Concept drift|Model operation / Technological / Map inconsistency|Model operation / Technological / Security robustness / spoofing,Model operation / Technological / Cascading error propagation|Model operation / Technological / Sensor artifacts|Model operation / Technological / Concept drift|Model operation / Technological / Map inconsistency|Model operation / Technological / Security robustness / spoofing|Model operation / Human / Loss of situational awareness|Knowledge analysis / Technological / Incorrect spatial-geometric interpretation|Model training / Technological / Overfitting|Model training / Human / Domain shift underestimation|Model training / Human / Overestimation due to data leakage / wrong splits
P3,148,18200190,True,0.049018707160579586,,,Model operation / Technological / Cascading error propagation|Model operation / Technological / Security robustness / spoofing|Model operation / Technological / Concept drift,Model operation / Technological / Cascading error propagation|Model operation / Technological / Security robustness / spoofing|Model operation / Technological / Concept drift|Model operation / Technological / Map inconsistency|Knowledge analysis / Technological / Incorrect spatial-geometric interpretation,Model operation / Technological / Cascading error propagation|Model operation / Technological / Security robustness / spoofing|Model operation / Technological / Concept drift|Model operation / Technological / Map inconsistency|Knowledge analysis / Technological / Incorrect spatial-geometric interpretation|Model operation / Technological / Sensor artifacts|Model operation / Human / Loss of situational awareness|Knowledge analysis / Human / Inappropriate model architecture|Knowledge analysis / Human / Task formulation mismatch|Knowledge analysis / Human / Annotation errors
P3,149,18200191,True,0.07066950446371072,,,Model operation / Technological / Cascading error propagation|Model operation / Technological / Security robustness / spoofing|Model operation / Technological / Concept drift,Model operation / Technological / Cascading error propagation|Model operation / Technological / Security robustness / spoofing|Model operation / Technological / Concept drift|Model operation / Technological / Sensor artifacts|Knowledge analysis / Technological / Incorrect spatial-geometric interpretation,Model operation / Technological / Cascading error propagation|Model operation / Technological / Security robustness / spoofing|Model operation / Technological / Concept drift|Model operation / Technological / Sensor artifacts|Knowledge analysis / Technological / Incorrect spatial-geometric interpretation|Model operation / Technological / Map inconsistency|Model operation / Human / Loss of situational awareness|Model training / Human / Domain shift underestimation|Knowledge analysis / Human / Task formulation mismatch|Knowledge analysis / Human / Inappropriate model architecture
P3,150,18200192,True,0.03952908402901597,,,Model operation / Technological / Cascading error propagation|Model operation / Technological / Map inconsistency|Model operation / Technological / Concept drift,Model operation / Technological / Cascading error propagation|Model operation / Technological / Map inconsistency|Model operation / Technological / Concept drift|Model operation / Technological / Security robustness / spoofing|Model operation / Technological / Sensor artifacts,Model operation / Technological / Cascading error propagation|Model operation / Technological / Map inconsistency|Model operation / Technological / Concept drift|Model operation / Technological / Security robustness / spoofing|Model operation / Technological / Sensor artifacts|Knowledge analysis / Technological / Incorrect spatial-geometric interpretation|Model training / Human / Overestimation due to data leakage / wrong splits|Model training / Human / Domain shift underestimation|Model operation / Human / Loss of situational awareness|Knowledge analysis / Human / Task formulation mismatch
P3,151,18200193,True,0.06327151197259537,,,Model operation / Technological / Cascading error propagation|Model operation / Technological / Concept drift|Model operation / Technological / Security robustness / spoofing,Model operation / Technological / Cascading error propagation|Model operation / Technological / Concept drift|Model operation / Technological / Security robustness / spoofing|Model operation / Technological / Sensor artifacts|Model operation / Technological / Map inconsistency,Model operation / Technological / Cascading error propagation|Model operation / Technological / Concept drift|Model operation / Technological / Security robustness / spoofing|Model operation / Technological / Sensor artifacts|Model operation / Technological / Map inconsistency|Knowledge analysis / Technological / Incorrect spatial-geometric interpretation|Model training / Human / Domain shift underestimation|Model training / Human / Overestimation due to data leakage / wrong splits|Model operation / Human / Loss of situational awareness|Model training / Technological / Noise/blur/compression fragility
P3,152,18200194,True,0.04104965685384666,,,Model operation / Technological / Cascading error propagation|Model operation / Technological / Security robustness / spoofing|Model operation / Technological / Map inconsistency,Model operation / Technological / Cascading error propagation|Model operation / Technological / Security robustness / spoofing|Model operation / Technological / Map inconsistency|Knowledge analysis / Technological / Incorrect spatial-geometric interpretation|Model operation / Technological / Sensor artifacts,Model operation / Technological / Cascading error propagation|Model operation / Technological / Security robustness / spoofing|Model operation / Technological / Map inconsistency|Knowledge analysis / Technological / Incorrect spatial-geometric interpretation|Model operation / Technological / Sensor artifacts|Model operation / Technological / Concept drift|Model operation / Human / Loss of situational awareness|Model training / Human / Overestimation due to data leakage / wrong splits|Model training / Human / Domain shift underestimation|Knowledge analysis / Human / Annotation errors
P3,153,18200195,True,0.04020072421804602,,,Model operation / Technological / Cascading error propagation|Model operation / Technological / Sensor artifacts|Model operation / Technological / Map inconsistency,Model operation / Technological / Cascading error propagation|Model operation / Technological / Sensor artifacts|Model operation / Technological / Map inconsistency|Model operation / Technological / Concept drift|Model operation / Technological / Security robustness / spoofing,Model operation / Technological / Cascading error propagation|Model operation / Technological / Sensor artifacts|Model operation / Technological / Map inconsistency|Model operation / Technological / Concept drift|Model operation / Technological / Security robustness / spoofing|Model operation / Human / Loss of situational awareness|Model training / Human / Domain shift underestimation|Knowledge analysis / Technological / Incorrect spatial-geometric interpretation|Model training / Human / Overestimation due to data leakage / wrong splits|Model operation / Technological / Model version skew
P3,154,18200196,True,0.04439181693946966,,,Model operation / Technological / Cascading error propagation|Model operation / Technological / Concept drift|Model operation / Technological / Map inconsistency,Model operation / Technological / Cascading error propagation|Model operation / Technological / Concept drift|Model operation / Technological / Map inconsistency|Model operation / Technological / Security robustness / spoofing|Model operation / Technological / Sensor artifacts,Model operation / Technological / Cascading error propagation|Model operation / Technological / Concept drift|Model operation / Technological / Map inconsistency|Model operation / Technological / Security robustness / spoofing|Model operation / Technological / Sensor artifacts|Knowledge analysis / Technological / Incorrect spatial-geometric interpretation|Model training / Human / Overestimation due to data leakage / wrong splits|Model training / Human / Domain shift underestimation|Model operation / Human / Loss of situational awareness|Knowledge analysis / Human / Inappropriate model architecture
P3,155,18200197,True,0.07303995720114181,,,Model operation / Technological / Cascading error propagation|Model operation / Technological / Map inconsistency|Model operation / Technological / Sensor artifacts,Model operation / Technological / Cascading error propagation|Model operation / Technological / Map inconsistency|Model operation / Technological / Sensor artifacts|Knowledge analysis / Technological / Incorrect spatial-geometric interpretation|Model operation / Technological / Concept drift,Model operation / Technological / Cascading error propagation|Model operation / Technological / Map inconsistency|Model operation / Technological / Sensor artifacts|Knowledge analysis / Technological / Incorrect spatial-geometric interpretation|Model operation / Technological / Concept drift|Model operation / Technological / Security robustness / spoofing|Model operation / Human / Loss of situational awareness|Model training / Human / Domain shift underestimation|Model training / Human / Overestimation due to data leakage / wrong splits|Knowledge analysis / Human / Task formulation mismatch
P3,156,18200198,True,0.06660402214473261,,,Model operation / Technological / Cascading error propagation|Model operation / Technological / Security robustness / spoofing|Model operation / Technological / Concept drift,Model operation / Technological / Cascading error propagation|Model operation / Technological / Security robustness / spoofing|Model operation / Technological / Concept drift|Model operation / Technological / Map inconsistency|Model operation / Technological / Sensor artifacts,Model operation / Technological / Cascading error propagation|Model operation / Technological / Security robustness / spoofing|Model operation / Technological / Concept drift|Model operation / Technological / Map inconsistency|Model operation / Technological / Sensor artifacts|Knowledge analysis / Technological / Incorrect spatial-geometric interpretation|Model operation / Human / Loss of situational awareness|Model training / Human / Domain shift underestimation|Model training / Human / Overestimation due to data leakage / wrong splits|Knowledge analysis / Human / Task formulation mismatch
P3,157,18200199,True,0.06931046931937147,,,Model operation / Technological / Cascading error propagation|Model operation / Technological / Concept drift|Model operation / Technological / Sensor artifacts,Model operation / Technological / Cascading error propagation|Model operation / Technological / Concept drift|Model operation / Technological / Sensor artifacts|Model operation / Technological / Security robustness / spoofing|Model training / Human / Domain shift underestimation,Model operation / Technological / Cascading error propagation|Model operation / Technological / Concept drift|Model operation / Technological / Sensor artifacts|Model operation / Technological / Security robustness / spoofing|Model training / Human / Domain shift underestimation|Model operation / Technological / Map inconsistency|Model training / Human / Overestimation due to data leakage / wrong splits|Knowledge analysis / Technological / Incorrect spatial-geometric interpretation|Model operation / Human / Loss of situational awareness|Knowledge analysis / Human / Task formulation mismatch
P3,158,18200200,True,0.03272288549855206,,,Model operation / Technological / Cascading error propagation|Model operation / Technological / Map inconsistency|Model operation / Technological / Concept drift,Model operation / Technological / Cascading error propagation|Model operation / Technological / Map inconsistency|Model operation / Technological / Concept drift|Model operation / Technological / Sensor artifacts|Model operation / Technological / Security robustness / spoofing,Model operation / Technological / Cascading error propagation|Model operation / Technological / Map inconsistency|Model operation / Technological / Concept drift|Model operation / Technological / Sensor artifacts|Model operation / Technological / Security robustness / spoofing|Knowledge analysis / Technological / Incorrect spatial-geometric interpretation|Model operation / Human / Loss of situational awareness|Model training / Human / Domain shift underestimation|Model training / Human / Overestimation due to data leakage / wrong splits|Knowledge analysis / Human / Task formulation mismatch
P3,159,18200201,True,0.03989499176169603,,,Model operation / Technological / Cascading error propagation|Model operation / Technological / Sensor artifacts|Model operation / Technological / Concept drift,Model operation / Technological / Cascading error propagation|Model operation / Technological / Sensor artifacts|Model operation / Technological / Concept drift|Model operation / Technological / Map inconsistency|Model operation / Technological / Security robustness / spoofing,Model operation / Technological / Cascading error propagation|Model operation / Technological / Sensor artifacts|Model operation / Technological / Concept drift|Model operation / Technological / Map inconsistency|Model operation / Technological / Security robustness / spoofing|Knowledge analysis / Technological / Incorrect spatial-geometric interpretation|Model operation / Human / Loss of situational awareness|Model training / Human / Domain shift underestimation|Model training / Human / Overestimation due to data leakage / wrong splits|Knowledge analysis / Human / Annotation errors
P3,160,18200202,True,0.05422490807338644,,,Model operation / Technological / Cascading error propagation|Knowledge analysis / Technological / Incorrect spatial-geometric interpretation|Model operation / Technological / Sensor artifacts,Model operation / Technological / Cascading error propagation|Knowledge analysis / Technological / Incorrect spatial-geometric interpretation|Model operation / Technological / Sensor artifacts|Model operation / Technological / Security robustness / spoofing|Model operation / Technological / Concept drift,Model operation / Technological / Cascading error propagation|Knowledge analysis / Technological / Incorrect spatial-geometric interpretation|Model operation / Technological / Sensor artifacts|Model operation / Technological / Security robustness / spoofing|Model operation / Technological / Concept drift|Model operation / Technological / Map inconsistency|Model operation / Human / Loss of situational awareness|Model training / Human / Domain shift underestimation|Model training / Human / Overestimation due to data leakage / wrong splits|Knowledge analysis / Human / Inappropriate model architecture
P3,161,18200203,False,0.1357053320433471,,,Model operation / Technological / Cascading error propagation|Model operation / Technological / Concept drift|Model operation / Technological / Sensor artifacts,Model operation / Technological / Cascading error propagation|Model operation / Technological / Concept drift|Model operation / Technological / Sensor artifacts|Model operation / Technological / Map inconsistency|Model operation / Technological / Security robustness / spoofing,Model operation / Technological / Cascading error propagation|Model operation / Technological / Concept drift|Model operation / Technological / Sensor artifacts|Model operation / Technological / Map inconsistency|Model operation / Technological / Security robustness / spoofing|Model operation / Human / Loss of situational awareness|Model training / Human / Overestimation due to data leakage / wrong splits|Model training / Human / Domain shift underestimation|Knowledge analysis / Technological / Incorrect spatial-geometric interpretation|Model training / Technological / Domain shift as technological robustness failure
P3,162,18200204,True,0.09316717244858143,,,Model operation / Technological / Cascading error propagation|Model operation / Technological / Map inconsistency|Model operation / Technological / Security robustness / spoofing,Model operation / Technological / Cascading error propagation|Model operation / Technological / Map inconsistency|Model operation / Technological / Security robustness / spoofing|Model operation / Technological / Sensor artifacts|Model operation / Technological / Concept drift,Model operation / Technological / Cascading error propagation|Model operation / Technological / Map inconsistency|Model operation / Technological / Security robustness / spoofing|Model operation / Technological / Sensor artifacts|Model operation / Technological / Concept drift|Model training / Human / Overestimation due to data leakage / wrong splits|Model training / Human / Domain shift underestimation|Model operation / Human / Loss of situational awareness|Knowledge analysis / Technological / Incorrect spatial-geometric interpretation|Model training / Technological / Noise/blur/compression fragility
P3,163,18200205,True,0.0350252488198868,,,Model operation / Technological / Cascading error propagation|Model training / Human / Domain shift underestimation|Model training / Human / Overestimation due to data leakage / wrong splits,Model operation / Technological / Cascading error propagation|Model training / Human / Domain shift underestimation|Model training / Human / Overestimation due to data leakage / wrong splits|Knowledge analysis / Technological / Incorrect spatial-geometric interpretation|Model operation / Technological / Map inconsistency,Model operation / Technological / Cascading error propagation|Model training / Human / Domain shift underestimation|Model training / Human / Overestimation due to data leakage / wrong splits|Knowledge analysis / Technological / Incorrect spatial-geometric interpretation|Model operation / Technological / Map inconsistency|Model operation / Technological / Sensor artifacts|Model operation / Technological / Concept drift|Model operation / Technological / Security robustness / spoofing|Model operation / Human / Loss of situational awareness|Knowledge analysis / Human / Task formulation mismatch
P3,164,18200206,True,0.08163990503759304,,,Model operation / Technological / Cascading error propagation|Model operation / Technological / Map inconsistency|Model operation / Technological / Sensor artifacts,Model operation / Technological / Cascading error propagation|Model operation / Technological / Map inconsistency|Model operation / Technological / Sensor artifacts|Model operation / Technological / Security robustness / spoofing|Model operation / Technological / Concept drift,Model operation / Technological / Cascading error propagation|Model operation / Technological / Map inconsistency|Model operation / Technological / Sensor artifacts|Model operation / Technological / Security robustness / spoofing|Model operation / Technological / Concept drift|Knowledge analysis / Technological / Incorrect spatial-geometric interpretation|Model operation / Human / Loss of situational awareness|Model training / Human / Overestimation due to data leakage / wrong splits|Model training / Human / Domain shift underestimation|Knowledge analysis / Human / Inappropriate model architecture
P3,165,18200207,True,0.027165057113343407,,,Model operation / Technological / Cascading error propagation|Model operation / Technological / Security robustness / spoofing|Model operation / Technological / Sensor artifacts,Model operation / Technological / Cascading error propagation|Model operation / Technological / Security robustness / spoofing|Model operation / Technological / Sensor artifacts|Model operation / Technological / Concept drift|Model operation / Technological / Map inconsistency,Model operation / Technological / Cascading error propagation|Model operation / Technological / Security robustness / spoofing|Model operation / Technological / Sensor artifacts|Model operation / Technological / Concept drift|Model operation / Technological / Map inconsistency|Knowledge analysis / Technological / Incorrect spatial-geometric interpretation|Model operation / Human / Loss of situational awareness|Model training / Human / Domain shift underestimation|Model training / Human / Overestimation due to data leakage / wrong splits|Model training / Technological / Noise/blur/compression fragility
P3,166,18200208,True,0.029664340311150807,,,Model operation / Technological / Cascading error propagation|Model operation / Technological / Map inconsistency|Model operation / Technological / Concept drift,Model operation / Technological / Cascading error propagation|Model operation / Technological / Map inconsistency|Model operation / Technological / Concept drift|Model operation / Technological / Security robustness / spoofing|Model operation / Technological / Sensor artifacts,Model operation / Technological / Cascading error propagation|Model operation / Technological / Map inconsistency|Model operation / Technological / Concept drift|Model operation / Technological / Security robustness / spoofing|Model operation / Technological / Sensor artifacts|Model operation / Human / Loss of situational awareness|Knowledge analysis / Technological / Incorrect spatial-geometric interpretation|Model training / Human / Domain shift underestimation|Model training / Human / Overestimation due to data leakage / wrong splits|Knowledge analysis / Human / Task formulation mismatch
P3,167,18200209,True,0.09358322119177573,,,Model operation / Technological / Cascading error propagation|Model operation / Technological / Concept drift|Model operation / Technological / Sensor artifacts,Model operation / Technological / Cascading error propagation|Model operation / Technological / Concept drift|Model operation / Technological / Sensor artifacts|Model operation / Technological / Map inconsistency|Model operation / Technological / Security robustness / spoofing,Model operation / Technological / Cascading error propagation|Model operation / Technological / Concept drift|Model operation / Technological / Sensor artifacts|Model operation / Technological / Map inconsistency|Model operation / Technological / Security robustness / spoofing|Model training / Human / Overestimation due to data leakage / wrong splits|Model training / Human / Domain shift underestimation|Knowledge analysis / Technological / Incorrect spatial-geometric interpretation|Model operation / Human / Loss of situational awareness|Knowledge analysis / Human / Annotation errors
P3,168,18200210,False,0.125112071473683,,,Model operation / Technological / Cascading error propagation|Knowledge analysis / Technological / Incorrect spatial-geometric interpretation|Model operation / Technological / Map inconsistency,Model operation / Technological / Cascading error propagation|Knowledge analysis / Technological / Incorrect spatial-geometric interpretation|Model operation / Technological / Map inconsistency|Model operation / Technological / Security robustness / spoofing|Model operation / Technological / Sensor artifacts,Model operation / Technological / Cascading error propagation|Knowledge analysis / Technological / Incorrect spatial-geometric interpretation|Model operation / Technological / Map inconsistency|Model operation / Technological / Security robustness / spoofing|Model operation / Technological / Sensor artifacts|Model operation / Technological / Concept drift|Model operation / Human / Loss of situational awareness|Model training / Human / Domain shift underestimation|Knowledge analysis / Human / Task formulation mismatch|Knowledge analysis / Human / Inappropriate model architecture
P3,169,18200211,True,0.03788207896494219,,,Model operation / Technological / Cascading error propagation|Model operation / Technological / Map inconsistency|Model operation / Technological / Sensor artifacts,Model operation / Technological / Cascading error propagation|Model operation / Technological / Map inconsistency|Model operation / Technological / Sensor artifacts|Model operation / Technological / Security robustness / spoofing|Model operation / Technological / Concept drift,Model operation / Technological / Cascading error propagation|Model operation / Technological / Map inconsistency|Model operation / Technological / Sensor artifacts|Model operation / Technological / Security robustness / spoofing|Model operation / Technological / Concept drift|Model operation / Human / Loss of situational awareness|Knowledge analysis / Technological / Incorrect spatial-geometric interpretation|Model training / Human / Overestimation due to data leakage / wrong splits|Model training / Human / Domain shift underestimation|Model operation / Technological / Communication loss / swarm fragmentation
P3,170,18200212,True,0.033002293264463446,,,Model operation / Technological / Cascading error propagation|Model operation / Technological / Map inconsistency|Model operation / Technological / Sensor artifacts,Model operation / Technological / Cascading error propagation|Model operation / Technological / Map inconsistency|Model operation / Technological / Sensor artifacts|Model operation / Technological / Concept drift|Model operation / Technological / Security robustness / spoofing,Model operation / Technological / Cascading error propagation|Model operation / Technological / Map inconsistency|Model operation / Technological / Sensor artifacts|Model operation / Technological / Concept drift|Model operation / Technological / Security robustness / spoofing|Knowledge analysis / Technological / Incorrect spatial-geometric interpretation|Model training / Human / Overestimation due to data leakage / wrong splits|Model operation / Human / Loss of situational awareness|Model training / Technological / Noise/blur/compression fragility|Model training / Technological / Domain shift as technological robustness failure
P3,171,18200213,True,0.03893218882992387,,,Model operation / Technological / Cascading error propagation|Model operation / Technological / Sensor artifacts|Model operation / Technological / Map inconsistency,Model operation / Technological / Cascading error propagation|Model operation / Technological / Sensor artifacts|Model operation / Technological / Map inconsistency|Model operation / Technological / Security robustness / spoofing|Model operation / Technological / Concept drift,Model operation / Technological / Cascading error propagation|Model operation / Technological / Sensor artifacts|Model operation / Technological / Map inconsistency|Model operation / Technological / Security robustness / spoofing|Model operation / Technological / Concept drift|Knowledge analysis / Technological / Incorrect spatial-geometric interpretation|Model operation / Human / Loss of situational awareness|Model training / Human / Overestimation due to data leakage / wrong splits|Model training / Human / Domain shift underestimation|Knowledge analysis / Human / Inappropriate model architecture
P3,172,18200214,True,0.03899344803940673,,,Model operation / Technological / Cascading error propagation|Model operation / Technological / Concept drift|Model operation / Technological / Security robustness / spoofing,Model operation / Technological / Cascading error propagation|Model operation / Technological / Concept drift|Model operation / Technological / Security robustness / spoofing|Model operation / Technological / Sensor artifacts|Knowledge analysis / Technological / Incorrect spatial-geometric interpretation,Model operation / Technological / Cascading error propagation|Model operation / Technological / Concept drift|Model operation / Technological / Security robustness / spoofing|Model operation / Technological / Sensor artifacts|Knowledge analysis / Technological / Incorrect spatial-geometric interpretation|Model operation / Technological / Map inconsistency|Model operation / Human / Loss of situational awareness|Model training / Human / Overestimation due to data leakage / wrong splits|Model training / Human / Domain shift underestimation|Knowledge analysis / Human / Annotation errors
P3,173,18200215,True,0.0358588272871071,,,Model operation / Technological / Cascading error propagation|Model operation / Technological / Security robustness / spoofing|Model operation / Technological / Sensor artifacts,Model operation / Technological / Cascading error propagation|Model operation / Technological / Security robustness / spoofing|Model operation / Technological / Sensor artifacts|Model operation / Technological / Map inconsistency|Model operation / Technological / Concept drift,Model operation / Technological / Cascading error propagation|Model operation / Technological / Security robustness / spoofing|Model operation / Technological / Sensor artifacts|Model operation / Technological / Map inconsistency|Model operation / Technological / Concept drift|Model operation / Human / Loss of situational awareness|Knowledge analysis / Technological / Incorrect spatial-geometric interpretation|Model training / Human / Overestimation due to data leakage / wrong splits|Model training / Human / Domain shift underestimation|Knowledge analysis / Human / Inappropriate model architecture
P3,174,18200216,True,0.07505218627014168,,,Model operation / Technological / Cascading error propagation|Model operation / Technological / Security robustness / spoofing|Model operation / Technological / Concept drift,Model operation / Technological / Cascading error propagation|Model operation / Technological / Security robustness / spoofing|Model operation / Technological / Concept drift|Model operation / Technological / Map inconsistency|Model operation / Technological / Sensor artifacts,Model operation / Technological / Cascading error propagation|Model operation / Technological / Security robustness / spoofing|Model operation / Technological / Concept drift|Model operation / Technological / Map inconsistency|Model operation / Technological / Sensor artifacts|Model operation / Human / Loss of situational awareness|Knowledge analysis / Technological / Incorrect spatial-geometric interpretation|Model training / Human / Overestimation due to data leakage / wrong splits|Model training / Human / Domain shift underestimation|Knowledge analysis / Human / Annotation errors
P3,175,18200217,True,0.05811267124040215,,,Model operation / Technological / Cascading error propagation|Model operation / Technological / Security robustness / spoofing|Model operation / Technological / Map inconsistency,Model operation / Technological / Cascading error propagation|Model operation / Technological / Security robustness / spoofing|Model operation / Technological / Map inconsistency|Model operation / Technological / Concept drift|Model operation / Technological / Sensor artifacts,Model operation / Technological / Cascading error propagation|Model operation / Technological / Security robustness / spoofing|Model operation / Technological / Map inconsistency|Model operation / Technological / Concept drift|Model operation / Technological / Sensor artifacts|Model operation / Human / Loss of situational awareness|Knowledge analysis / Technological / Incorrect spatial-geometric interpretation|Model training / Human / Overestimation due to data leakage / wrong splits|Model training / Human / Domain shift underestimation|Model operation / Technological / Communication loss / swarm fragmentation
P3,176,18200218,True,0.05023613347120434,,,Model operation / Technological / Cascading error propagation|Model operation / Technological / Security robustness / spoofing|Model operation / Technological / Map inconsistency,Model operation / Technological / Cascading error propagation|Model operation / Technological / Security robustness / spoofing|Model operation / Technological / Map inconsistency|Model operation / Technological / Sensor artifacts|Model operation / Technological / Concept drift,Model operation / Technological / Cascading error propagation|Model operation / Technological / Security robustness / spoofing|Model operation / Technological / Map inconsistency|Model operation / Technological / Sensor artifacts|Model operation / Technological / Concept drift|Knowledge analysis / Technological / Incorrect spatial-geometric interpretation|Model operation / Human / Loss of situational awareness|Model training / Human / Overestimation due to data leakage / wrong splits|Model training / Human / Domain shift underestimation|Knowledge analysis / Human / Annotation errors
P3,177,18200219,True,0.0544790278939219,,,Model operation / Technological / Cascading error propagation|Model operation / Technological / Concept drift|Model operation / Technological / Security robustness / spoofing,Model operation / Technological / Cascading error propagation|Model operation / Technological / Concept drift|Model operation / Technological / Security robustness / spoofing|Model operation / Technological / Sensor artifacts|Model operation / Technological / Map inconsistency,Model operation / Technological / Cascading error propagation|Model operation / Technological / Concept drift|Model operation / Technological / Security robustness / spoofing|Model operation / Technological / Sensor artifacts|Model operation / Technological / Map inconsistency|Knowledge analysis / Technological / Incorrect spatial-geometric interpretation|Model operation / Human / Loss of situational awareness|Model training / Human / Domain shift underestimation|Model training / Human / Overestimation due to data leakage / wrong splits|Knowledge analysis / Human / Annotation errors
P3,178,18200220,True,0.07359891423316742,,,Model operation / Technological / Cascading error propagation|Model operation / Technological / Concept drift|Model operation / Technological / Security robustness / spoofing,Model operation / Technological / Cascading error propagation|Model operation / Technological / Concept drift|Model operation / Technological / Security robustness / spoofing|Model operation / Technological / Map inconsistency|Model operation / Technological / Sensor artifacts,Model operation / Technological / Cascading error propagation|Model operation / Technological / Concept drift|Model operation / Technological / Security robustness / spoofing|Model operation / Technological / Map inconsistency|Model operation / Technological / Sensor artifacts|Knowledge analysis / Technological / Incorrect spatial-geometric interpretation|Model operation / Human / Loss of situational awareness|Model training / Human / Domain shift underestimation|Model training / Human / Overestimation due to data leakage / wrong splits|Knowledge analysis / Human / Inappropriate model architecture
P3,179,18200221,True,0.04322934703410243,,,Model operation / Technological / Cascading error propagation|Model operation / Technological / Security robustness / spoofing|Model operation / Technological / Map inconsistency,Model operation / Technological / Cascading error propagation|Model operation / Technological / Security robustness / spoofing|Model operation / Technological / Map inconsistency|Model operation / Technological / Sensor artifacts|Model operation / Technological / Concept drift,Model operation / Technological / Cascading error propagation|Model operation / Technological / Security robustness / spoofing|Model operation / Technological / Map inconsistency|Model operation / Technological / Sensor artifacts|Model operation / Technological / Concept drift|Knowledge analysis / Technological / Incorrect spatial-geometric interpretation|Model operation / Human / Loss of situational awareness|Model training / Human / Domain shift underestimation|Model training / Human / Overestimation due to data leakage / wrong splits|Knowledge analysis / Human / Inappropriate model architecture
P3,180,18200222,True,0.061222818961570245,,,Model operation / Technological / Cascading error propagation|Model operation / Technological / Concept drift|Model operation / Technological / Map inconsistency,Model operation / Technological / Cascading error propagation|Model operation / Technological / Concept drift|Model operation / Technological / Map inconsistency|Model operation / Technological / Security robustness / spoofing|Model operation / Human / Loss of situational awareness,Model operation / Technological / Cascading error propagation|Model operation / Technological / Concept drift|Model operation / Technological / Map inconsistency|Model operation / Technological / Security robustness / spoofing|Model operation / Human / Loss of situational awareness|Model operation / Technological / Sensor artifacts|Knowledge analysis / Technological / Incorrect spatial-geometric interpretation|Model training / Human / Overestimation due to data leakage / wrong splits|Model training / Human / Domain shift underestimation|Knowledge analysis / Human / Inappropriate model architecture
P3,181,18200223,True,0.03524487163504946,,,Model operation / Technological / Cascading error propagation|Model operation / Technological / Security robustness / spoofing|Model operation / Technological / Concept drift,Model operation / Technological / Cascading error propagation|Model operation / Technological / Security robustness / spoofing|Model operation / Technological / Concept drift|Model operation / Technological / Sensor artifacts|Model operation / Technological / Map inconsistency,Model operation / Technological / Cascading error propagation|Model operation / Technological / Security robustness / spoofing|Model operation / Technological / Concept drift|Model operation / Technological / Sensor artifacts|Model operation / Technological / Map inconsistency|Knowledge analysis / Technological / Incorrect spatial-geometric interpretation|Model training / Human / Overestimation due to data leakage / wrong splits|Model operation / Human / Loss of situational awareness|Model training / Human / Domain shift underestimation|Knowledge analysis / Human / Inappropriate model architecture
P3,182,18200224,True,0.09015301608491404,,,Model operation / Technological / Cascading error propagation|Knowledge analysis / Technological / Incorrect spatial-geometric interpretation|Model operation / Technological / Concept drift,Model operation / Technological / Cascading error propagation|Knowledge analysis / Technological / Incorrect spatial-geometric interpretation|Model operation / Technological / Concept drift|Model operation / Technological / Map inconsistency|Model operation / Technological / Security robustness / spoofing,Model operation / Technological / Cascading error propagation|Knowledge analysis / Technological / Incorrect spatial-geometric interpretation|Model operation / Technological / Concept drift|Model operation / Technological / Map inconsistency|Model operation / Technological / Security robustness / spoofing|Model operation / Technological / Sensor artifacts|Model operation / Human / Loss of situational awareness|Knowledge analysis / Human / Task formulation mismatch|Knowledge analysis / Human / Inappropriate model architecture|Knowledge analysis / Human / Annotation errors
P3,183,18200225,True,0.07769941773738515,,,Model operation / Technological / Cascading error propagation|Model operation / Technological / Concept drift|Model operation / Technological / Map inconsistency,Model operation / Technological / Cascading error propagation|Model operation / Technological / Concept drift|Model operation / Technological / Map inconsistency|Model operation / Technological / Security robustness / spoofing|Model operation / Human / Loss of situational awareness,Model operation / Technological / Cascading error propagation|Model operation / Technological / Concept drift|Model operation / Technological / Map inconsistency|Model operation / Technological / Security robustness / spoofing|Model operation / Human / Loss of situational awareness|Model operation / Technological / Sensor artifacts|Knowledge analysis / Technological / Incorrect spatial-geometric interpretation|Model training / Human / Overestimation due to data leakage / wrong splits|Model training / Human / Domain shift underestimation|Model operation / Technological / Communication loss / swarm fragmentation
P3,184,18200226,True,0.038425778356673226,,,Model operation / Technological / Cascading error propagation|Model operation / Technological / Concept drift|Model operation / Technological / Sensor artifacts,Model operation / Technological / Cascading error propagation|Model operation / Technological / Concept drift|Model operation / Technological / Sensor artifacts|Model operation / Technological / Security robustness / spoofing|Model operation / Technological / Map inconsistency,Model operation / Technological / Cascading error propagation|Model operation / Technological / Concept drift|Model operation / Technological / Sensor artifacts|Model operation / Technological / Security robustness / spoofing|Model operation / Technological / Map inconsistency|Model operation / Human / Loss of situational awareness|Knowledge analysis / Technological / Incorrect spatial-geometric interpretation|Model training / Human / Overestimation due to data leakage / wrong splits|Model training / Human / Domain shift underestimation|Knowledge analysis / Human / Annotation errors
P3,185,18200227,True,0.04368232275717649,,,Model operation / Technological / Cascading error propagation|Model operation / Technological / Security robustness / spoofing|Model operation / Technological / Concept drift,Model operation / Technological / Cascading error propagation|Model operation / Technological / Security robustness / spoofing|Model operation / Technological / Concept drift|Model operation / Technological / Map inconsistency|Model operation / Technological / Sensor artifacts,Model operation / Technological / Cascading error propagation|Model operation / Technological / Security robustness / spoofing|Model operation / Technological / Concept drift|Model operation / Technological / Map inconsistency|Model operation / Technological / Sensor artifacts|Knowledge analysis / Technological / Incorrect spatial-geometric interpretation|Model operation / Human / Loss of situational awareness|Model training / Human / Overestimation due to data leakage / wrong splits|Model training / Human / Domain shift underestimation|Knowledge analysis / Human / Task formulation mismatch
P3,186,18200228,True,0.045497752161037255,,,Model operation / Technological / Cascading error propagation|Model operation / Technological / Security robustness / spoofing|Model operation / Technological / Map inconsistency,Model operation / Technological / Cascading error propagation|Model operation / Technological / Security robustness / spoofing|Model operation / Technological / Map inconsistency|Model operation / Technological / Concept drift|Model operation / Technological / Sensor artifacts,Model operation / Technological / Cascading error propagation|Model operation / Technological / Security robustness / spoofing|Model operation / Technological / Map inconsistency|Model operation / Technological / Concept drift|Model operation / Technological / Sensor artifacts|Knowledge analysis / Technological / Incorrect spatial-geometric interpretation|Model operation / Human / Loss of situational awareness|Model training / Human / Overestimation due to data leakage / wrong splits|Model training / Human / Domain shift underestimation|Knowledge analysis / Human / Inappropriate model architecture
P3,187,18200229,True,0.03401913666425572,,,Model operation / Technological / Cascading error propagation|Model operation / Technological / Concept drift|Model operation / Technological / Map inconsistency,Model operation / Technological / Cascading error propagation|Model operation / Technological / Concept drift|Model operation / Technological / Map inconsistency|Model operation / Technological / Security robustness / spoofing|Model operation / Technological / Sensor artifacts,Model operation / Technological / Cascading error propagation|Model operation / Technological / Concept drift|Model operation / Technological / Map inconsistency|Model operation / Technological / Security robustness / spoofing|Model operation / Technological / Sensor artifacts|Model operation / Human / Loss of situational awareness|Knowledge analysis / Technological / Incorrect spatial-geometric interpretation|Model training / Human / Overestimation due to data leakage / wrong splits|Model training / Human / Domain shift underestimation|Knowledge analysis / Human / Annotation errors
P3,188,18200230,True,0.06069201339298126,,,Model operation / Technological / Cascading error propagation|Model operation / Technological / Map inconsistency|Model operation / Technological / Concept drift,Model operation / Technological / Cascading error propagation|Model operation / Technological / Map inconsistency|Model operation / Technological / Concept drift|Model operation / Technological / Sensor artifacts|Model operation / Technological / Security robustness / spoofing,Model operation / Technological / Cascading error propagation|Model operation / Technological / Map inconsistency|Model operation / Technological / Concept drift|Model operation / Technological / Sensor artifacts|Model operation / Technological / Security robustness / spoofing|Knowledge analysis / Technological / Incorrect spatial-geometric interpretation|Model operation / Human / Loss of situational awareness|Knowledge analysis / Human / Task formulation mismatch|Model training / Human / Domain shift underestimation|Model training / Human / Overestimation due to data leakage / wrong splits
P3,189,18200231,True,0.06913754603041161,,,Model operation / Technological / Cascading error propagation|Model operation / Technological / Map inconsistency|Model operation / Technological / Sensor artifacts,Model operation / Technological / Cascading error propagation|Model operation / Technological / Map inconsistency|Model operation / Technological / Sensor artifacts|Model operation / Technological / Security robustness / spoofing|Model operation / Technological / Concept drift,Model operation / Technological / Cascading error propagation|Model operation / Technological / Map inconsistency|Model operation / Technological / Sensor artifacts|Model operation / Technological / Security robustness / spoofing|Model operation / Technological / Concept drift|Model operation / Human / Loss of situational awareness|Knowledge analysis / Technological / Incorrect spatial-geometric interpretation|Model training / Human / Overestimation due to data leakage / wrong splits|Model training / Human / Domain shift underestimation|Model operation / Technological / Communication loss / swarm fragmentation
P3,190,18200232,True,0.058385974467067094,,,Model operation / Technological / Cascading error propagation|Model operation / Technological / Security robustness / spoofing|Model operation / Technological / Map inconsistency,Model operation / Technological / Cascading error propagation|Model operation / Technological / Security robustness / spoofing|Model operation / Technological / Map inconsistency|Model operation / Technological / Concept drift|Model operation / Technological / Sensor artifacts,Model operation / Technological / Cascading error propagation|Model operation / Technological / Security robustness / spoofing|Model operation / Technological / Map inconsistency|Model operation / Technological / Concept drift|Model operation / Technological / Sensor artifacts|Knowledge analysis / Technological / Incorrect spatial-geometric interpretation|Model operation / Human / Loss of situational awareness|Model training / Human / Domain shift underestimation|Model training / Human / Overestimation due to data leakage / wrong splits|Knowledge analysis / Human / Annotation errors
P3,191,18200233,True,0.03317922426551683,,,Model operation / Technological / Cascading error propagation|Model operation / Technological / Sensor artifacts|Model operation / Technological / Map inconsistency,Model operation / Technological / Cascading error propagation|Model operation / Technological / Sensor artifacts|Model operation / Technological / Map inconsistency|Model operation / Technological / Security robustness / spoofing|Model operation / Technological / Concept drift,Model operation / Technological / Cascading error propagation|Model operation / Technological / Sensor artifacts|Model operation / Technological / Map inconsistency|Model operation / Technological / Security robustness / spoofing|Model operation / Technological / Concept drift|Model operation / Human / Loss of situational awareness|Knowledge analysis / Technological / Incorrect spatial-geometric interpretation|Model training / Human / Overestimation due to data leakage / wrong splits|Model training / Human / Domain shift underestimation|Knowledge analysis / Human / Annotation errors
P3,192,18200234,True,0.027399777441086844,,,Model operation / Technological / Cascading error propagation|Model operation / Technological / Sensor artifacts|Model operation / Technological / Map inconsistency,Model operation / Technological / Cascading error propagation|Model operation / Technological / Sensor artifacts|Model operation / Technological / Map inconsistency|Model operation / Technological / Concept drift|Model operation / Technological / Security robustness / spoofing,Model operation / Technological / Cascading error propagation|Model operation / Technological / Sensor artifacts|Model operation / Technological / Map inconsistency|Model operation / Technological / Concept drift|Model operation / Technological / Security robustness / spoofing|Knowledge analysis / Technological / Incorrect spatial-geometric interpretation|Model operation / Human / Loss of situational awareness|Model training / Human / Overestimation due to data leakage / wrong splits|Model training / Human / Domain shift underestimation|Knowledge analysis / Human / Task formulation mismatch
P3,193,18200235,True,0.02309172448583169,,,Model operation / Technological / Cascading error propagation|Model operation / Technological / Map inconsistency|Model operation / Technological / Security robustness / spoofing,Model operation / Technological / Cascading error propagation|Model operation / Technological / Map inconsistency|Model operation / Technological / Security robustness / spoofing|Model operation / Technological / Concept drift|Model operation / Technological / Sensor artifacts,Model operation / Technological / Cascading error propagation|Model operation / Technological / Map inconsistency|Model operation / Technological / Security robustness / spoofing|Model operation / Technological / Concept drift|Model operation / Technological / Sensor artifacts|Knowledge analysis / Technological / Incorrect spatial-geometric interpretation|Model operation / Human / Loss of situational awareness|Model training / Human / Domain shift underestimation|Model training / Human / Overestimation due to data leakage / wrong splits|Knowledge analysis / Human / Inappropriate model architecture
P3,194,18200236,True,0.02726919446376322,,,Model operation / Technological / Cascading error propagation|Model operation / Technological / Sensor artifacts|Knowledge analysis / Human / Annotation errors,Model operation / Technological / Cascading error propagation|Model operation / Technological / Sensor artifacts|Knowledge analysis / Human / Annotation errors|Model operation / Technological / Concept drift|Model operation / Technological / Map inconsistency,Model operation / Technological / Cascading error propagation|Model operation / Technological / Sensor artifacts|Knowledge analysis / Human / Annotation errors|Model operation / Technological / Concept drift|Model operation / Technological / Map inconsistency|Knowledge analysis / Human / Task formulation mismatch|Knowledge analysis / Human / Inappropriate model architecture|Model operation / Technological / Security robustness / spoofing|Model operation / Human / Loss of situational awareness|Knowledge analysis / Technological / Incorrect spatial-geometric interpretation
P3,195,18200237,True,0.07115889326885703,,,Model operation / Technological / Cascading error propagation|Model operation / Technological / Sensor artifacts|Model operation / Technological / Security robustness / spoofing,Model operation / Technological / Cascading error propagation|Model operation / Technological / Sensor artifacts|Model operation / Technological / Security robustness / spoofing|Model operation / Technological / Concept drift|Model operation / Technological / Map inconsistency,Model operation / Technological / Cascading error propagation|Model operation / Technological / Sensor artifacts|Model operation / Technological / Security robustness / spoofing|Model operation / Technological / Concept drift|Model operation / Technological / Map inconsistency|Knowledge analysis / Technological / Incorrect spatial-geometric interpretation|Model operation / Human / Loss of situational awareness|Model training / Human / Overestimation due to data leakage / wrong splits|Model training / Human / Domain shift underestimation|Knowledge analysis / Human / Task formulation mismatch
P3,196,18200238,True,0.041526239151467775,,,Model operation / Technological / Cascading error propagation|Model operation / Technological / Map inconsistency|Model operation / Technological / Concept drift,Model operation / Technological / Cascading error propagation|Model operation / Technological / Map inconsistency|Model operation / Technological / Concept drift|Model operation / Technological / Security robustness / spoofing|Model operation / Technological / Sensor artifacts,Model operation / Technological / Cascading error propagation|Model operation / Technological / Map inconsistency|Model operation / Technological / Concept drift|Model operation / Technological / Security robustness / spoofing|Model operation / Technological / Sensor artifacts|Knowledge analysis / Technological / Incorrect spatial-geometric interpretation|Model training / Human / Overestimation due to data leakage / wrong splits|Model training / Human / Domain shift underestimation|Model operation / Human / Loss of situational awareness|Model training / Technological / Noise/blur/compression fragility
P3,197,18200239,True,0.0404575738564042,,,Model operation / Technological / Cascading error propagation|Model operation / Human / Loss of situational awareness|Model operation / Technological / Concept drift,Model operation / Technological / Cascading error propagation|Model operation / Human / Loss of situational awareness|Model operation / Technological / Concept drift|Model operation / Technological / Sensor artifacts|Model operation / Technological / Security robustness / spoofing,Model operation / Technological / Cascading error propagation|Model operation / Human / Loss of situational awareness|Model operation / Technological / Concept drift|Model operation / Technological / Sensor artifacts|Model operation / Technological / Security robustness / spoofing|Model operation / Technological / Map inconsistency|Model training / Human / Domain shift underestimation|Knowledge analysis / Technological / Incorrect spatial-geometric interpretation|Model training / Human / Overestimation due to data leakage / wrong splits|Model operation / Technological / Model version skew
P3,198,18200240,True,0.04255348249516604,,,Model operation / Technological / Cascading error propagation|Model operation / Technological / Map inconsistency|Model operation / Technological / Security robustness / spoofing,Model operation / Technological / Cascading error propagation|Model operation / Technological / Map inconsistency|Model operation / Technological / Security robustness / spoofing|Model operation / Technological / Sensor artifacts|Model training / Human / Domain shift underestimation,Model operation / Technological / Cascading error propagation|Model operation / Technological / Map inconsistency|Model operation / Technological / Security robustness / spoofing|Model operation / Technological / Sensor artifacts|Model training / Human / Domain shift underestimation|Model operation / Technological / Concept drift|Model training / Human / Overestimation due to data leakage / wrong splits|Knowledge analysis / Technological / Incorrect spatial-geometric interpretation|Knowledge analysis / Human / Inappropriate model architecture|Knowledge analysis / Human / Task formulation mismatch
P3,199,18200241,True,0.04669077151603771,,,Model operation / Technological / Cascading error propagation|Model operation / Technological / Sensor artifacts|Model operation / Technological / Concept drift,Model operation / Technological / Cascading error propagation|Model operation / Technological / Sensor artifacts|Model operation / Technological / Concept drift|Model operation / Technological / Security robustness / spoofing|Model operation / Technological / Map inconsistency,Model operation / Technological / Cascading error propagation|Model operation / Technological / Sensor artifacts|Model operation / Technological / Concept drift|Model operation / Technological / Security robustness / spoofing|Model operation / Technological / Map inconsistency|Knowledge analysis / Technological / Incorrect spatial-geometric interpretation|Model training / Human / Domain shift underestimation|Model operation / Human / Loss of situational awareness|Model training / Human / Overestimation due to data leakage / wrong splits|Knowledge analysis / Human / Inappropriate model architecture
