profile_id,sample_index,sample_seed,accepted,max_cr,offending_paths,error,top3,top5,top10
P3,0,18200042,True,0.06938396529079649,,,Model operation / Technological / Cascading error propagation|Model Training / Human / Domain shift|Model Training / Human / Incomplete validation criteria,Model operation / Technological / Cascading error propagation|Model Training / Human / Domain shift|Model Training / Human / Incomplete validation criteria|Model operation / Human / Loss of situational awareness|Model operation / Technological / Sensor artifacts,Model operation / Technological / Cascading error propagation|Model Training / Human / Domain shift|Model Training / Human / Incomplete validation criteria|Model operation / Human / Loss of situational awareness|Model operation / Technological / Sensor artifacts|Model operation / Technological / Concept drift|Knowledge analysis / Technological / Incorrect spatial-geometric interpretation|Knowledge analysis / Technological / Reliance on spurious features|Model Training / Technological / Overfitting|Model Training / Technological / Confabulations
P3,1,18200043,True,0.016861324209861788,,,Model operation / Technological / Cascading error propagation|Model operation / Technological / Sensor artifacts|Model operation / Human / Loss of situational awareness,Model operation / Technological / Cascading error propagation|Model operation / Technological / Sensor artifacts|Model operation / Human / Loss of situational awareness|Model operation / Technological / Concept drift|Model Training / Human / Domain shift,Model operation / Technological / Cascading error propagation|Model operation / Technological / Sensor artifacts|Model operation / Human / Loss of situational awareness|Model operation / Technological / Concept drift|Model Training / Human / Domain shift|Model Training / Human / Incomplete validation criteria|Knowledge analysis / Technological / Incorrect spatial-geometric interpretation|Knowledge analysis / Technological / Reliance on spurious features|Model Training / Technological / Confabulations|Model Training / Technological / Confidence miscalibration
P3,2,18200044,True,0.09297183953014955,,,Model operation / Technological / Cascading error propagation|Model operation / Technological / Sensor artifacts|Model operation / Human / Loss of situational awareness,Model operation / Technological / Cascading error propagation|Model operation / Technological / Sensor artifacts|Model operation / Human / Loss of situational awareness|Model Training / Human / Domain shift|Model Training / Human / Incomplete validation criteria,Model operation / Technological / Cascading error propagation|Model operation / Technological / Sensor artifacts|Model operation / Human / Loss of situational awareness|Model Training / Human / Domain shift|Model Training / Human / Incomplete validation criteria|Model operation / Technological / Concept drift|Knowledge analysis / Technological / Reliance on spurious features|Model Training / Technological / Confidence miscalibration|Model Training / Technological / Confabulations|Model Training / Technological / Overfitting
P3,3,18200045,True,0.025390446548175422,,,Model operation / Technological / Cascading error propagation|Model operation / Human / Loss of situational awareness|Model operation / Technological / Sensor artifacts,Model operation / Technological / Cascading error propagation|Model operation / Human / Loss of situational awareness|Model operation / Technological / Sensor artifacts|Model operation / Technological / Concept drift|Model Training / Human / Incomplete validation criteria,Model operation / Technological / Cascading error propagation|Model operation / Human / Loss of situational awareness|Model operation / Technological / Sensor artifacts|Model operation / Technological / Concept drift|Model Training / Human / Incomplete validation criteria|Knowledge analysis / Technological / Incorrect spatial-geometric interpretation|Knowledge analysis / Technological / Reliance on spurious features|Model Training / Technological / Confabulations|Knowledge analysis / Human / Annotation errors|Knowledge analysis / Human / Lack of uncertainty estimation
P3,4,18200046,True,0.03563457833202083,,,Model operation / Technological / Cascading error propagation|Model operation / Technological / Sensor artifacts|Model operation / Human / Loss of situational awareness,Model operation / Technological / Cascading error propagation|Model operation / Technological / Sensor artifacts|Model operation / Human / Loss of situational awareness|Model Training / Human / Domain shift|Model Training / Human / Incomplete validation criteria,Model operation / Technological / Cascading error propagation|Model operation / Technological / Sensor artifacts|Model operation / Human / Loss of situational awareness|Model Training / Human / Domain shift|Model Training / Human / Incomplete validation criteria|Model operation / Technological / Concept drift|Knowledge analysis / Technological / Incorrect spatial-geometric interpretation|Knowledge analysis / Technological / Reliance on spurious features|Model Training / Technological / Confidence miscalibration|Model Training / Technological / Confabulations
P3,5,18200047,True,0.05277129795786687,,,Model operation / Technological / Cascading error propagation|Model operation / Human / Loss of situational awareness|Model operation / Technological / Concept drift,Model operation / Technological / Cascading error propagation|Model operation / Human / Loss of situational awareness|Model operation / Technological / Concept drift|Model operation / Technological / Sensor artifacts|Knowledge analysis / Technological / Incorrect spatial-geometric interpretation,Model operation / Technological / Cascading error propagation|Model operation / Human / Loss of situational awareness|Model operation / Technological / Concept drift|Model operation / Technological / Sensor artifacts|Knowledge analysis / Technological / Incorrect spatial-geometric interpretation|Knowledge analysis / Technological / Reliance on spurious features|Model Training / Human / Domain shift|Model Training / Human / Incomplete validation criteria|Knowledge analysis / Human / Annotation errors|Knowledge analysis / Human / Lack of uncertainty estimation
P3,6,18200048,True,0.08643638284636933,,,Model operation / Technological / Cascading error propagation|Model operation / Human / Loss of situational awareness|Knowledge analysis / Technological / Incorrect spatial-geometric interpretation,Model operation / Technological / Cascading error propagation|Model operation / Human / Loss of situational awareness|Knowledge analysis / Technological / Incorrect spatial-geometric interpretation|Knowledge analysis / Technological / Reliance on spurious features|Model operation / Technological / Concept drift,Model operation / Technological / Cascading error propagation|Model operation / Human / Loss of situational awareness|Knowledge analysis / Technological / Incorrect spatial-geometric interpretation|Knowledge analysis / Technological / Reliance on spurious features|Model operation / Technological / Concept drift|Model operation / Technological / Sensor artifacts|Knowledge analysis / Human / Lack of uncertainty estimation|Knowledge analysis / Human / Inappropriate model architecture|Model Training / Human / Domain shift|Model Training / Human / Incomplete validation criteria
P3,7,18200049,True,0.05843813150389649,,,Model operation / Technological / Cascading error propagation|Model operation / Human / Loss of situational awareness|Model operation / Technological / Sensor artifacts,Model operation / Technological / Cascading error propagation|Model operation / Human / Loss of situational awareness|Model operation / Technological / Sensor artifacts|Model operation / Technological / Concept drift|Knowledge analysis / Technological / Incorrect spatial-geometric interpretation,Model operation / Technological / Cascading error propagation|Model operation / Human / Loss of situational awareness|Model operation / Technological / Sensor artifacts|Model operation / Technological / Concept drift|Knowledge analysis / Technological / Incorrect spatial-geometric interpretation|Model Training / Human / Domain shift|Model Training / Human / Incomplete validation criteria|Model Training / Technological / Confidence miscalibration|Model Training / Technological / Confabulations|Model Training / Technological / Overfitting
P3,8,18200050,True,0.08767494079674962,,,Model operation / Technological / Cascading error propagation|Model operation / Human / Loss of situational awareness|Model operation / Technological / Sensor artifacts,Model operation / Technological / Cascading error propagation|Model operation / Human / Loss of situational awareness|Model operation / Technological / Sensor artifacts|Model operation / Technological / Concept drift|Knowledge analysis / Technological / Incorrect spatial-geometric interpretation,Model operation / Technological / Cascading error propagation|Model operation / Human / Loss of situational awareness|Model operation / Technological / Sensor artifacts|Model operation / Technological / Concept drift|Knowledge analysis / Technological / Incorrect spatial-geometric interpretation|Knowledge analysis / Technological / Reliance on spurious features|Model Training / Human / Domain shift|Model Training / Human / Incomplete validation criteria|Knowledge analysis / Human / Annotation errors|Knowledge analysis / Human / Lack of uncertainty estimation
P3,9,18200051,True,0.026666995973084546,,,Model operation / Technological / Cascading error propagation|Knowledge analysis / Technological / Incorrect spatial-geometric interpretation|Model operation / Human / Loss of situational awareness,Model operation / Technological / Cascading error propagation|Knowledge analysis / Technological / Incorrect spatial-geometric interpretation|Model operation / Human / Loss of situational awareness|Model operation / Technological / Sensor artifacts|Model operation / Technological / Concept drift,Model operation / Technological / Cascading error propagation|Knowledge analysis / Technological / Incorrect spatial-geometric interpretation|Model operation / Human / Loss of situational awareness|Model operation / Technological / Sensor artifacts|Model operation / Technological / Concept drift|Model Training / Human / Domain shift|Model Training / Human / Incomplete validation criteria|Model Training / Technological / Confabulations|Knowledge analysis / Human / Annotation errors|Knowledge analysis / Human / Lack of uncertainty estimation
P3,10,18200052,True,0.053207596375028476,,,Model operation / Technological / Cascading error propagation|Model operation / Human / Loss of situational awareness|Model operation / Technological / Sensor artifacts,Model operation / Technological / Cascading error propagation|Model operation / Human / Loss of situational awareness|Model operation / Technological / Sensor artifacts|Model operation / Technological / Concept drift|Knowledge analysis / Technological / Incorrect spatial-geometric interpretation,Model operation / Technological / Cascading error propagation|Model operation / Human / Loss of situational awareness|Model operation / Technological / Sensor artifacts|Model operation / Technological / Concept drift|Knowledge analysis / Technological / Incorrect spatial-geometric interpretation|Knowledge analysis / Technological / Reliance on spurious features|Model Training / Technological / Overfitting|Model Training / Technological / Confidence miscalibration|Model Training / Technological / Confabulations|Knowledge analysis / Human / Annotation errors
P3,11,18200053,True,0.059533285311214254,,,Model operation / Technological / Cascading error propagation|Model operation / Human / Loss of situational awareness|Model operation / Technological / Sensor artifacts,Model operation / Technological / Cascading error propagation|Model operation / Human / Loss of situational awareness|Model operation / Technological / Sensor artifacts|Model operation / Technological / Concept drift|Knowledge analysis / Technological / Incorrect spatial-geometric interpretation,Model operation / Technological / Cascading error propagation|Model operation / Human / Loss of situational awareness|Model operation / Technological / Sensor artifacts|Model operation / Technological / Concept drift|Knowledge analysis / Technological / Incorrect spatial-geometric interpretation|Knowledge analysis / Technological / Reliance on spurious features|Model Training / Human / Domain shift|Model Training / Human / Incomplete validation criteria|Knowledge analysis / Human / Annotation errors|Knowledge analysis / Human / Lack of uncertainty estimation
P3,12,18200054,True,0.046225496447391365,,,Model operation / Technological / Cascading error propagation|Model operation / Human / Loss of situational awareness|Model operation / Technological / Concept drift,Model operation / Technological / Cascading error propagation|Model operation / Human / Loss of situational awareness|Model operation / Technological / Concept drift|Model operation / Technological / Sensor artifacts|Model Training / Human / Domain shift,Model operation / Technological / Cascading error propagation|Model operation / Human / Loss of situational awareness|Model operation / Technological / Concept drift|Model operation / Technological / Sensor artifacts|Model Training / Human / Domain shift|Model Training / Human / Incomplete validation criteria|Knowledge analysis / Technological / Incorrect spatial-geometric interpretation|Knowledge analysis / Technological / Reliance on spurious features|Knowledge analysis / Human / Annotation errors|Model Training / Technological / Overfitting
P3,13,18200055,True,0.013084271718165737,,,Model operation / Technological / Cascading error propagation|Model operation / Human / Loss of situational awareness|Model Training / Human / Domain shift,Model operation / Technological / Cascading error propagation|Model operation / Human / Loss of situational awareness|Model Training / Human / Domain shift|Model Training / Human / Incomplete validation criteria|Knowledge analysis / Technological / Incorrect spatial-geometric interpretation,Model operation / Technological / Cascading error propagation|Model operation / Human / Loss of situational awareness|Model Training / Human / Domain shift|Model Training / Human / Incomplete validation criteria|Knowledge analysis / Technological / Incorrect spatial-geometric interpretation|Knowledge analysis / Technological / Reliance on spurious features|Model operation / Technological / Sensor artifacts|Model operation / Technological / Concept drift|Model Training / Technological / Confidence miscalibration|Model Training / Technological / Overfitting
P3,14,18200056,True,0.03215393630797028,,,Model operation / Technological / Cascading error propagation|Model operation / Human / Loss of situational awareness|Model operation / Technological / Concept drift,Model operation / Technological / Cascading error propagation|Model operation / Human / Loss of situational awareness|Model operation / Technological / Concept drift|Model operation / Technological / Sensor artifacts|Knowledge analysis / Technological / Incorrect spatial-geometric interpretation,Model operation / Technological / Cascading error propagation|Model operation / Human / Loss of situational awareness|Model operation / Technological / Concept drift|Model operation / Technological / Sensor artifacts|Knowledge analysis / Technological / Incorrect spatial-geometric interpretation|Knowledge analysis / Technological / Reliance on spurious features|Model Training / Human / Domain shift|Model Training / Human / Incomplete validation criteria|Model Training / Technological / Overfitting|Knowledge analysis / Human / Annotation errors
P3,15,18200057,True,0.0462254964473906,,,Model operation / Technological / Cascading error propagation|Model operation / Human / Loss of situational awareness|Model operation / Technological / Concept drift,Model operation / Technological / Cascading error propagation|Model operation / Human / Loss of situational awareness|Model operation / Technological / Concept drift|Knowledge analysis / Technological / Incorrect spatial-geometric interpretation|Knowledge analysis / Technological / Reliance on spurious features,Model operation / Technological / Cascading error propagation|Model operation / Human / Loss of situational awareness|Model operation / Technological / Concept drift|Knowledge analysis / Technological / Incorrect spatial-geometric interpretation|Knowledge analysis / Technological / Reliance on spurious features|Knowledge analysis / Human / Lack of uncertainty estimation|Model Training / Human / Domain shift|Model Training / Human / Incomplete validation criteria|Model operation / Technological / Sensor artifacts|Knowledge analysis / Human / Annotation errors
P3,16,18200058,True,0.03372082159876339,,,Model operation / Technological / Cascading error propagation|Model operation / Human / Loss of situational awareness|Model operation / Technological / Sensor artifacts,Model operation / Technological / Cascading error propagation|Model operation / Human / Loss of situational awareness|Model operation / Technological / Sensor artifacts|Model operation / Technological / Concept drift|Model Training / Human / Domain shift,Model operation / Technological / Cascading error propagation|Model operation / Human / Loss of situational awareness|Model operation / Technological / Sensor artifacts|Model operation / Technological / Concept drift|Model Training / Human / Domain shift|Model Training / Human / Incomplete validation criteria|Knowledge analysis / Technological / Incorrect spatial-geometric interpretation|Knowledge analysis / Technological / Reliance on spurious features|Model Training / Technological / Confabulations|Model Training / Technological / Overfitting
P3,17,18200059,True,0.05446036056499379,,,Model operation / Technological / Cascading error propagation|Model operation / Human / Loss of situational awareness|Model operation / Technological / Sensor artifacts,Model operation / Technological / Cascading error propagation|Model operation / Human / Loss of situational awareness|Model operation / Technological / Sensor artifacts|Model operation / Technological / Concept drift|Knowledge analysis / Technological / Incorrect spatial-geometric interpretation,Model operation / Technological / Cascading error propagation|Model operation / Human / Loss of situational awareness|Model operation / Technological / Sensor artifacts|Model operation / Technological / Concept drift|Knowledge analysis / Technological / Incorrect spatial-geometric interpretation|Knowledge analysis / Technological / Reliance on spurious features|Model Training / Human / Domain shift|Model Training / Human / Incomplete validation criteria|Knowledge analysis / Human / Annotation errors|Knowledge analysis / Human / Inappropriate model architecture
P3,18,18200060,True,0.06574795127555925,,,Model operation / Technological / Cascading error propagation|Model operation / Human / Loss of situational awareness|Model operation / Technological / Concept drift,Model operation / Technological / Cascading error propagation|Model operation / Human / Loss of situational awareness|Model operation / Technological / Concept drift|Model operation / Technological / Sensor artifacts|Knowledge analysis / Technological / Incorrect spatial-geometric interpretation,Model operation / Technological / Cascading error propagation|Model operation / Human / Loss of situational awareness|Model operation / Technological / Concept drift|Model operation / Technological / Sensor artifacts|Knowledge analysis / Technological / Incorrect spatial-geometric interpretation|Knowledge analysis / Technological / Reliance on spurious features|Model Training / Human / Domain shift|Model Training / Human / Incomplete validation criteria|Model Training / Technological / Confidence miscalibration|Knowledge analysis / Human / Annotation errors
P3,19,18200061,True,0.033832623219539164,,,Model operation / Technological / Cascading error propagation|Model operation / Human / Loss of situational awareness|Model operation / Technological / Sensor artifacts,Model operation / Technological / Cascading error propagation|Model operation / Human / Loss of situational awareness|Model operation / Technological / Sensor artifacts|Model operation / Technological / Concept drift|Knowledge analysis / Technological / Incorrect spatial-geometric interpretation,Model operation / Technological / Cascading error propagation|Model operation / Human / Loss of situational awareness|Model operation / Technological / Sensor artifacts|Model operation / Technological / Concept drift|Knowledge analysis / Technological / Incorrect spatial-geometric interpretation|Knowledge analysis / Technological / Reliance on spurious features|Model Training / Technological / Confabulations|Model Training / Technological / Confidence miscalibration|Model Training / Technological / Overfitting|Model Training / Human / Domain shift
P3,20,18200062,True,0.05239055773032161,,,Model operation / Technological / Cascading error propagation|Knowledge analysis / Technological / Incorrect spatial-geometric interpretation|Model operation / Human / Loss of situational awareness,Model operation / Technological / Cascading error propagation|Knowledge analysis / Technological / Incorrect spatial-geometric interpretation|Model operation / Human / Loss of situational awareness|Model operation / Technological / Sensor artifacts|Model operation / Technological / Concept drift,Model operation / Technological / Cascading error propagation|Knowledge analysis / Technological / Incorrect spatial-geometric interpretation|Model operation / Human / Loss of situational awareness|Model operation / Technological / Sensor artifacts|Model operation / Technological / Concept drift|Model Training / Human / Domain shift|Model Training / Human / Incomplete validation criteria|Model Training / Technological / Overfitting|Knowledge analysis / Human / Annotation errors|Knowledge analysis / Human / Lack of uncertainty estimation
P3,21,18200063,True,0.056222678385819874,,,Model operation / Technological / Cascading error propagation|Model operation / Human / Loss of situational awareness|Model operation / Technological / Sensor artifacts,Model operation / Technological / Cascading error propagation|Model operation / Human / Loss of situational awareness|Model operation / Technological / Sensor artifacts|Model Training / Human / Domain shift|Model Training / Human / Incomplete validation criteria,Model operation / Technological / Cascading error propagation|Model operation / Human / Loss of situational awareness|Model operation / Technological / Sensor artifacts|Model Training / Human / Domain shift|Model Training / Human / Incomplete validation criteria|Model operation / Technological / Concept drift|Knowledge analysis / Technological / Incorrect spatial-geometric interpretation|Knowledge analysis / Technological / Reliance on spurious features|Model Training / Technological / Confabulations|Model Training / Technological / Overfitting
P3,22,18200064,True,0.02966434031115048,,,Model operation / Technological / Cascading error propagation|Model operation / Human / Loss of situational awareness|Model operation / Technological / Sensor artifacts,Model operation / Technological / Cascading error propagation|Model operation / Human / Loss of situational awareness|Model operation / Technological / Sensor artifacts|Model operation / Technological / Concept drift|Knowledge analysis / Technological / Incorrect spatial-geometric interpretation,Model operation / Technological / Cascading error propagation|Model operation / Human / Loss of situational awareness|Model operation / Technological / Sensor artifacts|Model operation / Technological / Concept drift|Knowledge analysis / Technological / Incorrect spatial-geometric interpretation|Knowledge analysis / Technological / Reliance on spurious features|Model Training / Human / Domain shift|Model Training / Human / Incomplete validation criteria|Knowledge analysis / Human / Annotation errors|Knowledge analysis / Human / Lack of uncertainty estimation
P3,23,18200065,True,0.029056748031294828,,,Model operation / Technological / Cascading error propagation|Model Training / Human / Domain shift|Model Training / Human / Incomplete validation criteria,Model operation / Technological / Cascading error propagation|Model Training / Human / Domain shift|Model Training / Human / Incomplete validation criteria|Model operation / Human / Loss of situational awareness|Model operation / Technological / Concept drift,Model operation / Technological / Cascading error propagation|Model Training / Human / Domain shift|Model Training / Human / Incomplete validation criteria|Model operation / Human / Loss of situational awareness|Model operation / Technological / Concept drift|Model operation / Technological / Sensor artifacts|Knowledge analysis / Technological / Incorrect spatial-geometric interpretation|Knowledge analysis / Technological / Reliance on spurious features|Knowledge analysis / Human / Annotation errors|Knowledge analysis / Human / Lack of uncertainty estimation
P3,24,18200066,True,0.07265812556275075,,,Model operation / Technological / Cascading error propagation|Model operation / Human / Loss of situational awareness|Model operation / Technological / Sensor artifacts,Model operation / Technological / Cascading error propagation|Model operation / Human / Loss of situational awareness|Model operation / Technological / Sensor artifacts|Model operation / Technological / Concept drift|Knowledge analysis / Technological / Incorrect spatial-geometric interpretation,Model operation / Technological / Cascading error propagation|Model operation / Human / Loss of situational awareness|Model operation / Technological / Sensor artifacts|Model operation / Technological / Concept drift|Knowledge analysis / Technological / Incorrect spatial-geometric interpretation|Knowledge analysis / Technological / Reliance on spurious features|Model Training / Human / Domain shift|Model Training / Human / Incomplete validation criteria|Knowledge analysis / Human / Annotation errors|Knowledge analysis / Human / Lack of uncertainty estimation
P3,25,18200067,False,0.11690590056727948,Knowledge analysis / Human,,Model operation / Technological / Cascading error propagation|Model operation / Technological / Sensor artifacts|Model operation / Technological / Concept drift,Model operation / Technological / Cascading error propagation|Model operation / Technological / Sensor artifacts|Model operation / Technological / Concept drift|Model operation / Human / Loss of situational awareness|Knowledge analysis / Technological / Incorrect spatial-geometric interpretation,Model operation / Technological / Cascading error propagation|Model operation / Technological / Sensor artifacts|Model operation / Technological / Concept drift|Model operation / Human / Loss of situational awareness|Knowledge analysis / Technological / Incorrect spatial-geometric interpretation|Knowledge analysis / Technological / Reliance on spurious features|Knowledge analysis / Human / Annotation errors|Model Training / Human / Domain shift|Model Training / Human / Incomplete validation criteria|Knowledge analysis / Human / Lack of uncertainty estimation
P3,26,18200068,True,0.04357471460100805,,,Model operation / Technological / Cascading error propagation|Model operation / Human / Loss of situational awareness|Model operation / Technological / Concept drift,Model operation / Technological / Cascading error propagation|Model operation / Human / Loss of situational awareness|Model operation / Technological / Concept drift|Model operation / Technological / Sensor artifacts|Model Training / Human / Domain shift,Model operation / Technological / Cascading error propagation|Model operation / Human / Loss of situational awareness|Model operation / Technological / Concept drift|Model operation / Technological / Sensor artifacts|Model Training / Human / Domain shift|Model Training / Human / Incomplete validation criteria|Model Training / Technological / Overfitting|Knowledge analysis / Technological / Incorrect spatial-geometric interpretation|Knowledge analysis / Technological / Reliance on spurious features|Model Training / Technological / Confidence miscalibration
P3,27,18200069,True,0.03215393630797094,,,Model operation / Technological / Cascading error propagation|Model operation / Human / Loss of situational awareness|Model Training / Human / Domain shift,Model operation / Technological / Cascading error propagation|Model operation / Human / Loss of situational awareness|Model Training / Human / Domain shift|Model operation / Technological / Concept drift|Model operation / Technological / Sensor artifacts,Model operation / Technological / Cascading error propagation|Model operation / Human / Loss of situational awareness|Model Training / Human / Domain shift|Model operation / Technological / Concept drift|Model operation / Technological / Sensor artifacts|Knowledge analysis / Technological / Incorrect spatial-geometric interpretation|Knowledge analysis / Technological / Reliance on spurious features|Model Training / Human / Incomplete validation criteria|Model Training / Technological / Confabulations|Model Training / Technological / Overfitting
P3,28,18200070,True,0.032326433531756904,,,Model operation / Technological / Cascading error propagation|Model operation / Human / Loss of situational awareness|Model operation / Technological / Concept drift,Model operation / Technological / Cascading error propagation|Model operation / Human / Loss of situational awareness|Model operation / Technological / Concept drift|Knowledge analysis / Technological / Reliance on spurious features|Model operation / Technological / Sensor artifacts,Model operation / Technological / Cascading error propagation|Model operation / Human / Loss of situational awareness|Model operation / Technological / Concept drift|Knowledge analysis / Technological / Reliance on spurious features|Model operation / Technological / Sensor artifacts|Model Training / Human / Domain shift|Model Training / Human / Incomplete validation criteria|Model Training / Technological / Confidence miscalibration|Model Training / Technological / Confabulations|Knowledge analysis / Human / Annotation errors
P3,29,18200071,True,0.0462254964473906,,,Model operation / Technological / Cascading error propagation|Model operation / Human / Loss of situational awareness|Model operation / Technological / Concept drift,Model operation / Technological / Cascading error propagation|Model operation / Human / Loss of situational awareness|Model operation / Technological / Concept drift|Model operation / Technological / Sensor artifacts|Knowledge analysis / Technological / Incorrect spatial-geometric interpretation,Model operation / Technological / Cascading error propagation|Model operation / Human / Loss of situational awareness|Model operation / Technological / Concept drift|Model operation / Technological / Sensor artifacts|Knowledge analysis / Technological / Incorrect spatial-geometric interpretation|Knowledge analysis / Technological / Reliance on spurious features|Knowledge analysis / Human / Annotation errors|Model Training / Human / Domain shift|Model Training / Human / Incomplete validation criteria|Knowledge analysis / Human / Lack of uncertainty estimation
P3,30,18200072,True,0.06552683453096338,,,Model operation / Technological / Cascading error propagation|Model operation / Human / Loss of situational awareness|Model operation / Technological / Concept drift,Model operation / Technological / Cascading error propagation|Model operation / Human / Loss of situational awareness|Model operation / Technological / Concept drift|Model operation / Technological / Sensor artifacts|Model Training / Human / Domain shift,Model operation / Technological / Cascading error propagation|Model operation / Human / Loss of situational awareness|Model operation / Technological / Concept drift|Model operation / Technological / Sensor artifacts|Model Training / Human / Domain shift|Model Training / Human / Incomplete validation criteria|Knowledge analysis / Technological / Incorrect spatial-geometric interpretation|Knowledge analysis / Technological / Reliance on spurious features|Model Training / Technological / Overfitting|Knowledge analysis / Human / Lack of uncertainty estimation
P3,31,18200073,True,0.059248853926809154,,,Model operation / Technological / Cascading error propagation|Knowledge analysis / Technological / Incorrect spatial-geometric interpretation|Knowledge analysis / Technological / Reliance on spurious features,Model operation / Technological / Cascading error propagation|Knowledge analysis / Technological / Incorrect spatial-geometric interpretation|Knowledge analysis / Technological / Reliance on spurious features|Model operation / Human / Loss of situational awareness|Model Training / Human / Domain shift,Model operation / Technological / Cascading error propagation|Knowledge analysis / Technological / Incorrect spatial-geometric interpretation|Knowledge analysis / Technological / Reliance on spurious features|Model operation / Human / Loss of situational awareness|Model Training / Human / Domain shift|Model Training / Human / Incomplete validation criteria|Model operation / Technological / Sensor artifacts|Model operation / Technological / Concept drift|Knowledge analysis / Human / Annotation errors|Knowledge analysis / Human / Lack of uncertainty estimation
P3,32,18200074,True,0.0462254964473906,,,Model operation / Technological / Cascading error propagation|Model operation / Human / Loss of situational awareness|Model operation / Technological / Concept drift,Model operation / Technological / Cascading error propagation|Model operation / Human / Loss of situational awareness|Model operation / Technological / Concept drift|Model operation / Technological / Sensor artifacts|Knowledge analysis / Technological / Incorrect spatial-geometric interpretation,Model operation / Technological / Cascading error propagation|Model operation / Human / Loss of situational awareness|Model operation / Technological / Concept drift|Model operation / Technological / Sensor artifacts|Knowledge analysis / Technological / Incorrect spatial-geometric interpretation|Knowledge analysis / Technological / Reliance on spurious features|Model Training / Human / Domain shift|Model Training / Human / Incomplete validation criteria|Knowledge analysis / Human / Annotation errors|Model Training / Technological / Confabulations
P3,33,18200075,True,0.02103250455854606,,,Model operation / Technological / Cascading error propagation|Model operation / Human / Loss of situational awareness|Model operation / Technological / Sensor artifacts,Model operation / Technological / Cascading error propagation|Model operation / Human / Loss of situational awareness|Model operation / Technological / Sensor artifacts|Knowledge analysis / Technological / Incorrect spatial-geometric interpretation|Knowledge analysis / Technological / Reliance on spurious features,Model operation / Technological / Cascading error propagation|Model operation / Human / Loss of situational awareness|Model operation / Technological / Sensor artifacts|Knowledge analysis / Technological / Incorrect spatial-geometric interpretation|Knowledge analysis / Technological / Reliance on spurious features|Model operation / Technological / Concept drift|Model Training / Human / Domain shift|Model Training / Human / Incomplete validation criteria|Knowledge analysis / Human / Annotation errors|Knowledge analysis / Human / Lack of uncertainty estimation
P3,34,18200076,True,0.03217455632459943,,,Model operation / Technological / Cascading error propagation|Model operation / Human / Loss of situational awareness|Knowledge analysis / Technological / Incorrect spatial-geometric interpretation,Model operation / Technological / Cascading error propagation|Model operation / Human / Loss of situational awareness|Knowledge analysis / Technological / Incorrect spatial-geometric interpretation|Knowledge analysis / Technological / Reliance on spurious features|Model operation / Technological / Sensor artifacts,Model operation / Technological / Cascading error propagation|Model operation / Human / Loss of situational awareness|Knowledge analysis / Technological / Incorrect spatial-geometric interpretation|Knowledge analysis / Technological / Reliance on spurious features|Model operation / Technological / Sensor artifacts|Model operation / Technological / Concept drift|Model Training / Human / Domain shift|Model Training / Human / Incomplete validation criteria|Knowledge analysis / Human / Annotation errors|Knowledge analysis / Human / Lack of uncertainty estimation
P3,35,18200077,True,0.046225496447391365,,,Model operation / Technological / Cascading error propagation|Model operation / Human / Loss of situational awareness|Knowledge analysis / Technological / Incorrect spatial-geometric interpretation,Model operation / Technological / Cascading error propagation|Model operation / Human / Loss of situational awareness|Knowledge analysis / Technological / Incorrect spatial-geometric interpretation|Knowledge analysis / Technological / Reliance on spurious features|Model Training / Human / Domain shift,Model operation / Technological / Cascading error propagation|Model operation / Human / Loss of situational awareness|Knowledge analysis / Technological / Incorrect spatial-geometric interpretation|Knowledge analysis / Technological / Reliance on spurious features|Model Training / Human / Domain shift|Model Training / Human / Incomplete validation criteria|Model operation / Technological / Sensor artifacts|Model operation / Technological / Concept drift|Knowledge analysis / Human / Annotation errors|Knowledge analysis / Human / Inappropriate model architecture
P3,36,18200078,False,0.14747507204686922,Model operation / Technological,,Model operation / Technological / Cascading error propagation|Model operation / Technological / Sensor artifacts|Model operation / Human / Loss of situational awareness,Model operation / Technological / Cascading error propagation|Model operation / Technological / Sensor artifacts|Model operation / Human / Loss of situational awareness|Model Training / Human / Incomplete validation criteria|Knowledge analysis / Technological / Incorrect spatial-geometric interpretation,Model operation / Technological / Cascading error propagation|Model operation / Technological / Sensor artifacts|Model operation / Human / Loss of situational awareness|Model Training / Human / Incomplete validation criteria|Knowledge analysis / Technological / Incorrect spatial-geometric interpretation|Knowledge analysis / Technological / Reliance on spurious features|Model operation / Technological / Concept drift|Knowledge analysis / Human / Annotation errors|Knowledge analysis / Human / Lack of uncertainty estimation|Knowledge analysis / Human / Inappropriate model architecture
P3,37,18200079,True,0.020823708961519718,,,Model operation / Technological / Cascading error propagation|Model operation / Human / Loss of situational awareness|Model Training / Human / Domain shift,Model operation / Technological / Cascading error propagation|Model operation / Human / Loss of situational awareness|Model Training / Human / Domain shift|Model Training / Human / Incomplete validation criteria|Model operation / Technological / Sensor artifacts,Model operation / Technological / Cascading error propagation|Model operation / Human / Loss of situational awareness|Model Training / Human / Domain shift|Model Training / Human / Incomplete validation criteria|Model operation / Technological / Sensor artifacts|Model operation / Technological / Concept drift|Knowledge analysis / Technological / Incorrect spatial-geometric interpretation|Knowledge analysis / Technological / Reliance on spurious features|Model Training / Technological / Confabulations|Knowledge analysis / Human / Annotation errors
P3,38,18200080,True,0.02103250455854606,,,Model operation / Technological / Cascading error propagation|Model operation / Human / Loss of situational awareness|Model operation / Technological / Concept drift,Model operation / Technological / Cascading error propagation|Model operation / Human / Loss of situational awareness|Model operation / Technological / Concept drift|Model operation / Technological / Sensor artifacts|Knowledge analysis / Technological / Incorrect spatial-geometric interpretation,Model operation / Technological / Cascading error propagation|Model operation / Human / Loss of situational awareness|Model operation / Technological / Concept drift|Model operation / Technological / Sensor artifacts|Knowledge analysis / Technological / Incorrect spatial-geometric interpretation|Knowledge analysis / Technological / Reliance on spurious features|Model Training / Technological / Overfitting|Model Training / Technological / Confabulations|Model Training / Technological / Confidence miscalibration|Knowledge analysis / Human / Annotation errors
P3,39,18200081,True,0.026300954629481725,,,Model operation / Technological / Cascading error propagation|Model operation / Technological / Concept drift|Model operation / Human / Loss of situational awareness,Model operation / Technological / Cascading error propagation|Model operation / Technological / Concept drift|Model operation / Human / Loss of situational awareness|Model Training / Technological / Confidence miscalibration|Model operation / Technological / Sensor artifacts,Model operation / Technological / Cascading error propagation|Model operation / Technological / Concept drift|Model operation / Human / Loss of situational awareness|Model Training / Technological / Confidence miscalibration|Model operation / Technological / Sensor artifacts|Model Training / Technological / Confabulations|Knowledge analysis / Technological / Incorrect spatial-geometric interpretation|Knowledge analysis / Technological / Reliance on spurious features|Model Training / Technological / Overfitting|Model Training / Human / Domain shift
P3,40,18200082,True,0.021347310078498636,,,Model operation / Technological / Cascading error propagation|Model operation / Human / Loss of situational awareness|Knowledge analysis / Technological / Incorrect spatial-geometric interpretation,Model operation / Technological / Cascading error propagation|Model operation / Human / Loss of situational awareness|Knowledge analysis / Technological / Incorrect spatial-geometric interpretation|Knowledge analysis / Technological / Reliance on spurious features|Model operation / Technological / Sensor artifacts,Model operation / Technological / Cascading error propagation|Model operation / Human / Loss of situational awareness|Knowledge analysis / Technological / Incorrect spatial-geometric interpretation|Knowledge analysis / Technological / Reliance on spurious features|Model operation / Technological / Sensor artifacts|Model operation / Technological / Concept drift|Model Training / Human / Domain shift|Model Training / Human / Incomplete validation criteria|Knowledge analysis / Human / Annotation errors|Knowledge analysis / Human / Lack of uncertainty estimation
P3,41,18200083,True,0.04327633649880256,,,Model operation / Technological / Cascading error propagation|Model operation / Human / Loss of situational awareness|Model operation / Technological / Concept drift,Model operation / Technological / Cascading error propagation|Model operation / Human / Loss of situational awareness|Model operation / Technological / Concept drift|Knowledge analysis / Technological / Incorrect spatial-geometric interpretation|Model operation / Technological / Sensor artifacts,Model operation / Technological / Cascading error propagation|Model operation / Human / Loss of situational awareness|Model operation / Technological / Concept drift|Knowledge analysis / Technological / Incorrect spatial-geometric interpretation|Model operation / Technological / Sensor artifacts|Model Training / Human / Domain shift|Model Training / Human / Incomplete validation criteria|Model Training / Technological / Confabulations|Knowledge analysis / Technological / Reliance on spurious features|Knowledge analysis / Human / Annotation errors
P3,42,18200084,True,0.046225496447394814,,,Model operation / Technological / Cascading error propagation|Model operation / Human / Loss of situational awareness|Model operation / Technological / Sensor artifacts,Model operation / Technological / Cascading error propagation|Model operation / Human / Loss of situational awareness|Model operation / Technological / Sensor artifacts|Model operation / Technological / Concept drift|Model Training / Human / Domain shift,Model operation / Technological / Cascading error propagation|Model operation / Human / Loss of situational awareness|Model operation / Technological / Sensor artifacts|Model operation / Technological / Concept drift|Model Training / Human / Domain shift|Model Training / Human / Incomplete validation criteria|Knowledge analysis / Technological / Incorrect spatial-geometric interpretation|Knowledge analysis / Technological / Reliance on spurious features|Knowledge analysis / Human / Lack of uncertainty estimation|Knowledge analysis / Human / Inappropriate model architecture
P3,43,18200085,True,0.08614937744557338,,,Model operation / Technological / Cascading error propagation|Model operation / Human / Loss of situational awareness|Model operation / Technological / Sensor artifacts,Model operation / Technological / Cascading error propagation|Model operation / Human / Loss of situational awareness|Model operation / Technological / Sensor artifacts|Model Training / Human / Domain shift|Model Training / Human / Incomplete validation criteria,Model operation / Technological / Cascading error propagation|Model operation / Human / Loss of situational awareness|Model operation / Technological / Sensor artifacts|Model Training / Human / Domain shift|Model Training / Human / Incomplete validation criteria|Knowledge analysis / Technological / Incorrect spatial-geometric interpretation|Knowledge analysis / Technological / Reliance on spurious features|Model operation / Technological / Concept drift|Model Training / Technological / Confabulations|Model Training / Technological / Confidence miscalibration
P3,44,18200086,True,0.06587478878070384,,,Model operation / Technological / Cascading error propagation|Knowledge analysis / Technological / Reliance on spurious features|Model operation / Technological / Concept drift,Model operation / Technological / Cascading error propagation|Knowledge analysis / Technological / Reliance on spurious features|Model operation / Technological / Concept drift|Model operation / Human / Loss of situational awareness|Model Training / Human / Domain shift,Model operation / Technological / Cascading error propagation|Knowledge analysis / Technological / Reliance on spurious features|Model operation / Technological / Concept drift|Model operation / Human / Loss of situational awareness|Model Training / Human / Domain shift|Model Training / Human / Incomplete validation criteria|Model operation / Technological / Sensor artifacts|Knowledge analysis / Human / Annotation errors|Knowledge analysis / Human / Lack of uncertainty estimation|Knowledge analysis / Human / Inappropriate model architecture
P3,45,18200087,True,0.058250726898583745,,,Model operation / Technological / Cascading error propagation|Model operation / Human / Loss of situational awareness|Model operation / Technological / Concept drift,Model operation / Technological / Cascading error propagation|Model operation / Human / Loss of situational awareness|Model operation / Technological / Concept drift|Model operation / Technological / Sensor artifacts|Model Training / Human / Domain shift,Model operation / Technological / Cascading error propagation|Model operation / Human / Loss of situational awareness|Model operation / Technological / Concept drift|Model operation / Technological / Sensor artifacts|Model Training / Human / Domain shift|Knowledge analysis / Technological / Incorrect spatial-geometric interpretation|Knowledge analysis / Technological / Reliance on spurious features|Knowledge analysis / Human / Inappropriate model architecture|Knowledge analysis / Human / Lack of uncertainty estimation|Model Training / Human / Incomplete validation criteria
P3,46,18200088,True,0.036218605890239175,,,Model operation / Technological / Cascading error propagation|Model operation / Human / Loss of situational awareness|Model operation / Technological / Sensor artifacts,Model operation / Technological / Cascading error propagation|Model operation / Human / Loss of situational awareness|Model operation / Technological / Sensor artifacts|Knowledge analysis / Technological / Incorrect spatial-geometric interpretation|Model operation / Technological / Concept drift,Model operation / Technological / Cascading error propagation|Model operation / Human / Loss of situational awareness|Model operation / Technological / Sensor artifacts|Knowledge analysis / Technological / Incorrect spatial-geometric interpretation|Model operation / Technological / Concept drift|Model Training / Human / Domain shift|Model Training / Human / Incomplete validation criteria|Model Training / Technological / Overfitting|Model Training / Technological / Confidence miscalibration|Knowledge analysis / Technological / Reliance on spurious features
P3,47,18200089,True,0.0462254964473906,,,Model operation / Technological / Cascading error propagation|Model operation / Technological / Sensor artifacts|Model operation / Human / Loss of situational awareness,Model operation / Technological / Cascading error propagation|Model operation / Technological / Sensor artifacts|Model operation / Human / Loss of situational awareness|Knowledge analysis / Technological / Incorrect spatial-geometric interpretation|Knowledge analysis / Technological / Reliance on spurious features,Model operation / Technological / Cascading error propagation|Model operation / Technological / Sensor artifacts|Model operation / Human / Loss of situational awareness|Knowledge analysis / Technological / Incorrect spatial-geometric interpretation|Knowledge analysis / Technological / Reliance on spurious features|Model operation / Technological / Concept drift|Model Training / Human / Domain shift|Model Training / Human / Incomplete validation criteria|Knowledge analysis / Human / Annotation errors|Knowledge analysis / Human / Lack of uncertainty estimation
P3,48,18200090,True,0.04914757462901914,,,Model operation / Technological / Cascading error propagation|Model operation / Human / Loss of situational awareness|Knowledge analysis / Technological / Incorrect spatial-geometric interpretation,Model operation / Technological / Cascading error propagation|Model operation / Human / Loss of situational awareness|Knowledge analysis / Technological / Incorrect spatial-geometric interpretation|Knowledge analysis / Technological / Reliance on spurious features|Model operation / Technological / Sensor artifacts,Model operation / Technological / Cascading error propagation|Model operation / Human / Loss of situational awareness|Knowledge analysis / Technological / Incorrect spatial-geometric interpretation|Knowledge analysis / Technological / Reliance on spurious features|Model operation / Technological / Sensor artifacts|Model operation / Technological / Concept drift|Model Training / Human / Domain shift|Model Training / Human / Incomplete validation criteria|Knowledge analysis / Human / Annotation errors|Knowledge analysis / Human / Lack of uncertainty estimation
P3,49,18200091,True,0.05825072689858474,,,Model operation / Technological / Cascading error propagation|Knowledge analysis / Technological / Incorrect spatial-geometric interpretation|Model operation / Human / Loss of situational awareness,Model operation / Technological / Cascading error propagation|Knowledge analysis / Technological / Incorrect spatial-geometric interpretation|Model operation / Human / Loss of situational awareness|Model operation / Technological / Sensor artifacts|Model operation / Technological / Concept drift,Model operation / Technological / Cascading error propagation|Knowledge analysis / Technological / Incorrect spatial-geometric interpretation|Model operation / Human / Loss of situational awareness|Model operation / Technological / Sensor artifacts|Model operation / Technological / Concept drift|Model Training / Human / Domain shift|Model Training / Human / Incomplete validation criteria|Knowledge analysis / Technological / Reliance on spurious features|Model Training / Technological / Confabulations|Model Training / Technological / Overfitting
P3,50,18200092,True,0.08734980777782976,,,Model operation / Technological / Cascading error propagation|Model operation / Human / Loss of situational awareness|Model Training / Technological / Confidence miscalibration,Model operation / Technological / Cascading error propagation|Model operation / Human / Loss of situational awareness|Model Training / Technological / Confidence miscalibration|Model Training / Technological / Confabulations|Model Training / Technological / Overfitting,Model operation / Technological / Cascading error propagation|Model operation / Human / Loss of situational awareness|Model Training / Technological / Confidence miscalibration|Model Training / Technological / Confabulations|Model Training / Technological / Overfitting|Knowledge analysis / Human / Lack of uncertainty estimation|Model Training / Human / Domain shift|Model Training / Human / Incomplete validation criteria|Model operation / Technological / Concept drift|Model operation / Technological / Sensor artifacts
P3,51,18200093,True,0.0525364909858258,,,Model operation / Technological / Cascading error propagation|Model operation / Technological / Sensor artifacts|Model operation / Human / Loss of situational awareness,Model operation / Technological / Cascading error propagation|Model operation / Technological / Sensor artifacts|Model operation / Human / Loss of situational awareness|Model operation / Technological / Concept drift|Model Training / Human / Domain shift,Model operation / Technological / Cascading error propagation|Model operation / Technological / Sensor artifacts|Model operation / Human / Loss of situational awareness|Model operation / Technological / Concept drift|Model Training / Human / Domain shift|Model Training / Human / Incomplete validation criteria|Knowledge analysis / Technological / Incorrect spatial-geometric interpretation|Knowledge analysis / Technological / Reliance on spurious features|Knowledge analysis / Human / Annotation errors|Model Training / Technological / Confabulations
P3,52,18200094,True,0.02382260049065622,,,Model operation / Technological / Cascading error propagation|Model operation / Human / Loss of situational awareness|Knowledge analysis / Technological / Incorrect spatial-geometric interpretation,Model operation / Technological / Cascading error propagation|Model operation / Human / Loss of situational awareness|Knowledge analysis / Technological / Incorrect spatial-geometric interpretation|Knowledge analysis / Technological / Reliance on spurious features|Model operation / Technological / Concept drift,Model operation / Technological / Cascading error propagation|Model operation / Human / Loss of situational awareness|Knowledge analysis / Technological / Incorrect spatial-geometric interpretation|Knowledge analysis / Technological / Reliance on spurious features|Model operation / Technological / Concept drift|Model operation / Technological / Sensor artifacts|Model Training / Human / Domain shift|Model Training / Human / Incomplete validation criteria|Model Training / Technological / Confabulations|Model Training / Technological / Confidence miscalibration
P3,53,18200095,True,0.08614937744557338,,,Model operation / Technological / Cascading error propagation|Model operation / Human / Loss of situational awareness|Model operation / Technological / Sensor artifacts,Model operation / Technological / Cascading error propagation|Model operation / Human / Loss of situational awareness|Model operation / Technological / Sensor artifacts|Model operation / Technological / Concept drift|Knowledge analysis / Technological / Incorrect spatial-geometric interpretation,Model operation / Technological / Cascading error propagation|Model operation / Human / Loss of situational awareness|Model operation / Technological / Sensor artifacts|Model operation / Technological / Concept drift|Knowledge analysis / Technological / Incorrect spatial-geometric interpretation|Knowledge analysis / Technological / Reliance on spurious features|Model Training / Human / Domain shift|Model Training / Human / Incomplete validation criteria|Knowledge analysis / Human / Annotation errors|Knowledge analysis / Human / Lack of uncertainty estimation
P3,54,18200096,True,0.05924885392681047,,,Model operation / Technological / Cascading error propagation|Model operation / Technological / Sensor artifacts|Model operation / Human / Loss of situational awareness,Model operation / Technological / Cascading error propagation|Model operation / Technological / Sensor artifacts|Model operation / Human / Loss of situational awareness|Model operation / Technological / Concept drift|Knowledge analysis / Technological / Incorrect spatial-geometric interpretation,Model operation / Technological / Cascading error propagation|Model operation / Technological / Sensor artifacts|Model operation / Human / Loss of situational awareness|Model operation / Technological / Concept drift|Knowledge analysis / Technological / Incorrect spatial-geometric interpretation|Knowledge analysis / Technological / Reliance on spurious features|Model Training / Technological / Overfitting|Model Training / Technological / Confidence miscalibration|Model Training / Technological / Confabulations|Model Training / Human / Domain shift
P3,55,18200097,True,0.046225496447391365,,,Model operation / Technological / Cascading error propagation|Model operation / Human / Loss of situational awareness|Model Training / Human / Domain shift,Model operation / Technological / Cascading error propagation|Model operation / Human / Loss of situational awareness|Model Training / Human / Domain shift|Model operation / Technological / Sensor artifacts|Model operation / Technological / Concept drift,Model operation / Technological / Cascading error propagation|Model operation / Human / Loss of situational awareness|Model Training / Human / Domain shift|Model operation / Technological / Sensor artifacts|Model operation / Technological / Concept drift|Knowledge analysis / Technological / Incorrect spatial-geometric interpretation|Knowledge analysis / Technological / Reliance on spurious features|Knowledge analysis / Human / Annotation errors|Knowledge analysis / Human / Inappropriate model architecture|Model Training / Technological / Overfitting
P3,56,18200098,False,0.14367816091954164,Model operation / Technological,,Model operation / Technological / Cascading error propagation|Model operation / Technological / Sensor artifacts|Model operation / Human / Loss of situational awareness,Model operation / Technological / Cascading error propagation|Model operation / Technological / Sensor artifacts|Model operation / Human / Loss of situational awareness|Knowledge analysis / Technological / Incorrect spatial-geometric interpretation|Knowledge analysis / Technological / Reliance on spurious features,Model operation / Technological / Cascading error propagation|Model operation / Technological / Sensor artifacts|Model operation / Human / Loss of situational awareness|Knowledge analysis / Technological / Incorrect spatial-geometric interpretation|Knowledge analysis / Technological / Reliance on spurious features|Model Training / Human / Domain shift|Model Training / Human / Incomplete validation criteria|Model operation / Technological / Concept drift|Knowledge analysis / Human / Annotation errors|Knowledge analysis / Human / Lack of uncertainty estimation
P3,57,18200099,True,0.06269815009620423,,,Model operation / Technological / Cascading error propagation|Model operation / Human / Loss of situational awareness|Model operation / Technological / Concept drift,Model operation / Technological / Cascading error propagation|Model operation / Human / Loss of situational awareness|Model operation / Technological / Concept drift|Model operation / Technological / Sensor artifacts|Knowledge analysis / Technological / Incorrect spatial-geometric interpretation,Model operation / Technological / Cascading error propagation|Model operation / Human / Loss of situational awareness|Model operation / Technological / Concept drift|Model operation / Technological / Sensor artifacts|Knowledge analysis / Technological / Incorrect spatial-geometric interpretation|Knowledge analysis / Technological / Reliance on spurious features|Model Training / Human / Domain shift|Model Training / Human / Incomplete validation criteria|Knowledge analysis / Human / Annotation errors|Knowledge analysis / Human / Lack of uncertainty estimation
P3,58,18200100,False,0.14568920641067862,,,Model operation / Technological / Cascading error propagation|Model operation / Human / Loss of situational awareness|Model Training / Human / Domain shift,Model operation / Technological / Cascading error propagation|Model operation / Human / Loss of situational awareness|Model Training / Human / Domain shift|Model Training / Human / Incomplete validation criteria|Model operation / Technological / Concept drift,Model operation / Technological / Cascading error propagation|Model operation / Human / Loss of situational awareness|Model Training / Human / Domain shift|Model Training / Human / Incomplete validation criteria|Model operation / Technological / Concept drift|Model operation / Technological / Sensor artifacts|Model Training / Technological / Confidence miscalibration|Knowledge analysis / Technological / Incorrect spatial-geometric interpretation|Knowledge analysis / Technological / Reliance on spurious features|Model Training / Technological / Confabulations
P3,59,18200101,True,0.07321336974317094,,,Model operation / Technological / Cascading error propagation|Model operation / Human / Loss of situational awareness|Model operation / Technological / Sensor artifacts,Model operation / Technological / Cascading error propagation|Model operation / Human / Loss of situational awareness|Model operation / Technological / Sensor artifacts|Model operation / Technological / Concept drift|Model Training / Human / Domain shift,Model operation / Technological / Cascading error propagation|Model operation / Human / Loss of situational awareness|Model operation / Technological / Sensor artifacts|Model operation / Technological / Concept drift|Model Training / Human / Domain shift|Model Training / Human / Incomplete validation criteria|Knowledge analysis / Technological / Incorrect spatial-geometric interpretation|Knowledge analysis / Technological / Reliance on spurious features|Model Training / Technological / Confidence miscalibration|Model Training / Technological / Confabulations
P3,60,18200102,True,0.07273639284494217,,,Model operation / Technological / Cascading error propagation|Model operation / Human / Loss of situational awareness|Model operation / Technological / Concept drift,Model operation / Technological / Cascading error propagation|Model operation / Human / Loss of situational awareness|Model operation / Technological / Concept drift|Model Training / Human / Domain shift|Model Training / Human / Incomplete validation criteria,Model operation / Technological / Cascading error propagation|Model operation / Human / Loss of situational awareness|Model operation / Technological / Concept drift|Model Training / Human / Domain shift|Model Training / Human / Incomplete validation criteria|Model operation / Technological / Sensor artifacts|Knowledge analysis / Human / Annotation errors|Knowledge analysis / Human / Lack of uncertainty estimation|Knowledge analysis / Human / Inappropriate model architecture|Model Training / Technological / Confidence miscalibration
P3,61,18200103,True,0.04183828141916366,,,Model operation / Technological / Cascading error propagation|Model operation / Human / Loss of situational awareness|Model operation / Technological / Sensor artifacts,Model operation / Technological / Cascading error propagation|Model operation / Human / Loss of situational awareness|Model operation / Technological / Sensor artifacts|Model operation / Technological / Concept drift|Knowledge analysis / Technological / Incorrect spatial-geometric interpretation,Model operation / Technological / Cascading error propagation|Model operation / Human / Loss of situational awareness|Model operation / Technological / Sensor artifacts|Model operation / Technological / Concept drift|Knowledge analysis / Technological / Incorrect spatial-geometric interpretation|Knowledge analysis / Technological / Reliance on spurious features|Knowledge analysis / Human / Lack of uncertainty estimation|Knowledge analysis / Human / Inappropriate model architecture|Model Training / Technological / Confabulations|Model Training / Technological / Overfitting
P3,62,18200104,True,0.057103674534495164,,,Model operation / Technological / Cascading error propagation|Model operation / Human / Loss of situational awareness|Model operation / Technological / Sensor artifacts,Model operation / Technological / Cascading error propagation|Model operation / Human / Loss of situational awareness|Model operation / Technological / Sensor artifacts|Model operation / Technological / Concept drift|Knowledge analysis / Technological / Incorrect spatial-geometric interpretation,Model operation / Technological / Cascading error propagation|Model operation / Human / Loss of situational awareness|Model operation / Technological / Sensor artifacts|Model operation / Technological / Concept drift|Knowledge analysis / Technological / Incorrect spatial-geometric interpretation|Knowledge analysis / Technological / Reliance on spurious features|Model Training / Human / Domain shift|Model Training / Human / Incomplete validation criteria|Knowledge analysis / Human / Annotation errors|Knowledge analysis / Human / Lack of uncertainty estimation
P3,63,18200105,True,0.036218605890239175,,,Model operation / Technological / Cascading error propagation|Model operation / Human / Loss of situational awareness|Model operation / Technological / Concept drift,Model operation / Technological / Cascading error propagation|Model operation / Human / Loss of situational awareness|Model operation / Technological / Concept drift|Model operation / Technological / Sensor artifacts|Model Training / Human / Domain shift,Model operation / Technological / Cascading error propagation|Model operation / Human / Loss of situational awareness|Model operation / Technological / Concept drift|Model operation / Technological / Sensor artifacts|Model Training / Human / Domain shift|Model Training / Human / Incomplete validation criteria|Knowledge analysis / Technological / Incorrect spatial-geometric interpretation|Knowledge analysis / Technological / Reliance on spurious features|Model Training / Technological / Confabulations|Model Training / Technological / Confidence miscalibration
P3,64,18200106,True,0.03621860589024049,,,Model operation / Technological / Cascading error propagation|Knowledge analysis / Technological / Reliance on spurious features|Model operation / Human / Loss of situational awareness,Model operation / Technological / Cascading error propagation|Knowledge analysis / Technological / Reliance on spurious features|Model operation / Human / Loss of situational awareness|Model operation / Technological / Sensor artifacts|Model operation / Technological / Concept drift,Model operation / Technological / Cascading error propagation|Knowledge analysis / Technological / Reliance on spurious features|Model operation / Human / Loss of situational awareness|Model operation / Technological / Sensor artifacts|Model operation / Technological / Concept drift|Model Training / Human / Domain shift|Model Training / Human / Incomplete validation criteria|Knowledge analysis / Human / Annotation errors|Knowledge analysis / Human / Lack of uncertainty estimation|Knowledge analysis / Human / Inappropriate model architecture
P3,65,18200107,True,0.019267925828714283,,,Model operation / Technological / Cascading error propagation|Model operation / Human / Loss of situational awareness|Knowledge analysis / Technological / Incorrect spatial-geometric interpretation,Model operation / Technological / Cascading error propagation|Model operation / Human / Loss of situational awareness|Knowledge analysis / Technological / Incorrect spatial-geometric interpretation|Knowledge analysis / Technological / Reliance on spurious features|Model Training / Human / Domain shift,Model operation / Technological / Cascading error propagation|Model operation / Human / Loss of situational awareness|Knowledge analysis / Technological / Incorrect spatial-geometric interpretation|Knowledge analysis / Technological / Reliance on spurious features|Model Training / Human / Domain shift|Model Training / Human / Incomplete validation criteria|Model operation / Technological / Concept drift|Model operation / Technological / Sensor artifacts|Model Training / Technological / Confidence miscalibration|Knowledge analysis / Human / Annotation errors
P3,66,18200108,True,0.03563457833202083,,,Model operation / Technological / Cascading error propagation|Model operation / Human / Loss of situational awareness|Model operation / Technological / Sensor artifacts,Model operation / Technological / Cascading error propagation|Model operation / Human / Loss of situational awareness|Model operation / Technological / Sensor artifacts|Model operation / Technological / Concept drift|Model Training / Human / Domain shift,Model operation / Technological / Cascading error propagation|Model operation / Human / Loss of situational awareness|Model operation / Technological / Sensor artifacts|Model operation / Technological / Concept drift|Model Training / Human / Domain shift|Model Training / Human / Incomplete validation criteria|Knowledge analysis / Technological / Incorrect spatial-geometric interpretation|Knowledge analysis / Technological / Reliance on spurious features|Model Training / Technological / Confidence miscalibration|Knowledge analysis / Human / Annotation errors
P3,67,18200109,True,0.013084271718165737,,,Model operation / Technological / Cascading error propagation|Model operation / Human / Loss of situational awareness|Model operation / Technological / Concept drift,Model operation / Technological / Cascading error propagation|Model operation / Human / Loss of situational awareness|Model operation / Technological / Concept drift|Model operation / Technological / Sensor artifacts|Model Training / Human / Domain shift,Model operation / Technological / Cascading error propagation|Model operation / Human / Loss of situational awareness|Model operation / Technological / Concept drift|Model operation / Technological / Sensor artifacts|Model Training / Human / Domain shift|Model Training / Human / Incomplete validation criteria|Knowledge analysis / Technological / Incorrect spatial-geometric interpretation|Knowledge analysis / Technological / Reliance on spurious features|Model Training / Technological / Confidence miscalibration|Model Training / Technological / Overfitting
P3,68,18200110,True,0.08902559625203654,,,Model operation / Technological / Cascading error propagation|Model operation / Human / Loss of situational awareness|Model operation / Technological / Sensor artifacts,Model operation / Technological / Cascading error propagation|Model operation / Human / Loss of situational awareness|Model operation / Technological / Sensor artifacts|Model operation / Technological / Concept drift|Model Training / Human / Domain shift,Model operation / Technological / Cascading error propagation|Model operation / Human / Loss of situational awareness|Model operation / Technological / Sensor artifacts|Model operation / Technological / Concept drift|Model Training / Human / Domain shift|Model Training / Human / Incomplete validation criteria|Knowledge analysis / Technological / Incorrect spatial-geometric interpretation|Knowledge analysis / Technological / Reliance on spurious features|Model Training / Technological / Overfitting|Knowledge analysis / Human / Lack of uncertainty estimation
P3,69,18200111,True,0.03215393630797094,,,Model operation / Technological / Cascading error propagation|Model operation / Human / Loss of situational awareness|Model operation / Technological / Sensor artifacts,Model operation / Technological / Cascading error propagation|Model operation / Human / Loss of situational awareness|Model operation / Technological / Sensor artifacts|Model operation / Technological / Concept drift|Model Training / Human / Domain shift,Model operation / Technological / Cascading error propagation|Model operation / Human / Loss of situational awareness|Model operation / Technological / Sensor artifacts|Model operation / Technological / Concept drift|Model Training / Human / Domain shift|Model Training / Human / Incomplete validation criteria|Knowledge analysis / Technological / Incorrect spatial-geometric interpretation|Knowledge analysis / Technological / Reliance on spurious features|Model Training / Technological / Confabulations|Model Training / Technological / Overfitting
P3,70,18200112,True,0.04915335631502593,,,Model operation / Technological / Cascading error propagation|Model operation / Human / Loss of situational awareness|Model operation / Technological / Concept drift,Model operation / Technological / Cascading error propagation|Model operation / Human / Loss of situational awareness|Model operation / Technological / Concept drift|Knowledge analysis / Technological / Incorrect spatial-geometric interpretation|Model operation / Technological / Sensor artifacts,Model operation / Technological / Cascading error propagation|Model operation / Human / Loss of situational awareness|Model operation / Technological / Concept drift|Knowledge analysis / Technological / Incorrect spatial-geometric interpretation|Model operation / Technological / Sensor artifacts|Model Training / Human / Domain shift|Model Training / Human / Incomplete validation criteria|Model Training / Technological / Overfitting|Knowledge analysis / Human / Annotation errors|Knowledge analysis / Human / Lack of uncertainty estimation
P3,71,18200113,True,0.033720821598763065,,,Model operation / Technological / Cascading error propagation|Model operation / Human / Loss of situational awareness|Model operation / Technological / Concept drift,Model operation / Technological / Cascading error propagation|Model operation / Human / Loss of situational awareness|Model operation / Technological / Concept drift|Model operation / Technological / Sensor artifacts|Knowledge analysis / Technological / Incorrect spatial-geometric interpretation,Model operation / Technological / Cascading error propagation|Model operation / Human / Loss of situational awareness|Model operation / Technological / Concept drift|Model operation / Technological / Sensor artifacts|Knowledge analysis / Technological / Incorrect spatial-geometric interpretation|Knowledge analysis / Technological / Reliance on spurious features|Model Training / Human / Domain shift|Model Training / Human / Incomplete validation criteria|Model Training / Technological / Confidence miscalibration|Knowledge analysis / Human / Annotation errors
P3,72,18200114,True,0.09970516786176171,,,Model operation / Technological / Cascading error propagation|Model operation / Human / Loss of situational awareness|Model operation / Technological / Sensor artifacts,Model operation / Technological / Cascading error propagation|Model operation / Human / Loss of situational awareness|Model operation / Technological / Sensor artifacts|Model operation / Technological / Concept drift|Model Training / Human / Domain shift,Model operation / Technological / Cascading error propagation|Model operation / Human / Loss of situational awareness|Model operation / Technological / Sensor artifacts|Model operation / Technological / Concept drift|Model Training / Human / Domain shift|Model Training / Human / Incomplete validation criteria|Knowledge analysis / Technological / Incorrect spatial-geometric interpretation|Knowledge analysis / Technological / Reliance on spurious features|Model Training / Technological / Overfitting|Model Training / Technological / Confidence miscalibration
P3,73,18200115,True,0.05320759637502709,,,Model operation / Technological / Cascading error propagation|Model operation / Human / Loss of situational awareness|Model Training / Human / Domain shift,Model operation / Technological / Cascading error propagation|Model operation / Human / Loss of situational awareness|Model Training / Human / Domain shift|Model Training / Human / Incomplete validation criteria|Model operation / Technological / Sensor artifacts,Model operation / Technological / Cascading error propagation|Model operation / Human / Loss of situational awareness|Model Training / Human / Domain shift|Model Training / Human / Incomplete validation criteria|Model operation / Technological / Sensor artifacts|Model operation / Technological / Concept drift|Knowledge analysis / Technological / Incorrect spatial-geometric interpretation|Knowledge analysis / Technological / Reliance on spurious features|Model Training / Technological / Overfitting|Model Training / Technological / Confidence miscalibration
P3,74,18200116,True,0.013084271718166332,,,Model operation / Technological / Cascading error propagation|Knowledge analysis / Technological / Incorrect spatial-geometric interpretation|Knowledge analysis / Technological / Reliance on spurious features,Model operation / Technological / Cascading error propagation|Knowledge analysis / Technological / Incorrect spatial-geometric interpretation|Knowledge analysis / Technological / Reliance on spurious features|Model operation / Human / Loss of situational awareness|Model operation / Technological / Sensor artifacts,Model operation / Technological / Cascading error propagation|Knowledge analysis / Technological / Incorrect spatial-geometric interpretation|Knowledge analysis / Technological / Reliance on spurious features|Model operation / Human / Loss of situational awareness|Model operation / Technological / Sensor artifacts|Model operation / Technological / Concept drift|Model Training / Human / Domain shift|Model Training / Human / Incomplete validation criteria|Knowledge analysis / Human / Annotation errors|Knowledge analysis / Human / Lack of uncertainty estimation
P3,75,18200117,True,0.04493346057764582,,,Model operation / Technological / Cascading error propagation|Model Training / Human / Domain shift|Model Training / Human / Incomplete validation criteria,Model operation / Technological / Cascading error propagation|Model Training / Human / Domain shift|Model Training / Human / Incomplete validation criteria|Model operation / Human / Loss of situational awareness|Model operation / Technological / Sensor artifacts,Model operation / Technological / Cascading error propagation|Model Training / Human / Domain shift|Model Training / Human / Incomplete validation criteria|Model operation / Human / Loss of situational awareness|Model operation / Technological / Sensor artifacts|Knowledge analysis / Technological / Incorrect spatial-geometric interpretation|Knowledge analysis / Technological / Reliance on spurious features|Model operation / Technological / Concept drift|Model Training / Technological / Confidence miscalibration|Model Training / Technological / Confabulations
P3,76,18200118,True,0.03180650067104919,,,Model operation / Technological / Cascading error propagation|Model operation / Human / Loss of situational awareness|Model operation / Technological / Sensor artifacts,Model operation / Technological / Cascading error propagation|Model operation / Human / Loss of situational awareness|Model operation / Technological / Sensor artifacts|Model Training / Human / Domain shift|Model Training / Human / Incomplete validation criteria,Model operation / Technological / Cascading error propagation|Model operation / Human / Loss of situational awareness|Model operation / Technological / Sensor artifacts|Model Training / Human / Domain shift|Model Training / Human / Incomplete validation criteria|Model operation / Technological / Concept drift|Knowledge analysis / Technological / Incorrect spatial-geometric interpretation|Knowledge analysis / Technological / Reliance on spurious features|Model Training / Technological / Confabulations|Knowledge analysis / Human / Annotation errors
P3,77,18200119,True,0.03563457833202102,,,Model operation / Technological / Cascading error propagation|Model operation / Human / Loss of situational awareness|Model operation / Technological / Sensor artifacts,Model operation / Technological / Cascading error propagation|Model operation / Human / Loss of situational awareness|Model operation / Technological / Sensor artifacts|Model operation / Technological / Concept drift|Knowledge analysis / Technological / Incorrect spatial-geometric interpretation,Model operation / Technological / Cascading error propagation|Model operation / Human / Loss of situational awareness|Model operation / Technological / Sensor artifacts|Model operation / Technological / Concept drift|Knowledge analysis / Technological / Incorrect spatial-geometric interpretation|Knowledge analysis / Technological / Reliance on spurious features|Model Training / Technological / Confabulations|Model Training / Technological / Confidence miscalibration|Knowledge analysis / Human / Annotation errors|Knowledge analysis / Human / Lack of uncertainty estimation
P3,78,18200120,True,0.04622549644739558,,,Model operation / Technological / Cascading error propagation|Model operation / Human / Loss of situational awareness|Model operation / Technological / Sensor artifacts,Model operation / Technological / Cascading error propagation|Model operation / Human / Loss of situational awareness|Model operation / Technological / Sensor artifacts|Model operation / Technological / Concept drift|Model Training / Technological / Confidence miscalibration,Model operation / Technological / Cascading error propagation|Model operation / Human / Loss of situational awareness|Model operation / Technological / Sensor artifacts|Model operation / Technological / Concept drift|Model Training / Technological / Confidence miscalibration|Knowledge analysis / Technological / Incorrect spatial-geometric interpretation|Knowledge analysis / Technological / Reliance on spurious features|Model Training / Technological / Confabulations|Model Training / Technological / Overfitting|Knowledge analysis / Human / Inappropriate model architecture
P3,79,18200121,True,0.06136776828234555,,,Model operation / Technological / Cascading error propagation|Model operation / Human / Loss of situational awareness|Knowledge analysis / Technological / Reliance on spurious features,Model operation / Technological / Cascading error propagation|Model operation / Human / Loss of situational awareness|Knowledge analysis / Technological / Reliance on spurious features|Model operation / Technological / Sensor artifacts|Model operation / Technological / Concept drift,Model operation / Technological / Cascading error propagation|Model operation / Human / Loss of situational awareness|Knowledge analysis / Technological / Reliance on spurious features|Model operation / Technological / Sensor artifacts|Model operation / Technological / Concept drift|Model Training / Human / Domain shift|Model Training / Human / Incomplete validation criteria|Knowledge analysis / Human / Annotation errors|Knowledge analysis / Human / Lack of uncertainty estimation|Knowledge analysis / Technological / Incorrect spatial-geometric interpretation
P3,80,18200122,True,0.0462254964473906,,,Model operation / Technological / Cascading error propagation|Model operation / Human / Loss of situational awareness|Model operation / Technological / Concept drift,Model operation / Technological / Cascading error propagation|Model operation / Human / Loss of situational awareness|Model operation / Technological / Concept drift|Model operation / Technological / Sensor artifacts|Knowledge analysis / Technological / Incorrect spatial-geometric interpretation,Model operation / Technological / Cascading error propagation|Model operation / Human / Loss of situational awareness|Model operation / Technological / Concept drift|Model operation / Technological / Sensor artifacts|Knowledge analysis / Technological / Incorrect spatial-geometric interpretation|Knowledge analysis / Technological / Reliance on spurious features|Model Training / Human / Domain shift|Model Training / Human / Incomplete validation criteria|Knowledge analysis / Human / Lack of uncertainty estimation|Knowledge analysis / Human / Annotation errors
P3,81,18200123,True,0.013084271718166332,,,Model operation / Technological / Cascading error propagation|Model Training / Human / Domain shift|Model Training / Human / Incomplete validation criteria,Model operation / Technological / Cascading error propagation|Model Training / Human / Domain shift|Model Training / Human / Incomplete validation criteria|Model operation / Human / Loss of situational awareness|Model Training / Technological / Overfitting,Model operation / Technological / Cascading error propagation|Model Training / Human / Domain shift|Model Training / Human / Incomplete validation criteria|Model operation / Human / Loss of situational awareness|Model Training / Technological / Overfitting|Knowledge analysis / Technological / Incorrect spatial-geometric interpretation|Knowledge analysis / Technological / Reliance on spurious features|Model Training / Technological / Confabulations|Model Training / Technological / Confidence miscalibration|Model operation / Technological / Sensor artifacts
P3,82,18200124,True,0.041611145989533305,,,Model operation / Technological / Cascading error propagation|Knowledge analysis / Technological / Incorrect spatial-geometric interpretation|Model operation / Human / Loss of situational awareness,Model operation / Technological / Cascading error propagation|Knowledge analysis / Technological / Incorrect spatial-geometric interpretation|Model operation / Human / Loss of situational awareness|Model Training / Human / Domain shift|Model Training / Human / Incomplete validation criteria,Model operation / Technological / Cascading error propagation|Knowledge analysis / Technological / Incorrect spatial-geometric interpretation|Model operation / Human / Loss of situational awareness|Model Training / Human / Domain shift|Model Training / Human / Incomplete validation criteria|Model operation / Technological / Concept drift|Model operation / Technological / Sensor artifacts|Knowledge analysis / Technological / Reliance on spurious features|Model Training / Technological / Confabulations|Knowledge analysis / Human / Annotation errors
P3,83,18200125,True,0.027658123914656347,,,Model operation / Technological / Cascading error propagation|Model operation / Human / Loss of situational awareness|Model Training / Human / Domain shift,Model operation / Technological / Cascading error propagation|Model operation / Human / Loss of situational awareness|Model Training / Human / Domain shift|Model Training / Human / Incomplete validation criteria|Model operation / Technological / Sensor artifacts,Model operation / Technological / Cascading error propagation|Model operation / Human / Loss of situational awareness|Model Training / Human / Domain shift|Model Training / Human / Incomplete validation criteria|Model operation / Technological / Sensor artifacts|Model operation / Technological / Concept drift|Knowledge analysis / Human / Annotation errors|Knowledge analysis / Human / Lack of uncertainty estimation|Knowledge analysis / Human / Inappropriate model architecture|Model Training / Technological / Overfitting
P3,84,18200126,True,0.013084271718165934,,,Model operation / Technological / Cascading error propagation|Model operation / Human / Loss of situational awareness|Model operation / Technological / Sensor artifacts,Model operation / Technological / Cascading error propagation|Model operation / Human / Loss of situational awareness|Model operation / Technological / Sensor artifacts|Model operation / Technological / Concept drift|Model Training / Human / Domain shift,Model operation / Technological / Cascading error propagation|Model operation / Human / Loss of situational awareness|Model operation / Technological / Sensor artifacts|Model operation / Technological / Concept drift|Model Training / Human / Domain shift|Model Training / Human / Incomplete validation criteria|Knowledge analysis / Technological / Incorrect spatial-geometric interpretation|Knowledge analysis / Technological / Reliance on spurious features|Model Training / Technological / Confidence miscalibration|Model Training / Technological / Confabulations
P3,85,18200127,True,0.04622549644739558,,,Model operation / Technological / Cascading error propagation|Model operation / Human / Loss of situational awareness|Knowledge analysis / Technological / Incorrect spatial-geometric interpretation,Model operation / Technological / Cascading error propagation|Model operation / Human / Loss of situational awareness|Knowledge analysis / Technological / Incorrect spatial-geometric interpretation|Knowledge analysis / Technological / Reliance on spurious features|Model operation / Technological / Sensor artifacts,Model operation / Technological / Cascading error propagation|Model operation / Human / Loss of situational awareness|Knowledge analysis / Technological / Incorrect spatial-geometric interpretation|Knowledge analysis / Technological / Reliance on spurious features|Model operation / Technological / Sensor artifacts|Model Training / Human / Domain shift|Model Training / Human / Incomplete validation criteria|Model operation / Technological / Concept drift|Knowledge analysis / Human / Inappropriate model architecture|Knowledge analysis / Human / Lack of uncertainty estimation
P3,86,18200128,True,0.05186108125226866,,,Model operation / Technological / Cascading error propagation|Model operation / Human / Loss of situational awareness|Model operation / Technological / Concept drift,Model operation / Technological / Cascading error propagation|Model operation / Human / Loss of situational awareness|Model operation / Technological / Concept drift|Model Training / Human / Domain shift|Model Training / Human / Incomplete validation criteria,Model operation / Technological / Cascading error propagation|Model operation / Human / Loss of situational awareness|Model operation / Technological / Concept drift|Model Training / Human / Domain shift|Model Training / Human / Incomplete validation criteria|Model operation / Technological / Sensor artifacts|Knowledge analysis / Technological / Incorrect spatial-geometric interpretation|Knowledge analysis / Technological / Reliance on spurious features|Model Training / Technological / Overfitting|Model Training / Technological / Confidence miscalibration
P3,87,18200129,True,0.07064748837013961,,,Model operation / Technological / Cascading error propagation|Model operation / Human / Loss of situational awareness|Model operation / Technological / Sensor artifacts,Model operation / Technological / Cascading error propagation|Model operation / Human / Loss of situational awareness|Model operation / Technological / Sensor artifacts|Model operation / Technological / Concept drift|Model Training / Human / Domain shift,Model operation / Technological / Cascading error propagation|Model operation / Human / Loss of situational awareness|Model operation / Technological / Sensor artifacts|Model operation / Technological / Concept drift|Model Training / Human / Domain shift|Model Training / Human / Incomplete validation criteria|Knowledge analysis / Technological / Incorrect spatial-geometric interpretation|Knowledge analysis / Technological / Reliance on spurious features|Model Training / Technological / Overfitting|Model Training / Technological / Confabulations
P3,88,18200130,True,0.04161114598953264,,,Model operation / Technological / Cascading error propagation|Model operation / Human / Loss of situational awareness|Model operation / Technological / Concept drift,Model operation / Technological / Cascading error propagation|Model operation / Human / Loss of situational awareness|Model operation / Technological / Concept drift|Model operation / Technological / Sensor artifacts|Model Training / Human / Domain shift,Model operation / Technological / Cascading error propagation|Model operation / Human / Loss of situational awareness|Model operation / Technological / Concept drift|Model operation / Technological / Sensor artifacts|Model Training / Human / Domain shift|Model Training / Human / Incomplete validation criteria|Knowledge analysis / Technological / Incorrect spatial-geometric interpretation|Knowledge analysis / Technological / Reliance on spurious features|Model Training / Technological / Confidence miscalibration|Model Training / Technological / Overfitting
P3,89,18200131,True,0.04914757462902093,,,Model operation / Technological / Cascading error propagation|Knowledge analysis / Technological / Incorrect spatial-geometric interpretation|Knowledge analysis / Technological / Reliance on spurious features,Model operation / Technological / Cascading error propagation|Knowledge analysis / Technological / Incorrect spatial-geometric interpretation|Knowledge analysis / Technological / Reliance on spurious features|Model Training / Human / Domain shift|Model Training / Human / Incomplete validation criteria,Model operation / Technological / Cascading error propagation|Knowledge analysis / Technological / Incorrect spatial-geometric interpretation|Knowledge analysis / Technological / Reliance on spurious features|Model Training / Human / Domain shift|Model Training / Human / Incomplete validation criteria|Model operation / Human / Loss of situational awareness|Knowledge analysis / Human / Annotation errors|Knowledge analysis / Human / Lack of uncertainty estimation|Model operation / Technological / Concept drift|Model Training / Technological / Confabulations
P3,90,18200132,True,0.035935764609945665,,,Model operation / Technological / Cascading error propagation|Model operation / Human / Loss of situational awareness|Model operation / Technological / Concept drift,Model operation / Technological / Cascading error propagation|Model operation / Human / Loss of situational awareness|Model operation / Technological / Concept drift|Model operation / Technological / Sensor artifacts|Model Training / Human / Domain shift,Model operation / Technological / Cascading error propagation|Model operation / Human / Loss of situational awareness|Model operation / Technological / Concept drift|Model operation / Technological / Sensor artifacts|Model Training / Human / Domain shift|Model Training / Human / Incomplete validation criteria|Knowledge analysis / Technological / Incorrect spatial-geometric interpretation|Knowledge analysis / Technological / Reliance on spurious features|Model Training / Technological / Overfitting|Model Training / Technological / Confabulations
P3,91,18200133,True,0.04691932937682228,,,Model operation / Technological / Cascading error propagation|Model operation / Human / Loss of situational awareness|Model operation / Technological / Concept drift,Model operation / Technological / Cascading error propagation|Model operation / Human / Loss of situational awareness|Model operation / Technological / Concept drift|Model Training / Human / Domain shift|Model Training / Human / Incomplete validation criteria,Model operation / Technological / Cascading error propagation|Model operation / Human / Loss of situational awareness|Model operation / Technological / Concept drift|Model Training / Human / Domain shift|Model Training / Human / Incomplete validation criteria|Model operation / Technological / Sensor artifacts|Knowledge analysis / Technological / Incorrect spatial-geometric interpretation|Knowledge analysis / Technological / Reliance on spurious features|Model Training / Technological / Overfitting|Model Training / Technological / Confidence miscalibration
P3,92,18200134,True,0.039629661352667815,,,Model operation / Technological / Cascading error propagation|Model operation / Human / Loss of situational awareness|Model operation / Technological / Concept drift,Model operation / Technological / Cascading error propagation|Model operation / Human / Loss of situational awareness|Model operation / Technological / Concept drift|Model operation / Technological / Sensor artifacts|Knowledge analysis / Technological / Incorrect spatial-geometric interpretation,Model operation / Technological / Cascading error propagation|Model operation / Human / Loss of situational awareness|Model operation / Technological / Concept drift|Model operation / Technological / Sensor artifacts|Knowledge analysis / Technological / Incorrect spatial-geometric interpretation|Knowledge analysis / Technological / Reliance on spurious features|Model Training / Human / Domain shift|Model Training / Human / Incomplete validation criteria|Knowledge analysis / Human / Annotation errors|Knowledge analysis / Human / Lack of uncertainty estimation
P3,93,18200135,True,0.05825072689858335,,,Model operation / Technological / Cascading error propagation|Model operation / Human / Loss of situational awareness|Model operation / Technological / Sensor artifacts,Model operation / Technological / Cascading error propagation|Model operation / Human / Loss of situational awareness|Model operation / Technological / Sensor artifacts|Model operation / Technological / Concept drift|Knowledge analysis / Technological / Incorrect spatial-geometric interpretation,Model operation / Technological / Cascading error propagation|Model operation / Human / Loss of situational awareness|Model operation / Technological / Sensor artifacts|Model operation / Technological / Concept drift|Knowledge analysis / Technological / Incorrect spatial-geometric interpretation|Knowledge analysis / Technological / Reliance on spurious features|Model Training / Human / Domain shift|Model Training / Human / Incomplete validation criteria|Knowledge analysis / Human / Lack of uncertainty estimation|Knowledge analysis / Human / Annotation errors
P3,94,18200136,True,0.0633737288563231,,,Model operation / Technological / Cascading error propagation|Model operation / Technological / Concept drift|Model operation / Human / Loss of situational awareness,Model operation / Technological / Cascading error propagation|Model operation / Technological / Concept drift|Model operation / Human / Loss of situational awareness|Model Training / Human / Domain shift|Model Training / Human / Incomplete validation criteria,Model operation / Technological / Cascading error propagation|Model operation / Technological / Concept drift|Model operation / Human / Loss of situational awareness|Model Training / Human / Domain shift|Model Training / Human / Incomplete validation criteria|Model operation / Technological / Sensor artifacts|Knowledge analysis / Human / Annotation errors|Knowledge analysis / Human / Lack of uncertainty estimation|Knowledge analysis / Human / Inappropriate model architecture|Model Training / Technological / Confabulations
P3,95,18200137,True,0.04622549644739558,,,Model operation / Technological / Cascading error propagation|Model operation / Human / Loss of situational awareness|Model operation / Technological / Concept drift,Model operation / Technological / Cascading error propagation|Model operation / Human / Loss of situational awareness|Model operation / Technological / Concept drift|Model operation / Technological / Sensor artifacts|Knowledge analysis / Technological / Incorrect spatial-geometric interpretation,Model operation / Technological / Cascading error propagation|Model operation / Human / Loss of situational awareness|Model operation / Technological / Concept drift|Model operation / Technological / Sensor artifacts|Knowledge analysis / Technological / Incorrect spatial-geometric interpretation|Knowledge analysis / Technological / Reliance on spurious features|Model Training / Human / Domain shift|Model Training / Human / Incomplete validation criteria|Knowledge analysis / Human / Inappropriate model architecture|Model Training / Technological / Confidence miscalibration
P3,96,18200138,True,0.035935764609945665,,,Model operation / Technological / Cascading error propagation|Model operation / Human / Loss of situational awareness|Model operation / Technological / Sensor artifacts,Model operation / Technological / Cascading error propagation|Model operation / Human / Loss of situational awareness|Model operation / Technological / Sensor artifacts|Model operation / Technological / Concept drift|Model Training / Human / Domain shift,Model operation / Technological / Cascading error propagation|Model operation / Human / Loss of situational awareness|Model operation / Technological / Sensor artifacts|Model operation / Technological / Concept drift|Model Training / Human / Domain shift|Model Training / Human / Incomplete validation criteria|Knowledge analysis / Technological / Incorrect spatial-geometric interpretation|Knowledge analysis / Technological / Reliance on spurious features|Model Training / Technological / Confabulations|Knowledge analysis / Human / Annotation errors
P3,97,18200139,True,0.04097612216346911,,,Model operation / Technological / Cascading error propagation|Knowledge analysis / Technological / Incorrect spatial-geometric interpretation|Knowledge analysis / Technological / Reliance on spurious features,Model operation / Technological / Cascading error propagation|Knowledge analysis / Technological / Incorrect spatial-geometric interpretation|Knowledge analysis / Technological / Reliance on spurious features|Model operation / Human / Loss of situational awareness|Model Training / Human / Domain shift,Model operation / Technological / Cascading error propagation|Knowledge analysis / Technological / Incorrect spatial-geometric interpretation|Knowledge analysis / Technological / Reliance on spurious features|Model operation / Human / Loss of situational awareness|Model Training / Human / Domain shift|Model Training / Human / Incomplete validation criteria|Model operation / Technological / Sensor artifacts|Model operation / Technological / Concept drift|Knowledge analysis / Human / Annotation errors|Knowledge analysis / Human / Lack of uncertainty estimation
P3,98,18200140,True,0.04615357396518136,,,Model operation / Technological / Cascading error propagation|Knowledge analysis / Technological / Reliance on spurious features|Model operation / Human / Loss of situational awareness,Model operation / Technological / Cascading error propagation|Knowledge analysis / Technological / Reliance on spurious features|Model operation / Human / Loss of situational awareness|Model operation / Technological / Concept drift|Model Training / Human / Domain shift,Model operation / Technological / Cascading error propagation|Knowledge analysis / Technological / Reliance on spurious features|Model operation / Human / Loss of situational awareness|Model operation / Technological / Concept drift|Model Training / Human / Domain shift|Model Training / Human / Incomplete validation criteria|Model operation / Technological / Sensor artifacts|Knowledge analysis / Technological / Incorrect spatial-geometric interpretation|Model Training / Technological / Confabulations|Model Training / Technological / Confidence miscalibration
P3,99,18200141,True,0.03215393630797028,,,Model operation / Technological / Cascading error propagation|Model operation / Human / Loss of situational awareness|Model operation / Technological / Sensor artifacts,Model operation / Technological / Cascading error propagation|Model operation / Human / Loss of situational awareness|Model operation / Technological / Sensor artifacts|Model operation / Technological / Concept drift|Model Training / Human / Domain shift,Model operation / Technological / Cascading error propagation|Model operation / Human / Loss of situational awareness|Model operation / Technological / Sensor artifacts|Model operation / Technological / Concept drift|Model Training / Human / Domain shift|Model Training / Human / Incomplete validation criteria|Knowledge analysis / Technological / Incorrect spatial-geometric interpretation|Knowledge analysis / Technological / Reliance on spurious features|Model Training / Technological / Confabulations|Model Training / Technological / Confidence miscalibration
P3,100,18200142,False,0.11690590056727948,Knowledge analysis / Human,,Model operation / Technological / Cascading error propagation|Model operation / Human / Loss of situational awareness|Knowledge analysis / Technological / Incorrect spatial-geometric interpretation,Model operation / Technological / Cascading error propagation|Model operation / Human / Loss of situational awareness|Knowledge analysis / Technological / Incorrect spatial-geometric interpretation|Knowledge analysis / Technological / Reliance on spurious features|Model operation / Technological / Sensor artifacts,Model operation / Technological / Cascading error propagation|Model operation / Human / Loss of situational awareness|Knowledge analysis / Technological / Incorrect spatial-geometric interpretation|Knowledge analysis / Technological / Reliance on spurious features|Model operation / Technological / Sensor artifacts|Model operation / Technological / Concept drift|Model Training / Human / Domain shift|Model Training / Human / Incomplete validation criteria|Model Training / Technological / Overfitting|Model Training / Technological / Confabulations
P3,101,18200143,True,0.03215393630797028,,,Model operation / Technological / Cascading error propagation|Model operation / Human / Loss of situational awareness|Model operation / Technological / Sensor artifacts,Model operation / Technological / Cascading error propagation|Model operation / Human / Loss of situational awareness|Model operation / Technological / Sensor artifacts|Model operation / Technological / Concept drift|Model Training / Human / Domain shift,Model operation / Technological / Cascading error propagation|Model operation / Human / Loss of situational awareness|Model operation / Technological / Sensor artifacts|Model operation / Technological / Concept drift|Model Training / Human / Domain shift|Model Training / Human / Incomplete validation criteria|Knowledge analysis / Human / Annotation errors|Knowledge analysis / Human / Lack of uncertainty estimation|Knowledge analysis / Human / Inappropriate model architecture|Knowledge analysis / Technological / Incorrect spatial-geometric interpretation
P3,102,18200144,True,0.04968481517311942,,,Model operation / Technological / Cascading error propagation|Model operation / Human / Loss of situational awareness|Model operation / Technological / Sensor artifacts,Model operation / Technological / Cascading error propagation|Model operation / Human / Loss of situational awareness|Model operation / Technological / Sensor artifacts|Model operation / Technological / Concept drift|Knowledge analysis / Technological / Incorrect spatial-geometric interpretation,Model operation / Technological / Cascading error propagation|Model operation / Human / Loss of situational awareness|Model operation / Technological / Sensor artifacts|Model operation / Technological / Concept drift|Knowledge analysis / Technological / Incorrect spatial-geometric interpretation|Knowledge analysis / Technological / Reliance on spurious features|Knowledge analysis / Human / Lack of uncertainty estimation|Model Training / Human / Domain shift|Model Training / Human / Incomplete validation criteria|Knowledge analysis / Human / Inappropriate model architecture
P3,103,18200145,True,0.05277129795786819,,,Model operation / Technological / Cascading error propagation|Model operation / Human / Loss of situational awareness|Model operation / Technological / Sensor artifacts,Model operation / Technological / Cascading error propagation|Model operation / Human / Loss of situational awareness|Model operation / Technological / Sensor artifacts|Model operation / Technological / Concept drift|Knowledge analysis / Technological / Incorrect spatial-geometric interpretation,Model operation / Technological / Cascading error propagation|Model operation / Human / Loss of situational awareness|Model operation / Technological / Sensor artifacts|Model operation / Technological / Concept drift|Knowledge analysis / Technological / Incorrect spatial-geometric interpretation|Knowledge analysis / Technological / Reliance on spurious features|Model Training / Human / Domain shift|Model Training / Human / Incomplete validation criteria|Knowledge analysis / Human / Lack of uncertainty estimation|Knowledge analysis / Human / Annotation errors
P3,104,18200146,True,0.0462254964473906,,,Model operation / Technological / Cascading error propagation|Model operation / Human / Loss of situational awareness|Model operation / Technological / Concept drift,Model operation / Technological / Cascading error propagation|Model operation / Human / Loss of situational awareness|Model operation / Technological / Concept drift|Knowledge analysis / Technological / Incorrect spatial-geometric interpretation|Knowledge analysis / Technological / Reliance on spurious features,Model operation / Technological / Cascading error propagation|Model operation / Human / Loss of situational awareness|Model operation / Technological / Concept drift|Knowledge analysis / Technological / Incorrect spatial-geometric interpretation|Knowledge analysis / Technological / Reliance on spurious features|Model operation / Technological / Sensor artifacts|Model Training / Technological / Confidence miscalibration|Knowledge analysis / Human / Lack of uncertainty estimation|Model Training / Technological / Overfitting|Knowledge analysis / Human / Annotation errors
P3,105,18200147,True,0.09753719563698632,,,Model operation / Technological / Cascading error propagation|Model operation / Human / Loss of situational awareness|Model operation / Technological / Concept drift,Model operation / Technological / Cascading error propagation|Model operation / Human / Loss of situational awareness|Model operation / Technological / Concept drift|Knowledge analysis / Technological / Incorrect spatial-geometric interpretation|Knowledge analysis / Technological / Reliance on spurious features,Model operation / Technological / Cascading error propagation|Model operation / Human / Loss of situational awareness|Model operation / Technological / Concept drift|Knowledge analysis / Technological / Incorrect spatial-geometric interpretation|Knowledge analysis / Technological / Reliance on spurious features|Model Training / Human / Domain shift|Model Training / Human / Incomplete validation criteria|Model operation / Technological / Sensor artifacts|Model Training / Technological / Overfitting|Knowledge analysis / Human / Annotation errors
P3,106,18200148,True,0.046225496447394814,,,Model operation / Technological / Cascading error propagation|Model operation / Human / Loss of situational awareness|Model operation / Technological / Sensor artifacts,Model operation / Technological / Cascading error propagation|Model operation / Human / Loss of situational awareness|Model operation / Technological / Sensor artifacts|Model operation / Technological / Concept drift|Model Training / Human / Domain shift,Model operation / Technological / Cascading error propagation|Model operation / Human / Loss of situational awareness|Model operation / Technological / Sensor artifacts|Model operation / Technological / Concept drift|Model Training / Human / Domain shift|Model Training / Human / Incomplete validation criteria|Knowledge analysis / Technological / Incorrect spatial-geometric interpretation|Knowledge analysis / Technological / Reliance on spurious features|Knowledge analysis / Human / Lack of uncertainty estimation|Knowledge analysis / Human / Inappropriate model architecture
P3,107,18200149,True,0.03563457833202102,,,Model operation / Technological / Cascading error propagation|Model operation / Human / Loss of situational awareness|Model operation / Technological / Sensor artifacts,Model operation / Technological / Cascading error propagation|Model operation / Human / Loss of situational awareness|Model operation / Technological / Sensor artifacts|Model operation / Technological / Concept drift|Knowledge analysis / Technological / Incorrect spatial-geometric interpretation,Model operation / Technological / Cascading error propagation|Model operation / Human / Loss of situational awareness|Model operation / Technological / Sensor artifacts|Model operation / Technological / Concept drift|Knowledge analysis / Technological / Incorrect spatial-geometric interpretation|Knowledge analysis / Technological / Reliance on spurious features|Model Training / Human / Domain shift|Model Training / Human / Incomplete validation criteria|Knowledge analysis / Human / Annotation errors|Knowledge analysis / Human / Lack of uncertainty estimation
P3,108,18200150,True,0.03365407213337886,,,Model operation / Technological / Cascading error propagation|Model operation / Human / Loss of situational awareness|Model operation / Technological / Sensor artifacts,Model operation / Technological / Cascading error propagation|Model operation / Human / Loss of situational awareness|Model operation / Technological / Sensor artifacts|Knowledge analysis / Technological / Incorrect spatial-geometric interpretation|Knowledge analysis / Technological / Reliance on spurious features,Model operation / Technological / Cascading error propagation|Model operation / Human / Loss of situational awareness|Model operation / Technological / Sensor artifacts|Knowledge analysis / Technological / Incorrect spatial-geometric interpretation|Knowledge analysis / Technological / Reliance on spurious features|Model operation / Technological / Concept drift|Model Training / Human / Domain shift|Model Training / Human / Incomplete validation criteria|Knowledge analysis / Human / Annotation errors|Knowledge analysis / Human / Lack of uncertainty estimation
P3,109,18200151,True,0.021525992749695386,,,Model operation / Technological / Cascading error propagation|Model operation / Human / Loss of situational awareness|Model Training / Human / Domain shift,Model operation / Technological / Cascading error propagation|Model operation / Human / Loss of situational awareness|Model Training / Human / Domain shift|Model Training / Human / Incomplete validation criteria|Knowledge analysis / Technological / Incorrect spatial-geometric interpretation,Model operation / Technological / Cascading error propagation|Model operation / Human / Loss of situational awareness|Model Training / Human / Domain shift|Model Training / Human / Incomplete validation criteria|Knowledge analysis / Technological / Incorrect spatial-geometric interpretation|Knowledge analysis / Technological / Reliance on spurious features|Model operation / Technological / Sensor artifacts|Model operation / Technological / Concept drift|Model Training / Technological / Overfitting|Model Training / Technological / Confidence miscalibration
P3,110,18200152,True,0.029741153461038936,,,Model operation / Technological / Cascading error propagation|Model operation / Human / Loss of situational awareness|Model operation / Technological / Concept drift,Model operation / Technological / Cascading error propagation|Model operation / Human / Loss of situational awareness|Model operation / Technological / Concept drift|Model Training / Human / Domain shift|Model Training / Human / Incomplete validation criteria,Model operation / Technological / Cascading error propagation|Model operation / Human / Loss of situational awareness|Model operation / Technological / Concept drift|Model Training / Human / Domain shift|Model Training / Human / Incomplete validation criteria|Model operation / Technological / Sensor artifacts|Knowledge analysis / Technological / Incorrect spatial-geometric interpretation|Knowledge analysis / Technological / Reliance on spurious features|Model Training / Technological / Confabulations|Model Training / Technological / Overfitting
P3,111,18200153,True,0.04622549644739558,,,Model operation / Technological / Cascading error propagation|Model operation / Human / Loss of situational awareness|Model operation / Technological / Sensor artifacts,Model operation / Technological / Cascading error propagation|Model operation / Human / Loss of situational awareness|Model operation / Technological / Sensor artifacts|Model Training / Human / Domain shift|Model Training / Human / Incomplete validation criteria,Model operation / Technological / Cascading error propagation|Model operation / Human / Loss of situational awareness|Model operation / Technological / Sensor artifacts|Model Training / Human / Domain shift|Model Training / Human / Incomplete validation criteria|Model operation / Technological / Concept drift|Knowledge analysis / Technological / Incorrect spatial-geometric interpretation|Knowledge analysis / Technological / Reliance on spurious features|Knowledge analysis / Human / Inappropriate model architecture|Knowledge analysis / Human / Lack of uncertainty estimation
P3,112,18200154,True,0.046225496447391365,,,Model operation / Technological / Cascading error propagation|Knowledge analysis / Technological / Incorrect spatial-geometric interpretation|Model operation / Human / Loss of situational awareness,Model operation / Technological / Cascading error propagation|Knowledge analysis / Technological / Incorrect spatial-geometric interpretation|Model operation / Human / Loss of situational awareness|Model operation / Technological / Sensor artifacts|Model operation / Technological / Concept drift,Model operation / Technological / Cascading error propagation|Knowledge analysis / Technological / Incorrect spatial-geometric interpretation|Model operation / Human / Loss of situational awareness|Model operation / Technological / Sensor artifacts|Model operation / Technological / Concept drift|Model Training / Human / Domain shift|Model Training / Human / Incomplete validation criteria|Model Training / Technological / Confabulations|Knowledge analysis / Technological / Reliance on spurious features|Model Training / Technological / Overfitting
P3,113,18200155,True,0.08559742452802463,,,Model operation / Technological / Cascading error propagation|Model operation / Human / Loss of situational awareness|Knowledge analysis / Technological / Incorrect spatial-geometric interpretation,Model operation / Technological / Cascading error propagation|Model operation / Human / Loss of situational awareness|Knowledge analysis / Technological / Incorrect spatial-geometric interpretation|Knowledge analysis / Technological / Reliance on spurious features|Model operation / Technological / Concept drift,Model operation / Technological / Cascading error propagation|Model operation / Human / Loss of situational awareness|Knowledge analysis / Technological / Incorrect spatial-geometric interpretation|Knowledge analysis / Technological / Reliance on spurious features|Model operation / Technological / Concept drift|Model operation / Technological / Sensor artifacts|Model Training / Human / Domain shift|Model Training / Human / Incomplete validation criteria|Model Training / Technological / Overfitting|Model Training / Technological / Confabulations
P3,114,18200156,True,0.04327633649880322,,,Model operation / Technological / Cascading error propagation|Model operation / Human / Loss of situational awareness|Model operation / Technological / Concept drift,Model operation / Technological / Cascading error propagation|Model operation / Human / Loss of situational awareness|Model operation / Technological / Concept drift|Model operation / Technological / Sensor artifacts|Model Training / Human / Domain shift,Model operation / Technological / Cascading error propagation|Model operation / Human / Loss of situational awareness|Model operation / Technological / Concept drift|Model operation / Technological / Sensor artifacts|Model Training / Human / Domain shift|Model Training / Human / Incomplete validation criteria|Knowledge analysis / Technological / Incorrect spatial-geometric interpretation|Knowledge analysis / Technological / Reliance on spurious features|Model Training / Technological / Overfitting|Model Training / Technological / Confabulations
P3,115,18200157,True,0.03043645000903812,,,Model operation / Technological / Cascading error propagation|Model operation / Human / Loss of situational awareness|Model operation / Technological / Sensor artifacts,Model operation / Technological / Cascading error propagation|Model operation / Human / Loss of situational awareness|Model operation / Technological / Sensor artifacts|Model operation / Technological / Concept drift|Knowledge analysis / Technological / Incorrect spatial-geometric interpretation,Model operation / Technological / Cascading error propagation|Model operation / Human / Loss of situational awareness|Model operation / Technological / Sensor artifacts|Model operation / Technological / Concept drift|Knowledge analysis / Technological / Incorrect spatial-geometric interpretation|Knowledge analysis / Technological / Reliance on spurious features|Model Training / Human / Domain shift|Model Training / Human / Incomplete validation criteria|Knowledge analysis / Human / Annotation errors|Knowledge analysis / Human / Lack of uncertainty estimation
P3,116,18200158,True,0.013084271718166332,,,Model operation / Technological / Cascading error propagation|Model operation / Human / Loss of situational awareness|Knowledge analysis / Technological / Incorrect spatial-geometric interpretation,Model operation / Technological / Cascading error propagation|Model operation / Human / Loss of situational awareness|Knowledge analysis / Technological / Incorrect spatial-geometric interpretation|Knowledge analysis / Technological / Reliance on spurious features|Model operation / Technological / Sensor artifacts,Model operation / Technological / Cascading error propagation|Model operation / Human / Loss of situational awareness|Knowledge analysis / Technological / Incorrect spatial-geometric interpretation|Knowledge analysis / Technological / Reliance on spurious features|Model operation / Technological / Sensor artifacts|Model operation / Technological / Concept drift|Model Training / Human / Domain shift|Model Training / Human / Incomplete validation criteria|Knowledge analysis / Human / Annotation errors|Knowledge analysis / Human / Lack of uncertainty estimation
P3,117,18200159,True,0.04978830878039926,,,Model operation / Technological / Cascading error propagation|Model operation / Human / Loss of situational awareness|Model operation / Technological / Sensor artifacts,Model operation / Technological / Cascading error propagation|Model operation / Human / Loss of situational awareness|Model operation / Technological / Sensor artifacts|Model operation / Technological / Concept drift|Knowledge analysis / Technological / Incorrect spatial-geometric interpretation,Model operation / Technological / Cascading error propagation|Model operation / Human / Loss of situational awareness|Model operation / Technological / Sensor artifacts|Model operation / Technological / Concept drift|Knowledge analysis / Technological / Incorrect spatial-geometric interpretation|Knowledge analysis / Technological / Reliance on spurious features|Model Training / Human / Domain shift|Model Training / Human / Incomplete validation criteria|Model Training / Technological / Confabulations|Model Training / Technological / Overfitting
P3,118,18200160,False,0.11690590056727718,Model operation / Technological,,Model operation / Technological / Cascading error propagation|Knowledge analysis / Technological / Incorrect spatial-geometric interpretation|Knowledge analysis / Technological / Reliance on spurious features,Model operation / Technological / Cascading error propagation|Knowledge analysis / Technological / Incorrect spatial-geometric interpretation|Knowledge analysis / Technological / Reliance on spurious features|Model operation / Technological / Sensor artifacts|Model operation / Human / Loss of situational awareness,Model operation / Technological / Cascading error propagation|Knowledge analysis / Technological / Incorrect spatial-geometric interpretation|Knowledge analysis / Technological / Reliance on spurious features|Model operation / Technological / Sensor artifacts|Model operation / Human / Loss of situational awareness|Model operation / Technological / Concept drift|Model Training / Human / Domain shift|Model Training / Human / Incomplete validation criteria|Knowledge analysis / Human / Inappropriate model architecture|Model Training / Technological / Overfitting
P3,119,18200161,True,0.0462254964473906,,,Model operation / Technological / Cascading error propagation|Model operation / Human / Loss of situational awareness|Model operation / Technological / Sensor artifacts,Model operation / Technological / Cascading error propagation|Model operation / Human / Loss of situational awareness|Model operation / Technological / Sensor artifacts|Model operation / Technological / Concept drift|Model Training / Human / Domain shift,Model operation / Technological / Cascading error propagation|Model operation / Human / Loss of situational awareness|Model operation / Technological / Sensor artifacts|Model operation / Technological / Concept drift|Model Training / Human / Domain shift|Model Training / Human / Incomplete validation criteria|Knowledge analysis / Technological / Incorrect spatial-geometric interpretation|Knowledge analysis / Technological / Reliance on spurious features|Knowledge analysis / Human / Annotation errors|Knowledge analysis / Human / Lack of uncertainty estimation
P3,120,18200162,True,0.060075673290712825,,,Model operation / Technological / Cascading error propagation|Model operation / Human / Loss of situational awareness|Model operation / Technological / Sensor artifacts,Model operation / Technological / Cascading error propagation|Model operation / Human / Loss of situational awareness|Model operation / Technological / Sensor artifacts|Model operation / Technological / Concept drift|Knowledge analysis / Technological / Incorrect spatial-geometric interpretation,Model operation / Technological / Cascading error propagation|Model operation / Human / Loss of situational awareness|Model operation / Technological / Sensor artifacts|Model operation / Technological / Concept drift|Knowledge analysis / Technological / Incorrect spatial-geometric interpretation|Knowledge analysis / Technological / Reliance on spurious features|Model Training / Human / Domain shift|Model Training / Human / Incomplete validation criteria|Knowledge analysis / Human / Annotation errors|Knowledge analysis / Human / Lack of uncertainty estimation
P3,121,18200163,True,0.05186108125226931,,,Model operation / Technological / Cascading error propagation|Model operation / Human / Loss of situational awareness|Model operation / Technological / Concept drift,Model operation / Technological / Cascading error propagation|Model operation / Human / Loss of situational awareness|Model operation / Technological / Concept drift|Model operation / Technological / Sensor artifacts|Knowledge analysis / Human / Lack of uncertainty estimation,Model operation / Technological / Cascading error propagation|Model operation / Human / Loss of situational awareness|Model operation / Technological / Concept drift|Model operation / Technological / Sensor artifacts|Knowledge analysis / Human / Lack of uncertainty estimation|Model Training / Human / Domain shift|Model Training / Human / Incomplete validation criteria|Knowledge analysis / Human / Annotation errors|Model Training / Technological / Confidence miscalibration|Knowledge analysis / Human / Inappropriate model architecture
P3,122,18200164,True,0.030911127057136056,,,Model operation / Technological / Cascading error propagation|Model operation / Human / Loss of situational awareness|Model operation / Technological / Sensor artifacts,Model operation / Technological / Cascading error propagation|Model operation / Human / Loss of situational awareness|Model operation / Technological / Sensor artifacts|Model operation / Technological / Concept drift|Model Training / Human / Domain shift,Model operation / Technological / Cascading error propagation|Model operation / Human / Loss of situational awareness|Model operation / Technological / Sensor artifacts|Model operation / Technological / Concept drift|Model Training / Human / Domain shift|Model Training / Human / Incomplete validation criteria|Knowledge analysis / Technological / Incorrect spatial-geometric interpretation|Knowledge analysis / Technological / Reliance on spurious features|Knowledge analysis / Human / Annotation errors|Knowledge analysis / Human / Lack of uncertainty estimation
P3,123,18200165,True,0.006053245801665346,,,Model operation / Technological / Cascading error propagation|Knowledge analysis / Technological / Incorrect spatial-geometric interpretation|Model Training / Human / Domain shift,Model operation / Technological / Cascading error propagation|Knowledge analysis / Technological / Incorrect spatial-geometric interpretation|Model Training / Human / Domain shift|Model Training / Human / Incomplete validation criteria|Model operation / Human / Loss of situational awareness,Model operation / Technological / Cascading error propagation|Knowledge analysis / Technological / Incorrect spatial-geometric interpretation|Model Training / Human / Domain shift|Model Training / Human / Incomplete validation criteria|Model operation / Human / Loss of situational awareness|Model operation / Technological / Concept drift|Model operation / Technological / Sensor artifacts|Model Training / Technological / Confidence miscalibration|Knowledge analysis / Technological / Reliance on spurious features|Knowledge analysis / Human / Annotation errors
P3,124,18200166,True,0.04368232275717714,,,Model operation / Technological / Cascading error propagation|Model operation / Human / Loss of situational awareness|Model operation / Technological / Concept drift,Model operation / Technological / Cascading error propagation|Model operation / Human / Loss of situational awareness|Model operation / Technological / Concept drift|Model operation / Technological / Sensor artifacts|Knowledge analysis / Technological / Incorrect spatial-geometric interpretation,Model operation / Technological / Cascading error propagation|Model operation / Human / Loss of situational awareness|Model operation / Technological / Concept drift|Model operation / Technological / Sensor artifacts|Knowledge analysis / Technological / Incorrect spatial-geometric interpretation|Knowledge analysis / Technological / Reliance on spurious features|Model Training / Human / Domain shift|Model Training / Human / Incomplete validation criteria|Model Training / Technological / Confabulations|Knowledge analysis / Human / Annotation errors
P3,125,18200167,True,0.07595196565071029,,,Model operation / Technological / Cascading error propagation|Model operation / Human / Loss of situational awareness|Model operation / Technological / Concept drift,Model operation / Technological / Cascading error propagation|Model operation / Human / Loss of situational awareness|Model operation / Technological / Concept drift|Model operation / Technological / Sensor artifacts|Model Training / Human / Domain shift,Model operation / Technological / Cascading error propagation|Model operation / Human / Loss of situational awareness|Model operation / Technological / Concept drift|Model operation / Technological / Sensor artifacts|Model Training / Human / Domain shift|Model Training / Human / Incomplete validation criteria|Knowledge analysis / Technological / Incorrect spatial-geometric interpretation|Knowledge analysis / Technological / Reliance on spurious features|Model Training / Technological / Confabulations|Model Training / Technological / Overfitting
P3,126,18200168,True,0.041958132554265636,,,Model operation / Technological / Cascading error propagation|Model operation / Human / Loss of situational awareness|Knowledge analysis / Technological / Reliance on spurious features,Model operation / Technological / Cascading error propagation|Model operation / Human / Loss of situational awareness|Knowledge analysis / Technological / Reliance on spurious features|Model Training / Human / Domain shift|Model Training / Human / Incomplete validation criteria,Model operation / Technological / Cascading error propagation|Model operation / Human / Loss of situational awareness|Knowledge analysis / Technological / Reliance on spurious features|Model Training / Human / Domain shift|Model Training / Human / Incomplete validation criteria|Model operation / Technological / Sensor artifacts|Model operation / Technological / Concept drift|Knowledge analysis / Human / Annotation errors|Knowledge analysis / Human / Lack of uncertainty estimation|Knowledge analysis / Technological / Incorrect spatial-geometric interpretation
P3,127,18200169,True,0.0659544642093147,,,Model operation / Technological / Cascading error propagation|Model operation / Human / Loss of situational awareness|Model operation / Technological / Concept drift,Model operation / Technological / Cascading error propagation|Model operation / Human / Loss of situational awareness|Model operation / Technological / Concept drift|Model operation / Technological / Sensor artifacts|Knowledge analysis / Human / Annotation errors,Model operation / Technological / Cascading error propagation|Model operation / Human / Loss of situational awareness|Model operation / Technological / Concept drift|Model operation / Technological / Sensor artifacts|Knowledge analysis / Human / Annotation errors|Knowledge analysis / Human / Lack of uncertainty estimation|Knowledge analysis / Human / Inappropriate model architecture|Model Training / Human / Domain shift|Model Training / Human / Incomplete validation criteria|Knowledge analysis / Technological / Incorrect spatial-geometric interpretation
P3,128,18200170,True,0.013084271718166332,,,Model operation / Technological / Cascading error propagation|Model operation / Human / Loss of situational awareness|Model operation / Technological / Sensor artifacts,Model operation / Technological / Cascading error propagation|Model operation / Human / Loss of situational awareness|Model operation / Technological / Sensor artifacts|Model operation / Technological / Concept drift|Knowledge analysis / Technological / Incorrect spatial-geometric interpretation,Model operation / Technological / Cascading error propagation|Model operation / Human / Loss of situational awareness|Model operation / Technological / Sensor artifacts|Model operation / Technological / Concept drift|Knowledge analysis / Technological / Incorrect spatial-geometric interpretation|Knowledge analysis / Technological / Reliance on spurious features|Model Training / Technological / Overfitting|Model Training / Technological / Confidence miscalibration|Model Training / Technological / Confabulations|Knowledge analysis / Human / Annotation errors
P3,129,18200171,True,0.037858595224923915,,,Model operation / Technological / Cascading error propagation|Model Training / Human / Domain shift|Model operation / Human / Loss of situational awareness,Model operation / Technological / Cascading error propagation|Model Training / Human / Domain shift|Model operation / Human / Loss of situational awareness|Model operation / Technological / Sensor artifacts|Model operation / Technological / Concept drift,Model operation / Technological / Cascading error propagation|Model Training / Human / Domain shift|Model operation / Human / Loss of situational awareness|Model operation / Technological / Sensor artifacts|Model operation / Technological / Concept drift|Model Training / Technological / Confidence miscalibration|Model Training / Human / Incomplete validation criteria|Knowledge analysis / Technological / Incorrect spatial-geometric interpretation|Knowledge analysis / Technological / Reliance on spurious features|Model Training / Technological / Confabulations
P3,130,18200172,True,0.03888862228506229,,,Model operation / Technological / Cascading error propagation|Model operation / Human / Loss of situational awareness|Model operation / Technological / Sensor artifacts,Model operation / Technological / Cascading error propagation|Model operation / Human / Loss of situational awareness|Model operation / Technological / Sensor artifacts|Model operation / Technological / Concept drift|Model Training / Human / Domain shift,Model operation / Technological / Cascading error propagation|Model operation / Human / Loss of situational awareness|Model operation / Technological / Sensor artifacts|Model operation / Technological / Concept drift|Model Training / Human / Domain shift|Model Training / Human / Incomplete validation criteria|Knowledge analysis / Technological / Incorrect spatial-geometric interpretation|Knowledge analysis / Technological / Reliance on spurious features|Model Training / Technological / Confidence miscalibration|Model Training / Technological / Confabulations
P3,131,18200173,True,0.04327633649880256,,,Model operation / Technological / Cascading error propagation|Model operation / Human / Loss of situational awareness|Model operation / Technological / Sensor artifacts,Model operation / Technological / Cascading error propagation|Model operation / Human / Loss of situational awareness|Model operation / Technological / Sensor artifacts|Model operation / Technological / Concept drift|Model Training / Human / Domain shift,Model operation / Technological / Cascading error propagation|Model operation / Human / Loss of situational awareness|Model operation / Technological / Sensor artifacts|Model operation / Technological / Concept drift|Model Training / Human / Domain shift|Model Training / Human / Incomplete validation criteria|Knowledge analysis / Technological / Incorrect spatial-geometric interpretation|Knowledge analysis / Technological / Reliance on spurious features|Model Training / Technological / Overfitting|Model Training / Technological / Confabulations
P3,132,18200174,True,0.018940511182302378,,,Model operation / Technological / Cascading error propagation|Model Training / Human / Domain shift|Model Training / Human / Incomplete validation criteria,Model operation / Technological / Cascading error propagation|Model Training / Human / Domain shift|Model Training / Human / Incomplete validation criteria|Model operation / Human / Loss of situational awareness|Model operation / Technological / Concept drift,Model operation / Technological / Cascading error propagation|Model Training / Human / Domain shift|Model Training / Human / Incomplete validation criteria|Model operation / Human / Loss of situational awareness|Model operation / Technological / Concept drift|Model operation / Technological / Sensor artifacts|Knowledge analysis / Technological / Incorrect spatial-geometric interpretation|Knowledge analysis / Technological / Reliance on spurious features|Knowledge analysis / Human / Annotation errors|Knowledge analysis / Human / Lack of uncertainty estimation
P3,133,18200175,True,0.06522766332135262,,,Model operation / Technological / Cascading error propagation|Model operation / Human / Loss of situational awareness|Model operation / Technological / Concept drift,Model operation / Technological / Cascading error propagation|Model operation / Human / Loss of situational awareness|Model operation / Technological / Concept drift|Model operation / Technological / Sensor artifacts|Knowledge analysis / Human / Lack of uncertainty estimation,Model operation / Technological / Cascading error propagation|Model operation / Human / Loss of situational awareness|Model operation / Technological / Concept drift|Model operation / Technological / Sensor artifacts|Knowledge analysis / Human / Lack of uncertainty estimation|Knowledge analysis / Technological / Incorrect spatial-geometric interpretation|Knowledge analysis / Technological / Reliance on spurious features|Model Training / Human / Domain shift|Model Training / Human / Incomplete validation criteria|Model Training / Technological / Confabulations
P3,134,18200176,True,0.05825072689858355,,,Model operation / Technological / Cascading error propagation|Model operation / Human / Loss of situational awareness|Model Training / Human / Incomplete validation criteria,Model operation / Technological / Cascading error propagation|Model operation / Human / Loss of situational awareness|Model Training / Human / Incomplete validation criteria|Model operation / Technological / Concept drift|Knowledge analysis / Technological / Incorrect spatial-geometric interpretation,Model operation / Technological / Cascading error propagation|Model operation / Human / Loss of situational awareness|Model Training / Human / Incomplete validation criteria|Model operation / Technological / Concept drift|Knowledge analysis / Technological / Incorrect spatial-geometric interpretation|Knowledge analysis / Technological / Reliance on spurious features|Model operation / Technological / Sensor artifacts|Knowledge analysis / Human / Inappropriate model architecture|Knowledge analysis / Human / Annotation errors|Model Training / Human / Domain shift
P3,135,18200177,True,0.02966434031115048,,,Model operation / Technological / Cascading error propagation|Model operation / Human / Loss of situational awareness|Model Training / Human / Incomplete validation criteria,Model operation / Technological / Cascading error propagation|Model operation / Human / Loss of situational awareness|Model Training / Human / Incomplete validation criteria|Model operation / Technological / Concept drift|Model operation / Technological / Sensor artifacts,Model operation / Technological / Cascading error propagation|Model operation / Human / Loss of situational awareness|Model Training / Human / Incomplete validation criteria|Model operation / Technological / Concept drift|Model operation / Technological / Sensor artifacts|Knowledge analysis / Technological / Incorrect spatial-geometric interpretation|Knowledge analysis / Technological / Reliance on spurious features|Knowledge analysis / Human / Annotation errors|Knowledge analysis / Human / Lack of uncertainty estimation|Knowledge analysis / Human / Inappropriate model architecture
P3,136,18200178,True,0.0462254964473906,,,Model operation / Technological / Cascading error propagation|Model operation / Human / Loss of situational awareness|Model Training / Human / Domain shift,Model operation / Technological / Cascading error propagation|Model operation / Human / Loss of situational awareness|Model Training / Human / Domain shift|Model Training / Human / Incomplete validation criteria|Model operation / Technological / Concept drift,Model operation / Technological / Cascading error propagation|Model operation / Human / Loss of situational awareness|Model Training / Human / Domain shift|Model Training / Human / Incomplete validation criteria|Model operation / Technological / Concept drift|Model operation / Technological / Sensor artifacts|Knowledge analysis / Technological / Incorrect spatial-geometric interpretation|Knowledge analysis / Technological / Reliance on spurious features|Knowledge analysis / Human / Lack of uncertainty estimation|Knowledge analysis / Human / Annotation errors
P3,137,18200179,True,0.03893218882992387,,,Model operation / Technological / Cascading error propagation|Model operation / Human / Loss of situational awareness|Model operation / Technological / Concept drift,Model operation / Technological / Cascading error propagation|Model operation / Human / Loss of situational awareness|Model operation / Technological / Concept drift|Model operation / Technological / Sensor artifacts|Model Training / Human / Domain shift,Model operation / Technological / Cascading error propagation|Model operation / Human / Loss of situational awareness|Model operation / Technological / Concept drift|Model operation / Technological / Sensor artifacts|Model Training / Human / Domain shift|Model Training / Human / Incomplete validation criteria|Knowledge analysis / Technological / Incorrect spatial-geometric interpretation|Knowledge analysis / Technological / Reliance on spurious features|Model Training / Technological / Overfitting|Model Training / Technological / Confabulations
P3,138,18200180,True,0.053320189782745726,,,Model operation / Technological / Cascading error propagation|Model Training / Human / Domain shift|Model Training / Human / Incomplete validation criteria,Model operation / Technological / Cascading error propagation|Model Training / Human / Domain shift|Model Training / Human / Incomplete validation criteria|Model operation / Human / Loss of situational awareness|Model operation / Technological / Sensor artifacts,Model operation / Technological / Cascading error propagation|Model Training / Human / Domain shift|Model Training / Human / Incomplete validation criteria|Model operation / Human / Loss of situational awareness|Model operation / Technological / Sensor artifacts|Model operation / Technological / Concept drift|Knowledge analysis / Technological / Incorrect spatial-geometric interpretation|Knowledge analysis / Technological / Reliance on spurious features|Model Training / Technological / Overfitting|Model Training / Technological / Confabulations
P3,139,18200181,True,0.05722255603061536,,,Model operation / Technological / Cascading error propagation|Model operation / Human / Loss of situational awareness|Knowledge analysis / Technological / Incorrect spatial-geometric interpretation,Model operation / Technological / Cascading error propagation|Model operation / Human / Loss of situational awareness|Knowledge analysis / Technological / Incorrect spatial-geometric interpretation|Knowledge analysis / Technological / Reliance on spurious features|Knowledge analysis / Human / Inappropriate model architecture,Model operation / Technological / Cascading error propagation|Model operation / Human / Loss of situational awareness|Knowledge analysis / Technological / Incorrect spatial-geometric interpretation|Knowledge analysis / Technological / Reliance on spurious features|Knowledge analysis / Human / Inappropriate model architecture|Model Training / Human / Domain shift|Model operation / Technological / Sensor artifacts|Model operation / Technological / Concept drift|Knowledge analysis / Human / Annotation errors|Knowledge analysis / Human / Lack of uncertainty estimation
P3,140,18200182,True,0.02103250455854606,,,Model operation / Technological / Cascading error propagation|Model operation / Human / Loss of situational awareness|Model operation / Technological / Concept drift,Model operation / Technological / Cascading error propagation|Model operation / Human / Loss of situational awareness|Model operation / Technological / Concept drift|Model operation / Technological / Sensor artifacts|Model Training / Human / Incomplete validation criteria,Model operation / Technological / Cascading error propagation|Model operation / Human / Loss of situational awareness|Model operation / Technological / Concept drift|Model operation / Technological / Sensor artifacts|Model Training / Human / Incomplete validation criteria|Knowledge analysis / Technological / Incorrect spatial-geometric interpretation|Knowledge analysis / Technological / Reliance on spurious features|Knowledge analysis / Human / Annotation errors|Knowledge analysis / Human / Lack of uncertainty estimation|Knowledge analysis / Human / Inappropriate model architecture
P3,141,18200183,False,0.3167601732596934,Knowledge analysis / Human,,Model operation / Technological / Cascading error propagation|Model operation / Human / Loss of situational awareness|Model operation / Technological / Sensor artifacts,Model operation / Technological / Cascading error propagation|Model operation / Human / Loss of situational awareness|Model operation / Technological / Sensor artifacts|Model operation / Technological / Concept drift|Knowledge analysis / Technological / Incorrect spatial-geometric interpretation,Model operation / Technological / Cascading error propagation|Model operation / Human / Loss of situational awareness|Model operation / Technological / Sensor artifacts|Model operation / Technological / Concept drift|Knowledge analysis / Technological / Incorrect spatial-geometric interpretation|Knowledge analysis / Technological / Reliance on spurious features|Model Training / Human / Domain shift|Model Training / Human / Incomplete validation criteria|Knowledge analysis / Human / Lack of uncertainty estimation|Knowledge analysis / Human / Inappropriate model architecture
P3,142,18200184,True,0.03563457833202142,,,Model operation / Technological / Cascading error propagation|Model operation / Human / Loss of situational awareness|Model operation / Technological / Sensor artifacts,Model operation / Technological / Cascading error propagation|Model operation / Human / Loss of situational awareness|Model operation / Technological / Sensor artifacts|Model operation / Technological / Concept drift|Model Training / Human / Domain shift,Model operation / Technological / Cascading error propagation|Model operation / Human / Loss of situational awareness|Model operation / Technological / Sensor artifacts|Model operation / Technological / Concept drift|Model Training / Human / Domain shift|Model Training / Human / Incomplete validation criteria|Knowledge analysis / Technological / Incorrect spatial-geometric interpretation|Knowledge analysis / Technological / Reliance on spurious features|Model Training / Technological / Confabulations|Model Training / Technological / Confidence miscalibration
P3,143,18200185,True,0.046225496447394814,,,Model operation / Technological / Cascading error propagation|Model operation / Human / Loss of situational awareness|Model operation / Technological / Sensor artifacts,Model operation / Technological / Cascading error propagation|Model operation / Human / Loss of situational awareness|Model operation / Technological / Sensor artifacts|Model operation / Technological / Concept drift|Model Training / Human / Domain shift,Model operation / Technological / Cascading error propagation|Model operation / Human / Loss of situational awareness|Model operation / Technological / Sensor artifacts|Model operation / Technological / Concept drift|Model Training / Human / Domain shift|Model Training / Human / Incomplete validation criteria|Knowledge analysis / Technological / Incorrect spatial-geometric interpretation|Knowledge analysis / Technological / Reliance on spurious features|Knowledge analysis / Human / Lack of uncertainty estimation|Knowledge analysis / Human / Inappropriate model architecture
P3,144,18200186,True,0.02630095462948436,,,Model operation / Technological / Cascading error propagation|Model operation / Human / Loss of situational awareness|Knowledge analysis / Technological / Incorrect spatial-geometric interpretation,Model operation / Technological / Cascading error propagation|Model operation / Human / Loss of situational awareness|Knowledge analysis / Technological / Incorrect spatial-geometric interpretation|Knowledge analysis / Technological / Reliance on spurious features|Model operation / Technological / Sensor artifacts,Model operation / Technological / Cascading error propagation|Model operation / Human / Loss of situational awareness|Knowledge analysis / Technological / Incorrect spatial-geometric interpretation|Knowledge analysis / Technological / Reliance on spurious features|Model operation / Technological / Sensor artifacts|Model operation / Technological / Concept drift|Model Training / Human / Domain shift|Model Training / Human / Incomplete validation criteria|Knowledge analysis / Human / Annotation errors|Knowledge analysis / Human / Lack of uncertainty estimation
P3,145,18200187,True,0.02697910444713429,,,Model operation / Technological / Cascading error propagation|Model Training / Human / Domain shift|Model Training / Human / Incomplete validation criteria,Model operation / Technological / Cascading error propagation|Model Training / Human / Domain shift|Model Training / Human / Incomplete validation criteria|Model operation / Technological / Sensor artifacts|Model operation / Human / Loss of situational awareness,Model operation / Technological / Cascading error propagation|Model Training / Human / Domain shift|Model Training / Human / Incomplete validation criteria|Model operation / Technological / Sensor artifacts|Model operation / Human / Loss of situational awareness|Model operation / Technological / Concept drift|Model Training / Technological / Confabulations|Knowledge analysis / Human / Annotation errors|Knowledge analysis / Human / Lack of uncertainty estimation|Knowledge analysis / Human / Inappropriate model architecture
P3,146,18200188,True,0.029664340311150807,,,Model operation / Technological / Cascading error propagation|Model operation / Human / Loss of situational awareness|Model Training / Human / Domain shift,Model operation / Technological / Cascading error propagation|Model operation / Human / Loss of situational awareness|Model Training / Human / Domain shift|Model Training / Human / Incomplete validation criteria|Model operation / Technological / Concept drift,Model operation / Technological / Cascading error propagation|Model operation / Human / Loss of situational awareness|Model Training / Human / Domain shift|Model Training / Human / Incomplete validation criteria|Model operation / Technological / Concept drift|Model operation / Technological / Sensor artifacts|Knowledge analysis / Technological / Incorrect spatial-geometric interpretation|Knowledge analysis / Technological / Reliance on spurious features|Model Training / Technological / Confabulations|Model Training / Technological / Confidence miscalibration
P3,147,18200189,False,0.12348209695274161,Knowledge selection / Human,,Model operation / Technological / Cascading error propagation|Model operation / Human / Loss of situational awareness|Model operation / Technological / Sensor artifacts,Model operation / Technological / Cascading error propagation|Model operation / Human / Loss of situational awareness|Model operation / Technological / Sensor artifacts|Model operation / Technological / Concept drift|Model Training / Human / Domain shift,Model operation / Technological / Cascading error propagation|Model operation / Human / Loss of situational awareness|Model operation / Technological / Sensor artifacts|Model operation / Technological / Concept drift|Model Training / Human / Domain shift|Model Training / Human / Incomplete validation criteria|Model Training / Technological / Confabulations|Knowledge analysis / Technological / Incorrect spatial-geometric interpretation|Knowledge analysis / Technological / Reliance on spurious features|Model Training / Technological / Confidence miscalibration
P3,148,18200190,True,0.0462254964473906,,,Model operation / Technological / Cascading error propagation|Model operation / Human / Loss of situational awareness|Knowledge analysis / Technological / Incorrect spatial-geometric interpretation,Model operation / Technological / Cascading error propagation|Model operation / Human / Loss of situational awareness|Knowledge analysis / Technological / Incorrect spatial-geometric interpretation|Knowledge analysis / Technological / Reliance on spurious features|Model operation / Technological / Sensor artifacts,Model operation / Technological / Cascading error propagation|Model operation / Human / Loss of situational awareness|Knowledge analysis / Technological / Incorrect spatial-geometric interpretation|Knowledge analysis / Technological / Reliance on spurious features|Model operation / Technological / Sensor artifacts|Model operation / Technological / Concept drift|Knowledge analysis / Human / Lack of uncertainty estimation|Knowledge analysis / Human / Annotation errors|Model Training / Human / Domain shift|Model Training / Human / Incomplete validation criteria
P3,149,18200191,True,0.07103792695838404,,,Model operation / Technological / Cascading error propagation|Model operation / Human / Loss of situational awareness|Knowledge analysis / Technological / Incorrect spatial-geometric interpretation,Model operation / Technological / Cascading error propagation|Model operation / Human / Loss of situational awareness|Knowledge analysis / Technological / Incorrect spatial-geometric interpretation|Knowledge analysis / Technological / Reliance on spurious features|Model operation / Technological / Concept drift,Model operation / Technological / Cascading error propagation|Model operation / Human / Loss of situational awareness|Knowledge analysis / Technological / Incorrect spatial-geometric interpretation|Knowledge analysis / Technological / Reliance on spurious features|Model operation / Technological / Concept drift|Model operation / Technological / Sensor artifacts|Model Training / Human / Domain shift|Knowledge analysis / Human / Inappropriate model architecture|Knowledge analysis / Human / Annotation errors|Knowledge analysis / Human / Lack of uncertainty estimation
P3,150,18200192,True,0.03952908402901597,,,Model operation / Technological / Cascading error propagation|Model operation / Human / Loss of situational awareness|Model Training / Human / Domain shift,Model operation / Technological / Cascading error propagation|Model operation / Human / Loss of situational awareness|Model Training / Human / Domain shift|Model Training / Human / Incomplete validation criteria|Model operation / Technological / Concept drift,Model operation / Technological / Cascading error propagation|Model operation / Human / Loss of situational awareness|Model Training / Human / Domain shift|Model Training / Human / Incomplete validation criteria|Model operation / Technological / Concept drift|Model operation / Technological / Sensor artifacts|Knowledge analysis / Technological / Incorrect spatial-geometric interpretation|Knowledge analysis / Technological / Reliance on spurious features|Model Training / Technological / Confabulations|Model Training / Technological / Overfitting
P3,151,18200193,True,0.019190577417305447,,,Model operation / Technological / Cascading error propagation|Model Training / Human / Domain shift|Model Training / Human / Incomplete validation criteria,Model operation / Technological / Cascading error propagation|Model Training / Human / Domain shift|Model Training / Human / Incomplete validation criteria|Model operation / Human / Loss of situational awareness|Model operation / Technological / Sensor artifacts,Model operation / Technological / Cascading error propagation|Model Training / Human / Domain shift|Model Training / Human / Incomplete validation criteria|Model operation / Human / Loss of situational awareness|Model operation / Technological / Sensor artifacts|Model operation / Technological / Concept drift|Knowledge analysis / Technological / Incorrect spatial-geometric interpretation|Knowledge analysis / Technological / Reliance on spurious features|Knowledge analysis / Human / Annotation errors|Knowledge analysis / Human / Lack of uncertainty estimation
P3,152,18200194,True,0.0462254964473906,,,Model operation / Technological / Cascading error propagation|Knowledge analysis / Technological / Incorrect spatial-geometric interpretation|Model operation / Human / Loss of situational awareness,Model operation / Technological / Cascading error propagation|Knowledge analysis / Technological / Incorrect spatial-geometric interpretation|Model operation / Human / Loss of situational awareness|Model operation / Technological / Sensor artifacts|Model operation / Technological / Concept drift,Model operation / Technological / Cascading error propagation|Knowledge analysis / Technological / Incorrect spatial-geometric interpretation|Model operation / Human / Loss of situational awareness|Model operation / Technological / Sensor artifacts|Model operation / Technological / Concept drift|Model Training / Human / Domain shift|Model Training / Human / Incomplete validation criteria|Knowledge analysis / Human / Annotation errors|Model Training / Technological / Confabulations|Knowledge analysis / Human / Lack of uncertainty estimation
P3,153,18200195,True,0.02477003638575207,,,Model operation / Technological / Cascading error propagation|Model operation / Human / Loss of situational awareness|Model operation / Technological / Sensor artifacts,Model operation / Technological / Cascading error propagation|Model operation / Human / Loss of situational awareness|Model operation / Technological / Sensor artifacts|Model operation / Technological / Concept drift|Model Training / Human / Domain shift,Model operation / Technological / Cascading error propagation|Model operation / Human / Loss of situational awareness|Model operation / Technological / Sensor artifacts|Model operation / Technological / Concept drift|Model Training / Human / Domain shift|Model Training / Human / Incomplete validation criteria|Knowledge analysis / Technological / Incorrect spatial-geometric interpretation|Knowledge analysis / Technological / Reliance on spurious features|Model Training / Technological / Overfitting|Model Training / Technological / Confidence miscalibration
P3,154,18200196,True,0.046225496447391365,,,Model operation / Technological / Cascading error propagation|Model operation / Human / Loss of situational awareness|Model operation / Technological / Sensor artifacts,Model operation / Technological / Cascading error propagation|Model operation / Human / Loss of situational awareness|Model operation / Technological / Sensor artifacts|Knowledge analysis / Technological / Incorrect spatial-geometric interpretation|Knowledge analysis / Technological / Reliance on spurious features,Model operation / Technological / Cascading error propagation|Model operation / Human / Loss of situational awareness|Model operation / Technological / Sensor artifacts|Knowledge analysis / Technological / Incorrect spatial-geometric interpretation|Knowledge analysis / Technological / Reliance on spurious features|Model operation / Technological / Concept drift|Knowledge analysis / Human / Annotation errors|Model Training / Technological / Confabulations|Model Training / Technological / Confidence miscalibration|Model Training / Technological / Overfitting
P3,155,18200197,True,0.07303995720114181,,,Model operation / Technological / Cascading error propagation|Model operation / Human / Loss of situational awareness|Model operation / Technological / Sensor artifacts,Model operation / Technological / Cascading error propagation|Model operation / Human / Loss of situational awareness|Model operation / Technological / Sensor artifacts|Model operation / Technological / Concept drift|Knowledge analysis / Technological / Incorrect spatial-geometric interpretation,Model operation / Technological / Cascading error propagation|Model operation / Human / Loss of situational awareness|Model operation / Technological / Sensor artifacts|Model operation / Technological / Concept drift|Knowledge analysis / Technological / Incorrect spatial-geometric interpretation|Knowledge analysis / Technological / Reliance on spurious features|Knowledge analysis / Human / Inappropriate model architecture|Model Training / Human / Domain shift|Model Training / Human / Incomplete validation criteria|Knowledge analysis / Human / Lack of uncertainty estimation
P3,156,18200198,True,0.06660402214473261,,,Model operation / Technological / Cascading error propagation|Model operation / Human / Loss of situational awareness|Model operation / Technological / Sensor artifacts,Model operation / Technological / Cascading error propagation|Model operation / Human / Loss of situational awareness|Model operation / Technological / Sensor artifacts|Model Training / Human / Incomplete validation criteria|Model operation / Technological / Concept drift,Model operation / Technological / Cascading error propagation|Model operation / Human / Loss of situational awareness|Model operation / Technological / Sensor artifacts|Model Training / Human / Incomplete validation criteria|Model operation / Technological / Concept drift|Knowledge analysis / Technological / Incorrect spatial-geometric interpretation|Knowledge analysis / Technological / Reliance on spurious features|Knowledge analysis / Human / Annotation errors|Knowledge analysis / Human / Lack of uncertainty estimation|Knowledge analysis / Human / Inappropriate model architecture
P3,157,18200199,True,0.06931046931937147,,,Model operation / Technological / Cascading error propagation|Model operation / Human / Loss of situational awareness|Model operation / Technological / Sensor artifacts,Model operation / Technological / Cascading error propagation|Model operation / Human / Loss of situational awareness|Model operation / Technological / Sensor artifacts|Model operation / Technological / Concept drift|Model Training / Human / Domain shift,Model operation / Technological / Cascading error propagation|Model operation / Human / Loss of situational awareness|Model operation / Technological / Sensor artifacts|Model operation / Technological / Concept drift|Model Training / Human / Domain shift|Model Training / Human / Incomplete validation criteria|Knowledge analysis / Technological / Incorrect spatial-geometric interpretation|Knowledge analysis / Technological / Reliance on spurious features|Model Training / Technological / Overfitting|Model Training / Technological / Confabulations
P3,158,18200200,True,0.0462254964473906,,,Model operation / Technological / Cascading error propagation|Model operation / Human / Loss of situational awareness|Model operation / Technological / Concept drift,Model operation / Technological / Cascading error propagation|Model operation / Human / Loss of situational awareness|Model operation / Technological / Concept drift|Knowledge analysis / Technological / Incorrect spatial-geometric interpretation|Knowledge analysis / Technological / Reliance on spurious features,Model operation / Technological / Cascading error propagation|Model operation / Human / Loss of situational awareness|Model operation / Technological / Concept drift|Knowledge analysis / Technological / Incorrect spatial-geometric interpretation|Knowledge analysis / Technological / Reliance on spurious features|Model operation / Technological / Sensor artifacts|Model Training / Human / Domain shift|Model Training / Technological / Confabulations|Model Training / Human / Incomplete validation criteria|Model Training / Technological / Overfitting
P3,159,18200201,True,0.011553907124426388,,,Model operation / Technological / Cascading error propagation|Model operation / Human / Loss of situational awareness|Model operation / Technological / Sensor artifacts,Model operation / Technological / Cascading error propagation|Model operation / Human / Loss of situational awareness|Model operation / Technological / Sensor artifacts|Model operation / Technological / Concept drift|Knowledge analysis / Technological / Incorrect spatial-geometric interpretation,Model operation / Technological / Cascading error propagation|Model operation / Human / Loss of situational awareness|Model operation / Technological / Sensor artifacts|Model operation / Technological / Concept drift|Knowledge analysis / Technological / Incorrect spatial-geometric interpretation|Knowledge analysis / Technological / Reliance on spurious features|Model Training / Human / Domain shift|Model Training / Human / Incomplete validation criteria|Model Training / Technological / Confidence miscalibration|Knowledge analysis / Human / Annotation errors
P3,160,18200202,True,0.0462254964473906,,,Model operation / Technological / Cascading error propagation|Model operation / Human / Loss of situational awareness|Knowledge analysis / Technological / Incorrect spatial-geometric interpretation,Model operation / Technological / Cascading error propagation|Model operation / Human / Loss of situational awareness|Knowledge analysis / Technological / Incorrect spatial-geometric interpretation|Knowledge analysis / Technological / Reliance on spurious features|Model operation / Technological / Concept drift,Model operation / Technological / Cascading error propagation|Model operation / Human / Loss of situational awareness|Knowledge analysis / Technological / Incorrect spatial-geometric interpretation|Knowledge analysis / Technological / Reliance on spurious features|Model operation / Technological / Concept drift|Model operation / Technological / Sensor artifacts|Model Training / Human / Domain shift|Model Training / Human / Incomplete validation criteria|Knowledge analysis / Human / Annotation errors|Knowledge analysis / Human / Lack of uncertainty estimation
P3,161,18200203,False,0.1873806697548587,|Knowledge analysis / Human,,Model operation / Technological / Cascading error propagation|Model Training / Human / Domain shift|Model Training / Human / Incomplete validation criteria,Model operation / Technological / Cascading error propagation|Model Training / Human / Domain shift|Model Training / Human / Incomplete validation criteria|Model operation / Human / Loss of situational awareness|Model operation / Technological / Sensor artifacts,Model operation / Technological / Cascading error propagation|Model Training / Human / Domain shift|Model Training / Human / Incomplete validation criteria|Model operation / Human / Loss of situational awareness|Model operation / Technological / Sensor artifacts|Model operation / Technological / Concept drift|Knowledge analysis / Technological / Incorrect spatial-geometric interpretation|Knowledge analysis / Technological / Reliance on spurious features|Model Training / Technological / Confidence miscalibration|Knowledge analysis / Human / Lack of uncertainty estimation
P3,162,18200204,True,0.09316717244858143,,,Model operation / Technological / Cascading error propagation|Model operation / Technological / Sensor artifacts|Model operation / Human / Loss of situational awareness,Model operation / Technological / Cascading error propagation|Model operation / Technological / Sensor artifacts|Model operation / Human / Loss of situational awareness|Model Training / Human / Domain shift|Model Training / Human / Incomplete validation criteria,Model operation / Technological / Cascading error propagation|Model operation / Technological / Sensor artifacts|Model operation / Human / Loss of situational awareness|Model Training / Human / Domain shift|Model Training / Human / Incomplete validation criteria|Knowledge analysis / Technological / Incorrect spatial-geometric interpretation|Model operation / Technological / Concept drift|Model Training / Technological / Confabulations|Model Training / Technological / Confidence miscalibration|Model Training / Technological / Overfitting
P3,163,18200205,True,0.018940511182303364,,,Model operation / Technological / Cascading error propagation|Model Training / Human / Domain shift|Model Training / Human / Incomplete validation criteria,Model operation / Technological / Cascading error propagation|Model Training / Human / Domain shift|Model Training / Human / Incomplete validation criteria|Knowledge analysis / Technological / Incorrect spatial-geometric interpretation|Knowledge analysis / Technological / Reliance on spurious features,Model operation / Technological / Cascading error propagation|Model Training / Human / Domain shift|Model Training / Human / Incomplete validation criteria|Knowledge analysis / Technological / Incorrect spatial-geometric interpretation|Knowledge analysis / Technological / Reliance on spurious features|Model operation / Human / Loss of situational awareness|Model operation / Technological / Concept drift|Model Training / Technological / Overfitting|Model operation / Technological / Sensor artifacts|Model Training / Technological / Confabulations
P3,164,18200206,True,0.08163990503759304,,,Model operation / Technological / Cascading error propagation|Model operation / Human / Loss of situational awareness|Knowledge analysis / Technological / Reliance on spurious features,Model operation / Technological / Cascading error propagation|Model operation / Human / Loss of situational awareness|Knowledge analysis / Technological / Reliance on spurious features|Model operation / Technological / Sensor artifacts|Model operation / Technological / Concept drift,Model operation / Technological / Cascading error propagation|Model operation / Human / Loss of situational awareness|Knowledge analysis / Technological / Reliance on spurious features|Model operation / Technological / Sensor artifacts|Model operation / Technological / Concept drift|Model Training / Human / Domain shift|Model Training / Human / Incomplete validation criteria|Knowledge analysis / Human / Annotation errors|Knowledge analysis / Human / Lack of uncertainty estimation|Knowledge analysis / Technological / Incorrect spatial-geometric interpretation
P3,165,18200207,True,0.03232643353175829,,,Model operation / Technological / Cascading error propagation|Model operation / Human / Loss of situational awareness|Model operation / Technological / Sensor artifacts,Model operation / Technological / Cascading error propagation|Model operation / Human / Loss of situational awareness|Model operation / Technological / Sensor artifacts|Model operation / Technological / Concept drift|Model Training / Human / Domain shift,Model operation / Technological / Cascading error propagation|Model operation / Human / Loss of situational awareness|Model operation / Technological / Sensor artifacts|Model operation / Technological / Concept drift|Model Training / Human / Domain shift|Model Training / Human / Incomplete validation criteria|Knowledge analysis / Technological / Incorrect spatial-geometric interpretation|Knowledge analysis / Technological / Reliance on spurious features|Model Training / Technological / Overfitting|Knowledge analysis / Human / Annotation errors
P3,166,18200208,True,0.046225496447391365,,,Model operation / Technological / Cascading error propagation|Model operation / Human / Loss of situational awareness|Model operation / Technological / Concept drift,Model operation / Technological / Cascading error propagation|Model operation / Human / Loss of situational awareness|Model operation / Technological / Concept drift|Model operation / Technological / Sensor artifacts|Model Training / Human / Domain shift,Model operation / Technological / Cascading error propagation|Model operation / Human / Loss of situational awareness|Model operation / Technological / Concept drift|Model operation / Technological / Sensor artifacts|Model Training / Human / Domain shift|Model Training / Human / Incomplete validation criteria|Knowledge analysis / Technological / Incorrect spatial-geometric interpretation|Knowledge analysis / Technological / Reliance on spurious features|Knowledge analysis / Human / Annotation errors|Model Training / Technological / Overfitting
P3,167,18200209,True,0.09358322119177573,,,Model operation / Technological / Cascading error propagation|Model operation / Human / Loss of situational awareness|Model Training / Human / Domain shift,Model operation / Technological / Cascading error propagation|Model operation / Human / Loss of situational awareness|Model Training / Human / Domain shift|Model Training / Human / Incomplete validation criteria|Model operation / Technological / Sensor artifacts,Model operation / Technological / Cascading error propagation|Model operation / Human / Loss of situational awareness|Model Training / Human / Domain shift|Model Training / Human / Incomplete validation criteria|Model operation / Technological / Sensor artifacts|Model operation / Technological / Concept drift|Model Training / Technological / Confabulations|Knowledge analysis / Technological / Incorrect spatial-geometric interpretation|Knowledge analysis / Technological / Reliance on spurious features|Model Training / Technological / Confidence miscalibration
P3,168,18200210,False,0.125112071473683,,,Model operation / Technological / Cascading error propagation|Knowledge analysis / Technological / Incorrect spatial-geometric interpretation|Knowledge analysis / Technological / Reliance on spurious features,Model operation / Technological / Cascading error propagation|Knowledge analysis / Technological / Incorrect spatial-geometric interpretation|Knowledge analysis / Technological / Reliance on spurious features|Model operation / Human / Loss of situational awareness|Model operation / Technological / Sensor artifacts,Model operation / Technological / Cascading error propagation|Knowledge analysis / Technological / Incorrect spatial-geometric interpretation|Knowledge analysis / Technological / Reliance on spurious features|Model operation / Human / Loss of situational awareness|Model operation / Technological / Sensor artifacts|Model operation / Technological / Concept drift|Model Training / Human / Domain shift|Model Training / Human / Incomplete validation criteria|Knowledge analysis / Human / Annotation errors|Knowledge analysis / Human / Lack of uncertainty estimation
P3,169,18200211,True,0.062235629648370906,,,Model operation / Technological / Cascading error propagation|Model operation / Human / Loss of situational awareness|Model operation / Technological / Concept drift,Model operation / Technological / Cascading error propagation|Model operation / Human / Loss of situational awareness|Model operation / Technological / Concept drift|Model operation / Technological / Sensor artifacts|Knowledge analysis / Technological / Incorrect spatial-geometric interpretation,Model operation / Technological / Cascading error propagation|Model operation / Human / Loss of situational awareness|Model operation / Technological / Concept drift|Model operation / Technological / Sensor artifacts|Knowledge analysis / Technological / Incorrect spatial-geometric interpretation|Knowledge analysis / Technological / Reliance on spurious features|Model Training / Human / Domain shift|Model Training / Human / Incomplete validation criteria|Model Training / Technological / Confidence miscalibration|Model Training / Technological / Confabulations
P3,170,18200212,True,0.046225496447391365,,,Model operation / Technological / Cascading error propagation|Model Training / Human / Domain shift|Model operation / Human / Loss of situational awareness,Model operation / Technological / Cascading error propagation|Model Training / Human / Domain shift|Model operation / Human / Loss of situational awareness|Model operation / Technological / Sensor artifacts|Model operation / Technological / Concept drift,Model operation / Technological / Cascading error propagation|Model Training / Human / Domain shift|Model operation / Human / Loss of situational awareness|Model operation / Technological / Sensor artifacts|Model operation / Technological / Concept drift|Knowledge analysis / Technological / Reliance on spurious features|Model Training / Human / Incomplete validation criteria|Model Training / Technological / Confidence miscalibration|Model Training / Technological / Confabulations|Model Training / Technological / Overfitting
P3,171,18200213,True,0.04622549644738907,,,Model operation / Technological / Cascading error propagation|Model operation / Technological / Sensor artifacts|Model operation / Human / Loss of situational awareness,Model operation / Technological / Cascading error propagation|Model operation / Technological / Sensor artifacts|Model operation / Human / Loss of situational awareness|Model Training / Human / Domain shift|Model Training / Human / Incomplete validation criteria,Model operation / Technological / Cascading error propagation|Model operation / Technological / Sensor artifacts|Model operation / Human / Loss of situational awareness|Model Training / Human / Domain shift|Model Training / Human / Incomplete validation criteria|Knowledge analysis / Technological / Incorrect spatial-geometric interpretation|Knowledge analysis / Technological / Reliance on spurious features|Model operation / Technological / Concept drift|Model Training / Technological / Confidence miscalibration|Model Training / Technological / Overfitting
P3,172,18200214,True,0.03899344803940673,,,Model operation / Technological / Cascading error propagation|Model operation / Human / Loss of situational awareness|Model operation / Technological / Concept drift,Model operation / Technological / Cascading error propagation|Model operation / Human / Loss of situational awareness|Model operation / Technological / Concept drift|Knowledge analysis / Technological / Incorrect spatial-geometric interpretation|Knowledge analysis / Technological / Reliance on spurious features,Model operation / Technological / Cascading error propagation|Model operation / Human / Loss of situational awareness|Model operation / Technological / Concept drift|Knowledge analysis / Technological / Incorrect spatial-geometric interpretation|Knowledge analysis / Technological / Reliance on spurious features|Model operation / Technological / Sensor artifacts|Model Training / Technological / Overfitting|Model Training / Technological / Confabulations|Knowledge analysis / Human / Annotation errors|Knowledge analysis / Human / Lack of uncertainty estimation
P3,173,18200215,True,0.0462254964473906,,,Model operation / Technological / Cascading error propagation|Model Training / Human / Incomplete validation criteria|Model operation / Human / Loss of situational awareness,Model operation / Technological / Cascading error propagation|Model Training / Human / Incomplete validation criteria|Model operation / Human / Loss of situational awareness|Model operation / Technological / Sensor artifacts|Model operation / Technological / Concept drift,Model operation / Technological / Cascading error propagation|Model Training / Human / Incomplete validation criteria|Model operation / Human / Loss of situational awareness|Model operation / Technological / Sensor artifacts|Model operation / Technological / Concept drift|Model Training / Human / Domain shift|Knowledge analysis / Technological / Incorrect spatial-geometric interpretation|Knowledge analysis / Technological / Reliance on spurious features|Knowledge analysis / Human / Lack of uncertainty estimation|Knowledge analysis / Human / Annotation errors
P3,174,18200216,True,0.07505218627014168,,,Model operation / Technological / Cascading error propagation|Model operation / Human / Loss of situational awareness|Model operation / Technological / Concept drift,Model operation / Technological / Cascading error propagation|Model operation / Human / Loss of situational awareness|Model operation / Technological / Concept drift|Model operation / Technological / Sensor artifacts|Model Training / Human / Domain shift,Model operation / Technological / Cascading error propagation|Model operation / Human / Loss of situational awareness|Model operation / Technological / Concept drift|Model operation / Technological / Sensor artifacts|Model Training / Human / Domain shift|Model Training / Human / Incomplete validation criteria|Knowledge analysis / Technological / Incorrect spatial-geometric interpretation|Knowledge analysis / Technological / Reliance on spurious features|Model Training / Technological / Confidence miscalibration|Knowledge analysis / Human / Inappropriate model architecture
P3,175,18200217,True,0.05811267124040215,,,Model operation / Technological / Cascading error propagation|Model operation / Human / Loss of situational awareness|Model operation / Technological / Sensor artifacts,Model operation / Technological / Cascading error propagation|Model operation / Human / Loss of situational awareness|Model operation / Technological / Sensor artifacts|Model operation / Technological / Concept drift|Model Training / Human / Domain shift,Model operation / Technological / Cascading error propagation|Model operation / Human / Loss of situational awareness|Model operation / Technological / Sensor artifacts|Model operation / Technological / Concept drift|Model Training / Human / Domain shift|Model Training / Human / Incomplete validation criteria|Knowledge analysis / Technological / Incorrect spatial-geometric interpretation|Knowledge analysis / Technological / Reliance on spurious features|Model Training / Technological / Overfitting|Model Training / Technological / Confabulations
P3,176,18200218,True,0.05023613347120434,,,Model operation / Technological / Cascading error propagation|Model operation / Human / Loss of situational awareness|Model operation / Technological / Concept drift,Model operation / Technological / Cascading error propagation|Model operation / Human / Loss of situational awareness|Model operation / Technological / Concept drift|Model operation / Technological / Sensor artifacts|Knowledge analysis / Technological / Incorrect spatial-geometric interpretation,Model operation / Technological / Cascading error propagation|Model operation / Human / Loss of situational awareness|Model operation / Technological / Concept drift|Model operation / Technological / Sensor artifacts|Knowledge analysis / Technological / Incorrect spatial-geometric interpretation|Knowledge analysis / Technological / Reliance on spurious features|Model Training / Technological / Overfitting|Model Training / Technological / Confabulations|Model Training / Technological / Confidence miscalibration|Knowledge analysis / Human / Annotation errors
P3,177,18200219,True,0.04651190012744348,,,Model operation / Technological / Cascading error propagation|Model operation / Human / Loss of situational awareness|Model operation / Technological / Sensor artifacts,Model operation / Technological / Cascading error propagation|Model operation / Human / Loss of situational awareness|Model operation / Technological / Sensor artifacts|Model operation / Technological / Concept drift|Model Training / Human / Domain shift,Model operation / Technological / Cascading error propagation|Model operation / Human / Loss of situational awareness|Model operation / Technological / Sensor artifacts|Model operation / Technological / Concept drift|Model Training / Human / Domain shift|Model Training / Human / Incomplete validation criteria|Knowledge analysis / Technological / Incorrect spatial-geometric interpretation|Knowledge analysis / Technological / Reliance on spurious features|Model Training / Technological / Confidence miscalibration|Model Training / Technological / Confabulations
P3,178,18200220,True,0.07359891423316742,,,Model operation / Technological / Cascading error propagation|Model operation / Human / Loss of situational awareness|Model operation / Technological / Concept drift,Model operation / Technological / Cascading error propagation|Model operation / Human / Loss of situational awareness|Model operation / Technological / Concept drift|Model operation / Technological / Sensor artifacts|Knowledge analysis / Technological / Incorrect spatial-geometric interpretation,Model operation / Technological / Cascading error propagation|Model operation / Human / Loss of situational awareness|Model operation / Technological / Concept drift|Model operation / Technological / Sensor artifacts|Knowledge analysis / Technological / Incorrect spatial-geometric interpretation|Knowledge analysis / Technological / Reliance on spurious features|Knowledge analysis / Human / Lack of uncertainty estimation|Knowledge analysis / Human / Inappropriate model architecture|Model Training / Human / Domain shift|Model Training / Human / Incomplete validation criteria
P3,179,18200221,True,0.027684179433061906,,,Model operation / Technological / Cascading error propagation|Model operation / Technological / Concept drift|Model operation / Human / Loss of situational awareness,Model operation / Technological / Cascading error propagation|Model operation / Technological / Concept drift|Model operation / Human / Loss of situational awareness|Model operation / Technological / Sensor artifacts|Knowledge analysis / Human / Annotation errors,Model operation / Technological / Cascading error propagation|Model operation / Technological / Concept drift|Model operation / Human / Loss of situational awareness|Model operation / Technological / Sensor artifacts|Knowledge analysis / Human / Annotation errors|Knowledge analysis / Technological / Incorrect spatial-geometric interpretation|Knowledge analysis / Technological / Reliance on spurious features|Model Training / Human / Domain shift|Model Training / Human / Incomplete validation criteria|Model Training / Technological / Confidence miscalibration
P3,180,18200222,True,0.05825072689858355,,,Model operation / Technological / Cascading error propagation|Model operation / Human / Loss of situational awareness|Model operation / Technological / Sensor artifacts,Model operation / Technological / Cascading error propagation|Model operation / Human / Loss of situational awareness|Model operation / Technological / Sensor artifacts|Model operation / Technological / Concept drift|Knowledge analysis / Technological / Incorrect spatial-geometric interpretation,Model operation / Technological / Cascading error propagation|Model operation / Human / Loss of situational awareness|Model operation / Technological / Sensor artifacts|Model operation / Technological / Concept drift|Knowledge analysis / Technological / Incorrect spatial-geometric interpretation|Knowledge analysis / Technological / Reliance on spurious features|Model Training / Human / Domain shift|Model Training / Human / Incomplete validation criteria|Knowledge analysis / Human / Annotation errors|Knowledge analysis / Human / Lack of uncertainty estimation
P3,181,18200223,True,0.01539231807652594,,,Model operation / Technological / Cascading error propagation|Model operation / Human / Loss of situational awareness|Model operation / Technological / Sensor artifacts,Model operation / Technological / Cascading error propagation|Model operation / Human / Loss of situational awareness|Model operation / Technological / Sensor artifacts|Model operation / Technological / Concept drift|Model Training / Human / Domain shift,Model operation / Technological / Cascading error propagation|Model operation / Human / Loss of situational awareness|Model operation / Technological / Sensor artifacts|Model operation / Technological / Concept drift|Model Training / Human / Domain shift|Model Training / Human / Incomplete validation criteria|Knowledge analysis / Technological / Incorrect spatial-geometric interpretation|Knowledge analysis / Technological / Reliance on spurious features|Model Training / Technological / Overfitting|Knowledge analysis / Human / Annotation errors
P3,182,18200224,True,0.09015301608491404,,,Model operation / Technological / Cascading error propagation|Knowledge analysis / Technological / Incorrect spatial-geometric interpretation|Knowledge analysis / Technological / Reliance on spurious features,Model operation / Technological / Cascading error propagation|Knowledge analysis / Technological / Incorrect spatial-geometric interpretation|Knowledge analysis / Technological / Reliance on spurious features|Model operation / Technological / Concept drift|Model operation / Human / Loss of situational awareness,Model operation / Technological / Cascading error propagation|Knowledge analysis / Technological / Incorrect spatial-geometric interpretation|Knowledge analysis / Technological / Reliance on spurious features|Model operation / Technological / Concept drift|Model operation / Human / Loss of situational awareness|Knowledge analysis / Human / Annotation errors|Knowledge analysis / Human / Lack of uncertainty estimation|Knowledge analysis / Human / Inappropriate model architecture|Model operation / Technological / Sensor artifacts|Model Training / Human / Domain shift
P3,183,18200225,True,0.020823708961519718,,,Model operation / Technological / Cascading error propagation|Model operation / Human / Loss of situational awareness|Model operation / Technological / Concept drift,Model operation / Technological / Cascading error propagation|Model operation / Human / Loss of situational awareness|Model operation / Technological / Concept drift|Model operation / Technological / Sensor artifacts|Knowledge analysis / Technological / Incorrect spatial-geometric interpretation,Model operation / Technological / Cascading error propagation|Model operation / Human / Loss of situational awareness|Model operation / Technological / Concept drift|Model operation / Technological / Sensor artifacts|Knowledge analysis / Technological / Incorrect spatial-geometric interpretation|Model Training / Human / Domain shift|Model Training / Human / Incomplete validation criteria|Model Training / Technological / Overfitting|Model Training / Technological / Confabulations|Knowledge analysis / Technological / Reliance on spurious features
P3,184,18200226,True,0.04622549644738907,,,Model operation / Technological / Cascading error propagation|Model operation / Human / Loss of situational awareness|Model Training / Human / Domain shift,Model operation / Technological / Cascading error propagation|Model operation / Human / Loss of situational awareness|Model Training / Human / Domain shift|Model Training / Human / Incomplete validation criteria|Model operation / Technological / Sensor artifacts,Model operation / Technological / Cascading error propagation|Model operation / Human / Loss of situational awareness|Model Training / Human / Domain shift|Model Training / Human / Incomplete validation criteria|Model operation / Technological / Sensor artifacts|Knowledge analysis / Technological / Incorrect spatial-geometric interpretation|Knowledge analysis / Technological / Reliance on spurious features|Model operation / Technological / Concept drift|Knowledge analysis / Human / Annotation errors|Knowledge analysis / Human / Lack of uncertainty estimation
P3,185,18200227,True,0.04368232275717649,,,Model operation / Technological / Cascading error propagation|Model operation / Human / Loss of situational awareness|Model operation / Technological / Concept drift,Model operation / Technological / Cascading error propagation|Model operation / Human / Loss of situational awareness|Model operation / Technological / Concept drift|Model operation / Technological / Sensor artifacts|Knowledge analysis / Technological / Incorrect spatial-geometric interpretation,Model operation / Technological / Cascading error propagation|Model operation / Human / Loss of situational awareness|Model operation / Technological / Concept drift|Model operation / Technological / Sensor artifacts|Knowledge analysis / Technological / Incorrect spatial-geometric interpretation|Knowledge analysis / Technological / Reliance on spurious features|Model Training / Human / Domain shift|Model Training / Human / Incomplete validation criteria|Model Training / Technological / Overfitting|Knowledge analysis / Human / Annotation errors
P3,186,18200228,True,0.028253486823128452,,,Model operation / Technological / Cascading error propagation|Model operation / Human / Loss of situational awareness|Model operation / Technological / Sensor artifacts,Model operation / Technological / Cascading error propagation|Model operation / Human / Loss of situational awareness|Model operation / Technological / Sensor artifacts|Model operation / Technological / Concept drift|Knowledge analysis / Human / Annotation errors,Model operation / Technological / Cascading error propagation|Model operation / Human / Loss of situational awareness|Model operation / Technological / Sensor artifacts|Model operation / Technological / Concept drift|Knowledge analysis / Human / Annotation errors|Knowledge analysis / Human / Lack of uncertainty estimation|Knowledge analysis / Human / Inappropriate model architecture|Model Training / Human / Domain shift|Model Training / Human / Incomplete validation criteria|Knowledge analysis / Technological / Incorrect spatial-geometric interpretation
P3,187,18200229,True,0.046225496447394814,,,Model operation / Technological / Cascading error propagation|Knowledge analysis / Technological / Incorrect spatial-geometric interpretation|Model operation / Human / Loss of situational awareness,Model operation / Technological / Cascading error propagation|Knowledge analysis / Technological / Incorrect spatial-geometric interpretation|Model operation / Human / Loss of situational awareness|Model operation / Technological / Concept drift|Model operation / Technological / Sensor artifacts,Model operation / Technological / Cascading error propagation|Knowledge analysis / Technological / Incorrect spatial-geometric interpretation|Model operation / Human / Loss of situational awareness|Model operation / Technological / Concept drift|Model operation / Technological / Sensor artifacts|Knowledge analysis / Technological / Reliance on spurious features|Model Training / Human / Domain shift|Model Training / Human / Incomplete validation criteria|Knowledge analysis / Human / Lack of uncertainty estimation|Model Training / Technological / Overfitting
P3,188,18200230,True,0.06069201339298126,,,Model operation / Technological / Cascading error propagation|Model operation / Human / Loss of situational awareness|Model operation / Technological / Sensor artifacts,Model operation / Technological / Cascading error propagation|Model operation / Human / Loss of situational awareness|Model operation / Technological / Sensor artifacts|Model operation / Technological / Concept drift|Knowledge analysis / Technological / Incorrect spatial-geometric interpretation,Model operation / Technological / Cascading error propagation|Model operation / Human / Loss of situational awareness|Model operation / Technological / Sensor artifacts|Model operation / Technological / Concept drift|Knowledge analysis / Technological / Incorrect spatial-geometric interpretation|Knowledge analysis / Technological / Reliance on spurious features|Knowledge analysis / Human / Lack of uncertainty estimation|Model Training / Human / Domain shift|Model Training / Human / Incomplete validation criteria|Knowledge analysis / Human / Inappropriate model architecture
P3,189,18200231,True,0.026666995973083557,,,Model operation / Technological / Cascading error propagation|Model operation / Technological / Sensor artifacts|Model operation / Human / Loss of situational awareness,Model operation / Technological / Cascading error propagation|Model operation / Technological / Sensor artifacts|Model operation / Human / Loss of situational awareness|Model operation / Technological / Concept drift|Model Training / Human / Domain shift,Model operation / Technological / Cascading error propagation|Model operation / Technological / Sensor artifacts|Model operation / Human / Loss of situational awareness|Model operation / Technological / Concept drift|Model Training / Human / Domain shift|Model Training / Human / Incomplete validation criteria|Knowledge analysis / Technological / Incorrect spatial-geometric interpretation|Knowledge analysis / Technological / Reliance on spurious features|Model Training / Technological / Overfitting|Knowledge analysis / Human / Annotation errors
P3,190,18200232,True,0.058385974467067094,,,Model operation / Technological / Cascading error propagation|Model operation / Human / Loss of situational awareness|Model operation / Technological / Concept drift,Model operation / Technological / Cascading error propagation|Model operation / Human / Loss of situational awareness|Model operation / Technological / Concept drift|Model operation / Technological / Sensor artifacts|Model Training / Human / Domain shift,Model operation / Technological / Cascading error propagation|Model operation / Human / Loss of situational awareness|Model operation / Technological / Concept drift|Model operation / Technological / Sensor artifacts|Model Training / Human / Domain shift|Model Training / Human / Incomplete validation criteria|Knowledge analysis / Technological / Incorrect spatial-geometric interpretation|Knowledge analysis / Technological / Reliance on spurious features|Knowledge analysis / Human / Annotation errors|Knowledge analysis / Human / Lack of uncertainty estimation
P3,191,18200233,True,0.03563457833202083,,,Model operation / Technological / Cascading error propagation|Model operation / Human / Loss of situational awareness|Model operation / Technological / Sensor artifacts,Model operation / Technological / Cascading error propagation|Model operation / Human / Loss of situational awareness|Model operation / Technological / Sensor artifacts|Model operation / Technological / Concept drift|Knowledge analysis / Technological / Incorrect spatial-geometric interpretation,Model operation / Technological / Cascading error propagation|Model operation / Human / Loss of situational awareness|Model operation / Technological / Sensor artifacts|Model operation / Technological / Concept drift|Knowledge analysis / Technological / Incorrect spatial-geometric interpretation|Knowledge analysis / Technological / Reliance on spurious features|Model Training / Human / Domain shift|Model Training / Human / Incomplete validation criteria|Knowledge analysis / Human / Annotation errors|Knowledge analysis / Human / Lack of uncertainty estimation
P3,192,18200234,True,0.01994807681030594,,,Model operation / Technological / Cascading error propagation|Model operation / Human / Loss of situational awareness|Model operation / Technological / Concept drift,Model operation / Technological / Cascading error propagation|Model operation / Human / Loss of situational awareness|Model operation / Technological / Concept drift|Model Training / Human / Domain shift|Model Training / Human / Incomplete validation criteria,Model operation / Technological / Cascading error propagation|Model operation / Human / Loss of situational awareness|Model operation / Technological / Concept drift|Model Training / Human / Domain shift|Model Training / Human / Incomplete validation criteria|Model operation / Technological / Sensor artifacts|Knowledge analysis / Technological / Incorrect spatial-geometric interpretation|Knowledge analysis / Technological / Reliance on spurious features|Model Training / Technological / Overfitting|Knowledge analysis / Human / Annotation errors
P3,193,18200235,True,0.022461862057088795,,,Model operation / Technological / Cascading error propagation|Model operation / Human / Loss of situational awareness|Model operation / Technological / Sensor artifacts,Model operation / Technological / Cascading error propagation|Model operation / Human / Loss of situational awareness|Model operation / Technological / Sensor artifacts|Model operation / Technological / Concept drift|Knowledge analysis / Technological / Incorrect spatial-geometric interpretation,Model operation / Technological / Cascading error propagation|Model operation / Human / Loss of situational awareness|Model operation / Technological / Sensor artifacts|Model operation / Technological / Concept drift|Knowledge analysis / Technological / Incorrect spatial-geometric interpretation|Knowledge analysis / Technological / Reliance on spurious features|Model Training / Human / Domain shift|Model Training / Human / Incomplete validation criteria|Model Training / Technological / Confabulations|Knowledge analysis / Human / Annotation errors
P3,194,18200236,True,0.026666995973083557,,,Model operation / Technological / Cascading error propagation|Knowledge analysis / Technological / Incorrect spatial-geometric interpretation|Knowledge analysis / Technological / Reliance on spurious features,Model operation / Technological / Cascading error propagation|Knowledge analysis / Technological / Incorrect spatial-geometric interpretation|Knowledge analysis / Technological / Reliance on spurious features|Model operation / Human / Loss of situational awareness|Model operation / Technological / Sensor artifacts,Model operation / Technological / Cascading error propagation|Knowledge analysis / Technological / Incorrect spatial-geometric interpretation|Knowledge analysis / Technological / Reliance on spurious features|Model operation / Human / Loss of situational awareness|Model operation / Technological / Sensor artifacts|Model operation / Technological / Concept drift|Knowledge analysis / Human / Annotation errors|Knowledge analysis / Human / Lack of uncertainty estimation|Knowledge analysis / Human / Inappropriate model architecture|Model Training / Human / Domain shift
P3,195,18200237,True,0.07115889326885703,,,Model operation / Technological / Cascading error propagation|Model operation / Human / Loss of situational awareness|Model operation / Technological / Sensor artifacts,Model operation / Technological / Cascading error propagation|Model operation / Human / Loss of situational awareness|Model operation / Technological / Sensor artifacts|Model operation / Technological / Concept drift|Model Training / Human / Domain shift,Model operation / Technological / Cascading error propagation|Model operation / Human / Loss of situational awareness|Model operation / Technological / Sensor artifacts|Model operation / Technological / Concept drift|Model Training / Human / Domain shift|Model Training / Human / Incomplete validation criteria|Knowledge analysis / Technological / Incorrect spatial-geometric interpretation|Knowledge analysis / Technological / Reliance on spurious features|Model Training / Technological / Confabulations|Knowledge analysis / Human / Lack of uncertainty estimation
P3,196,18200238,True,0.032174556324598445,,,Model operation / Technological / Cascading error propagation|Model Training / Human / Domain shift|Model Training / Human / Incomplete validation criteria,Model operation / Technological / Cascading error propagation|Model Training / Human / Domain shift|Model Training / Human / Incomplete validation criteria|Model operation / Human / Loss of situational awareness|Model operation / Technological / Sensor artifacts,Model operation / Technological / Cascading error propagation|Model Training / Human / Domain shift|Model Training / Human / Incomplete validation criteria|Model operation / Human / Loss of situational awareness|Model operation / Technological / Sensor artifacts|Model operation / Technological / Concept drift|Knowledge analysis / Technological / Incorrect spatial-geometric interpretation|Knowledge analysis / Technological / Reliance on spurious features|Model Training / Technological / Confidence miscalibration|Knowledge analysis / Human / Annotation errors
P3,197,18200239,True,0.0404575738564042,,,Model operation / Technological / Cascading error propagation|Model operation / Human / Loss of situational awareness|Model operation / Technological / Sensor artifacts,Model operation / Technological / Cascading error propagation|Model operation / Human / Loss of situational awareness|Model operation / Technological / Sensor artifacts|Model operation / Technological / Concept drift|Model Training / Human / Domain shift,Model operation / Technological / Cascading error propagation|Model operation / Human / Loss of situational awareness|Model operation / Technological / Sensor artifacts|Model operation / Technological / Concept drift|Model Training / Human / Domain shift|Model Training / Human / Incomplete validation criteria|Knowledge analysis / Technological / Incorrect spatial-geometric interpretation|Knowledge analysis / Technological / Reliance on spurious features|Model Training / Technological / Confabulations|Model Training / Technological / Overfitting
P3,198,18200240,True,0.018993579694389515,,,Model operation / Technological / Cascading error propagation|Model Training / Human / Domain shift|Model Training / Human / Incomplete validation criteria,Model operation / Technological / Cascading error propagation|Model Training / Human / Domain shift|Model Training / Human / Incomplete validation criteria|Knowledge analysis / Technological / Incorrect spatial-geometric interpretation|Knowledge analysis / Technological / Reliance on spurious features,Model operation / Technological / Cascading error propagation|Model Training / Human / Domain shift|Model Training / Human / Incomplete validation criteria|Knowledge analysis / Technological / Incorrect spatial-geometric interpretation|Knowledge analysis / Technological / Reliance on spurious features|Model operation / Human / Loss of situational awareness|Model operation / Technological / Sensor artifacts|Model operation / Technological / Concept drift|Knowledge analysis / Human / Annotation errors|Knowledge analysis / Human / Lack of uncertainty estimation
P3,199,18200241,True,0.046225496447391365,,,Model operation / Technological / Cascading error propagation|Model operation / Human / Loss of situational awareness|Model operation / Technological / Concept drift,Model operation / Technological / Cascading error propagation|Model operation / Human / Loss of situational awareness|Model operation / Technological / Concept drift|Model Training / Human / Domain shift|Model Training / Human / Incomplete validation criteria,Model operation / Technological / Cascading error propagation|Model operation / Human / Loss of situational awareness|Model operation / Technological / Concept drift|Model Training / Human / Domain shift|Model Training / Human / Incomplete validation criteria|Model operation / Technological / Sensor artifacts|Knowledge analysis / Technological / Incorrect spatial-geometric interpretation|Knowledge analysis / Technological / Reliance on spurious features|Model Training / Technological / Confabulations|Knowledge analysis / Human / Inappropriate model architecture
