profile_id,sample_index,sample_seed,accepted,max_cr,offending_paths,error,top3,top5,top10
P1,0,17800042,True,0.07915606301660763,,,Knowledge analysis / Technological / Incorrect spatial-geometric interpretation|Model Training / Technological / Confidence miscalibration|Model Training / Technological / Confabulations,Knowledge analysis / Technological / Incorrect spatial-geometric interpretation|Model Training / Technological / Confidence miscalibration|Model Training / Technological / Confabulations|Model operation / Technological / Cascading error propagation|Model Training / Technological / Overfitting,Knowledge analysis / Technological / Incorrect spatial-geometric interpretation|Model Training / Technological / Confidence miscalibration|Model Training / Technological / Confabulations|Model operation / Technological / Cascading error propagation|Model Training / Technological / Overfitting|Knowledge analysis / Technological / Reliance on spurious features|Model Training / Human / Domain shift|Model Training / Human / Incomplete validation criteria|Model operation / Human / Loss of situational awareness|Knowledge selection / Human / Data representativeness
P1,1,17800043,True,0.027658123914658647,,,Knowledge analysis / Technological / Incorrect spatial-geometric interpretation|Model Training / Technological / Confidence miscalibration|Model Training / Technological / Confabulations,Knowledge analysis / Technological / Incorrect spatial-geometric interpretation|Model Training / Technological / Confidence miscalibration|Model Training / Technological / Confabulations|Model operation / Technological / Cascading error propagation|Knowledge analysis / Technological / Reliance on spurious features,Knowledge analysis / Technological / Incorrect spatial-geometric interpretation|Model Training / Technological / Confidence miscalibration|Model Training / Technological / Confabulations|Model operation / Technological / Cascading error propagation|Knowledge analysis / Technological / Reliance on spurious features|Model Training / Technological / Overfitting|Model Training / Human / Domain shift|Model Training / Human / Incomplete validation criteria|Knowledge selection / Human / Data representativeness|Knowledge analysis / Human / Lack of uncertainty estimation
P1,2,17800044,True,0.06789056984696878,,,Knowledge analysis / Technological / Incorrect spatial-geometric interpretation|Model Training / Technological / Confidence miscalibration|Model Training / Technological / Confabulations,Knowledge analysis / Technological / Incorrect spatial-geometric interpretation|Model Training / Technological / Confidence miscalibration|Model Training / Technological / Confabulations|Model operation / Technological / Cascading error propagation|Knowledge analysis / Technological / Reliance on spurious features,Knowledge analysis / Technological / Incorrect spatial-geometric interpretation|Model Training / Technological / Confidence miscalibration|Model Training / Technological / Confabulations|Model operation / Technological / Cascading error propagation|Knowledge analysis / Technological / Reliance on spurious features|Model Training / Technological / Overfitting|Model Training / Human / Domain shift|Model Training / Human / Incomplete validation criteria|Knowledge selection / Human / Dataset bias|Model Training / Technological / Catastrophic forgetting
P1,3,17800045,True,0.07469979147107621,,,Knowledge analysis / Technological / Incorrect spatial-geometric interpretation|Model Training / Technological / Confabulations|Model Training / Technological / Confidence miscalibration,Knowledge analysis / Technological / Incorrect spatial-geometric interpretation|Model Training / Technological / Confabulations|Model Training / Technological / Confidence miscalibration|Model operation / Technological / Cascading error propagation|Knowledge analysis / Technological / Reliance on spurious features,Knowledge analysis / Technological / Incorrect spatial-geometric interpretation|Model Training / Technological / Confabulations|Model Training / Technological / Confidence miscalibration|Model operation / Technological / Cascading error propagation|Knowledge analysis / Technological / Reliance on spurious features|Model Training / Technological / Overfitting|Knowledge analysis / Human / Lack of uncertainty estimation|Knowledge analysis / Human / Inappropriate model architecture|Model Training / Human / Domain shift|Model Training / Human / Incomplete validation criteria
P1,4,17800046,True,0.01854724296156185,,,Knowledge analysis / Technological / Incorrect spatial-geometric interpretation|Model Training / Technological / Confidence miscalibration|Model Training / Technological / Confabulations,Knowledge analysis / Technological / Incorrect spatial-geometric interpretation|Model Training / Technological / Confidence miscalibration|Model Training / Technological / Confabulations|Model operation / Technological / Cascading error propagation|Knowledge analysis / Technological / Reliance on spurious features,Knowledge analysis / Technological / Incorrect spatial-geometric interpretation|Model Training / Technological / Confidence miscalibration|Model Training / Technological / Confabulations|Model operation / Technological / Cascading error propagation|Knowledge analysis / Technological / Reliance on spurious features|Model Training / Technological / Overfitting|Knowledge analysis / Human / Inappropriate model architecture|Knowledge analysis / Human / Lack of uncertainty estimation|Model Training / Human / Domain shift|Model Training / Human / Incomplete validation criteria
P1,5,17800047,True,0.015771299387613225,,,Knowledge analysis / Technological / Incorrect spatial-geometric interpretation|Model Training / Technological / Confabulations|Model Training / Technological / Confidence miscalibration,Knowledge analysis / Technological / Incorrect spatial-geometric interpretation|Model Training / Technological / Confabulations|Model Training / Technological / Confidence miscalibration|Model operation / Technological / Cascading error propagation|Knowledge analysis / Technological / Reliance on spurious features,Knowledge analysis / Technological / Incorrect spatial-geometric interpretation|Model Training / Technological / Confabulations|Model Training / Technological / Confidence miscalibration|Model operation / Technological / Cascading error propagation|Knowledge analysis / Technological / Reliance on spurious features|Model Training / Technological / Overfitting|Model Training / Human / Domain shift|Model Training / Human / Incomplete validation criteria|Knowledge analysis / Human / Lack of uncertainty estimation|Knowledge analysis / Human / Inappropriate model architecture
P1,6,17800048,False,0.14367816091953933,Knowledge analysis / Human,,Knowledge analysis / Technological / Incorrect spatial-geometric interpretation|Model Training / Technological / Confabulations|Model Training / Technological / Confidence miscalibration,Knowledge analysis / Technological / Incorrect spatial-geometric interpretation|Model Training / Technological / Confabulations|Model Training / Technological / Confidence miscalibration|Model operation / Technological / Cascading error propagation|Model Training / Technological / Overfitting,Knowledge analysis / Technological / Incorrect spatial-geometric interpretation|Model Training / Technological / Confabulations|Model Training / Technological / Confidence miscalibration|Model operation / Technological / Cascading error propagation|Model Training / Technological / Overfitting|Knowledge analysis / Technological / Reliance on spurious features|Knowledge analysis / Human / Lack of uncertainty estimation|Model Training / Human / Domain shift|Model Training / Human / Incomplete validation criteria|Knowledge selection / Human / Data representativeness
P1,7,17800049,True,0.06337372885632118,,,Knowledge analysis / Technological / Incorrect spatial-geometric interpretation|Model Training / Technological / Confabulations|Model Training / Technological / Confidence miscalibration,Knowledge analysis / Technological / Incorrect spatial-geometric interpretation|Model Training / Technological / Confabulations|Model Training / Technological / Confidence miscalibration|Model operation / Technological / Cascading error propagation|Model Training / Technological / Overfitting,Knowledge analysis / Technological / Incorrect spatial-geometric interpretation|Model Training / Technological / Confabulations|Model Training / Technological / Confidence miscalibration|Model operation / Technological / Cascading error propagation|Model Training / Technological / Overfitting|Knowledge analysis / Technological / Reliance on spurious features|Model Training / Human / Domain shift|Model Training / Human / Incomplete validation criteria|Knowledge analysis / Human / Inappropriate model architecture|Knowledge selection / Human / Data representativeness
P1,8,17800050,True,0.019267925828717242,,,Knowledge analysis / Technological / Incorrect spatial-geometric interpretation|Model Training / Technological / Confidence miscalibration|Model Training / Technological / Confabulations,Knowledge analysis / Technological / Incorrect spatial-geometric interpretation|Model Training / Technological / Confidence miscalibration|Model Training / Technological / Confabulations|Model operation / Technological / Cascading error propagation|Knowledge analysis / Technological / Reliance on spurious features,Knowledge analysis / Technological / Incorrect spatial-geometric interpretation|Model Training / Technological / Confidence miscalibration|Model Training / Technological / Confabulations|Model operation / Technological / Cascading error propagation|Knowledge analysis / Technological / Reliance on spurious features|Model Training / Technological / Overfitting|Knowledge analysis / Human / Inappropriate model architecture|Knowledge analysis / Human / Lack of uncertainty estimation|Model Training / Human / Domain shift|Model Training / Human / Incomplete validation criteria
P1,9,17800051,False,0.17751517527148789,Model operation / Technological,,Knowledge analysis / Technological / Incorrect spatial-geometric interpretation|Model Training / Technological / Confidence miscalibration|Model Training / Technological / Confabulations,Knowledge analysis / Technological / Incorrect spatial-geometric interpretation|Model Training / Technological / Confidence miscalibration|Model Training / Technological / Confabulations|Model operation / Technological / Cascading error propagation|Knowledge analysis / Technological / Reliance on spurious features,Knowledge analysis / Technological / Incorrect spatial-geometric interpretation|Model Training / Technological / Confidence miscalibration|Model Training / Technological / Confabulations|Model operation / Technological / Cascading error propagation|Knowledge analysis / Technological / Reliance on spurious features|Model Training / Technological / Overfitting|Model Training / Human / Domain shift|Model Training / Human / Incomplete validation criteria|Knowledge analysis / Human / Inappropriate model architecture|Knowledge selection / Human / Data representativeness
P1,10,17800052,True,0.09491507244501042,,,Knowledge analysis / Technological / Incorrect spatial-geometric interpretation|Model Training / Technological / Confidence miscalibration|Model Training / Technological / Confabulations,Knowledge analysis / Technological / Incorrect spatial-geometric interpretation|Model Training / Technological / Confidence miscalibration|Model Training / Technological / Confabulations|Model operation / Technological / Cascading error propagation|Knowledge analysis / Technological / Reliance on spurious features,Knowledge analysis / Technological / Incorrect spatial-geometric interpretation|Model Training / Technological / Confidence miscalibration|Model Training / Technological / Confabulations|Model operation / Technological / Cascading error propagation|Knowledge analysis / Technological / Reliance on spurious features|Model Training / Human / Domain shift|Model Training / Technological / Overfitting|Knowledge analysis / Human / Lack of uncertainty estimation|Knowledge analysis / Human / Inappropriate model architecture|Knowledge selection / Human / Dataset bias
P1,11,17800053,True,0.07267571176653713,,,Knowledge analysis / Technological / Incorrect spatial-geometric interpretation|Model Training / Technological / Confabulations|Model Training / Technological / Confidence miscalibration,Knowledge analysis / Technological / Incorrect spatial-geometric interpretation|Model Training / Technological / Confabulations|Model Training / Technological / Confidence miscalibration|Model operation / Technological / Cascading error propagation|Model Training / Technological / Overfitting,Knowledge analysis / Technological / Incorrect spatial-geometric interpretation|Model Training / Technological / Confabulations|Model Training / Technological / Confidence miscalibration|Model operation / Technological / Cascading error propagation|Model Training / Technological / Overfitting|Knowledge analysis / Technological / Reliance on spurious features|Model Training / Human / Domain shift|Knowledge analysis / Human / Lack of uncertainty estimation|Knowledge selection / Human / Dataset bias|Knowledge selection / Human / Data representativeness
P1,12,17800054,True,0.07652277073657959,,,Knowledge analysis / Technological / Incorrect spatial-geometric interpretation|Model Training / Technological / Confabulations|Model Training / Technological / Confidence miscalibration,Knowledge analysis / Technological / Incorrect spatial-geometric interpretation|Model Training / Technological / Confabulations|Model Training / Technological / Confidence miscalibration|Model operation / Technological / Cascading error propagation|Knowledge analysis / Technological / Reliance on spurious features,Knowledge analysis / Technological / Incorrect spatial-geometric interpretation|Model Training / Technological / Confabulations|Model Training / Technological / Confidence miscalibration|Model operation / Technological / Cascading error propagation|Knowledge analysis / Technological / Reliance on spurious features|Model Training / Human / Domain shift|Model Training / Human / Incomplete validation criteria|Model Training / Technological / Overfitting|Model Training / Technological / Catastrophic forgetting|Knowledge analysis / Human / Lack of uncertainty estimation
P1,13,17800055,True,0.06588870995677241,,,Knowledge analysis / Technological / Incorrect spatial-geometric interpretation|Model Training / Technological / Confabulations|Model Training / Technological / Confidence miscalibration,Knowledge analysis / Technological / Incorrect spatial-geometric interpretation|Model Training / Technological / Confabulations|Model Training / Technological / Confidence miscalibration|Model operation / Technological / Cascading error propagation|Knowledge analysis / Technological / Reliance on spurious features,Knowledge analysis / Technological / Incorrect spatial-geometric interpretation|Model Training / Technological / Confabulations|Model Training / Technological / Confidence miscalibration|Model operation / Technological / Cascading error propagation|Knowledge analysis / Technological / Reliance on spurious features|Model Training / Technological / Overfitting|Knowledge analysis / Human / Lack of uncertainty estimation|Knowledge analysis / Human / Inappropriate model architecture|Model Training / Human / Domain shift|Model Training / Human / Incomplete validation criteria
P1,14,17800056,True,0.05175987012073237,,,Knowledge analysis / Technological / Incorrect spatial-geometric interpretation|Model Training / Technological / Confabulations|Model Training / Technological / Confidence miscalibration,Knowledge analysis / Technological / Incorrect spatial-geometric interpretation|Model Training / Technological / Confabulations|Model Training / Technological / Confidence miscalibration|Model operation / Technological / Cascading error propagation|Knowledge analysis / Technological / Reliance on spurious features,Knowledge analysis / Technological / Incorrect spatial-geometric interpretation|Model Training / Technological / Confabulations|Model Training / Technological / Confidence miscalibration|Model operation / Technological / Cascading error propagation|Knowledge analysis / Technological / Reliance on spurious features|Model Training / Technological / Overfitting|Knowledge analysis / Human / Inappropriate model architecture|Model Training / Human / Domain shift|Model Training / Human / Incomplete validation criteria|Knowledge analysis / Human / Lack of uncertainty estimation
P1,15,17800057,True,0.04368232275717714,,,Knowledge analysis / Technological / Incorrect spatial-geometric interpretation|Model Training / Technological / Confidence miscalibration|Model Training / Technological / Confabulations,Knowledge analysis / Technological / Incorrect spatial-geometric interpretation|Model Training / Technological / Confidence miscalibration|Model Training / Technological / Confabulations|Model operation / Technological / Cascading error propagation|Model Training / Technological / Overfitting,Knowledge analysis / Technological / Incorrect spatial-geometric interpretation|Model Training / Technological / Confidence miscalibration|Model Training / Technological / Confabulations|Model operation / Technological / Cascading error propagation|Model Training / Technological / Overfitting|Knowledge analysis / Technological / Reliance on spurious features|Model Training / Human / Domain shift|Model Training / Human / Incomplete validation criteria|Knowledge analysis / Human / Inappropriate model architecture|Knowledge analysis / Human / Lack of uncertainty estimation
P1,16,17800058,True,0.06587478878070499,,,Knowledge analysis / Technological / Incorrect spatial-geometric interpretation|Model Training / Technological / Confidence miscalibration|Model Training / Technological / Confabulations,Knowledge analysis / Technological / Incorrect spatial-geometric interpretation|Model Training / Technological / Confidence miscalibration|Model Training / Technological / Confabulations|Model operation / Technological / Cascading error propagation|Knowledge analysis / Technological / Reliance on spurious features,Knowledge analysis / Technological / Incorrect spatial-geometric interpretation|Model Training / Technological / Confidence miscalibration|Model Training / Technological / Confabulations|Model operation / Technological / Cascading error propagation|Knowledge analysis / Technological / Reliance on spurious features|Model Training / Technological / Overfitting|Knowledge analysis / Human / Inappropriate model architecture|Model Training / Human / Domain shift|Model Training / Human / Incomplete validation criteria|Knowledge analysis / Human / Lack of uncertainty estimation
P1,17,17800059,True,0.022195086109637774,,,Knowledge analysis / Technological / Incorrect spatial-geometric interpretation|Model Training / Technological / Confabulations|Model Training / Technological / Confidence miscalibration,Knowledge analysis / Technological / Incorrect spatial-geometric interpretation|Model Training / Technological / Confabulations|Model Training / Technological / Confidence miscalibration|Model operation / Technological / Cascading error propagation|Knowledge analysis / Technological / Reliance on spurious features,Knowledge analysis / Technological / Incorrect spatial-geometric interpretation|Model Training / Technological / Confabulations|Model Training / Technological / Confidence miscalibration|Model operation / Technological / Cascading error propagation|Knowledge analysis / Technological / Reliance on spurious features|Model Training / Technological / Overfitting|Model Training / Human / Domain shift|Model Training / Human / Incomplete validation criteria|Knowledge analysis / Human / Lack of uncertainty estimation|Knowledge analysis / Human / Inappropriate model architecture
P1,18,17800060,True,0.007933373029549594,,,Knowledge analysis / Technological / Incorrect spatial-geometric interpretation|Model Training / Technological / Confabulations|Model Training / Technological / Confidence miscalibration,Knowledge analysis / Technological / Incorrect spatial-geometric interpretation|Model Training / Technological / Confabulations|Model Training / Technological / Confidence miscalibration|Model operation / Technological / Cascading error propagation|Knowledge analysis / Technological / Reliance on spurious features,Knowledge analysis / Technological / Incorrect spatial-geometric interpretation|Model Training / Technological / Confabulations|Model Training / Technological / Confidence miscalibration|Model operation / Technological / Cascading error propagation|Knowledge analysis / Technological / Reliance on spurious features|Model Training / Technological / Overfitting|Model Training / Human / Domain shift|Model Training / Human / Incomplete validation criteria|Knowledge analysis / Human / Inappropriate model architecture|Knowledge analysis / Human / Lack of uncertainty estimation
P1,19,17800061,True,0.03807944114175794,,,Knowledge analysis / Technological / Incorrect spatial-geometric interpretation|Model Training / Technological / Confabulations|Model Training / Technological / Confidence miscalibration,Knowledge analysis / Technological / Incorrect spatial-geometric interpretation|Model Training / Technological / Confabulations|Model Training / Technological / Confidence miscalibration|Model operation / Technological / Cascading error propagation|Model Training / Technological / Overfitting,Knowledge analysis / Technological / Incorrect spatial-geometric interpretation|Model Training / Technological / Confabulations|Model Training / Technological / Confidence miscalibration|Model operation / Technological / Cascading error propagation|Model Training / Technological / Overfitting|Knowledge analysis / Technological / Reliance on spurious features|Model Training / Human / Domain shift|Model Training / Human / Incomplete validation criteria|Knowledge analysis / Human / Inappropriate model architecture|Knowledge analysis / Human / Lack of uncertainty estimation
P1,20,17800062,True,0.06782301348000504,,,Knowledge analysis / Technological / Incorrect spatial-geometric interpretation|Model Training / Technological / Confidence miscalibration|Model Training / Technological / Confabulations,Knowledge analysis / Technological / Incorrect spatial-geometric interpretation|Model Training / Technological / Confidence miscalibration|Model Training / Technological / Confabulations|Model operation / Technological / Cascading error propagation|Model Training / Technological / Overfitting,Knowledge analysis / Technological / Incorrect spatial-geometric interpretation|Model Training / Technological / Confidence miscalibration|Model Training / Technological / Confabulations|Model operation / Technological / Cascading error propagation|Model Training / Technological / Overfitting|Knowledge analysis / Technological / Reliance on spurious features|Model Training / Human / Domain shift|Model Training / Human / Incomplete validation criteria|Knowledge selection / Human / Dataset bias|Model Training / Technological / Catastrophic forgetting
P1,21,17800063,True,0.07151774183016878,,,Knowledge analysis / Technological / Incorrect spatial-geometric interpretation|Model Training / Technological / Confabulations|Model Training / Technological / Confidence miscalibration,Knowledge analysis / Technological / Incorrect spatial-geometric interpretation|Model Training / Technological / Confabulations|Model Training / Technological / Confidence miscalibration|Model operation / Technological / Cascading error propagation|Model Training / Technological / Overfitting,Knowledge analysis / Technological / Incorrect spatial-geometric interpretation|Model Training / Technological / Confabulations|Model Training / Technological / Confidence miscalibration|Model operation / Technological / Cascading error propagation|Model Training / Technological / Overfitting|Knowledge analysis / Technological / Reliance on spurious features|Model Training / Human / Domain shift|Model Training / Human / Incomplete validation criteria|Model Training / Technological / Catastrophic forgetting|Knowledge selection / Human / Dataset bias
P1,22,17800064,True,0.04336992328797679,,,Knowledge analysis / Technological / Incorrect spatial-geometric interpretation|Model Training / Technological / Confidence miscalibration|Model Training / Technological / Confabulations,Knowledge analysis / Technological / Incorrect spatial-geometric interpretation|Model Training / Technological / Confidence miscalibration|Model Training / Technological / Confabulations|Model operation / Technological / Cascading error propagation|Knowledge analysis / Technological / Reliance on spurious features,Knowledge analysis / Technological / Incorrect spatial-geometric interpretation|Model Training / Technological / Confidence miscalibration|Model Training / Technological / Confabulations|Model operation / Technological / Cascading error propagation|Knowledge analysis / Technological / Reliance on spurious features|Model Training / Technological / Overfitting|Model Training / Human / Domain shift|Model Training / Human / Incomplete validation criteria|Knowledge analysis / Human / Inappropriate model architecture|Knowledge selection / Human / Data representativeness
P1,23,17800065,True,0.037371969801203817,,,Knowledge analysis / Technological / Incorrect spatial-geometric interpretation|Model Training / Technological / Confidence miscalibration|Model Training / Technological / Confabulations,Knowledge analysis / Technological / Incorrect spatial-geometric interpretation|Model Training / Technological / Confidence miscalibration|Model Training / Technological / Confabulations|Model operation / Technological / Cascading error propagation|Knowledge analysis / Technological / Reliance on spurious features,Knowledge analysis / Technological / Incorrect spatial-geometric interpretation|Model Training / Technological / Confidence miscalibration|Model Training / Technological / Confabulations|Model operation / Technological / Cascading error propagation|Knowledge analysis / Technological / Reliance on spurious features|Model Training / Technological / Overfitting|Model Training / Human / Domain shift|Model Training / Human / Incomplete validation criteria|Knowledge analysis / Human / Inappropriate model architecture|Knowledge analysis / Human / Lack of uncertainty estimation
P1,24,17800066,True,0.0633737288563231,,,Knowledge analysis / Technological / Incorrect spatial-geometric interpretation|Model Training / Technological / Confidence miscalibration|Model Training / Technological / Confabulations,Knowledge analysis / Technological / Incorrect spatial-geometric interpretation|Model Training / Technological / Confidence miscalibration|Model Training / Technological / Confabulations|Model operation / Technological / Cascading error propagation|Knowledge analysis / Technological / Reliance on spurious features,Knowledge analysis / Technological / Incorrect spatial-geometric interpretation|Model Training / Technological / Confidence miscalibration|Model Training / Technological / Confabulations|Model operation / Technological / Cascading error propagation|Knowledge analysis / Technological / Reliance on spurious features|Model Training / Technological / Overfitting|Model Training / Human / Domain shift|Knowledge analysis / Human / Inappropriate model architecture|Knowledge analysis / Human / Lack of uncertainty estimation|Knowledge selection / Human / Data representativeness
P1,25,17800067,True,0.0633737288563231,,,Knowledge analysis / Technological / Incorrect spatial-geometric interpretation|Model Training / Technological / Confabulations|Model Training / Technological / Confidence miscalibration,Knowledge analysis / Technological / Incorrect spatial-geometric interpretation|Model Training / Technological / Confabulations|Model Training / Technological / Confidence miscalibration|Model operation / Technological / Cascading error propagation|Model Training / Technological / Overfitting,Knowledge analysis / Technological / Incorrect spatial-geometric interpretation|Model Training / Technological / Confabulations|Model Training / Technological / Confidence miscalibration|Model operation / Technological / Cascading error propagation|Model Training / Technological / Overfitting|Knowledge analysis / Technological / Reliance on spurious features|Model Training / Human / Domain shift|Model Training / Human / Incomplete validation criteria|Knowledge analysis / Human / Lack of uncertainty estimation|Model Training / Technological / Catastrophic forgetting
P1,26,17800068,True,0.02654078821427681,,,Knowledge analysis / Technological / Incorrect spatial-geometric interpretation|Model Training / Technological / Confabulations|Model Training / Technological / Confidence miscalibration,Knowledge analysis / Technological / Incorrect spatial-geometric interpretation|Model Training / Technological / Confabulations|Model Training / Technological / Confidence miscalibration|Model operation / Technological / Cascading error propagation|Model Training / Technological / Overfitting,Knowledge analysis / Technological / Incorrect spatial-geometric interpretation|Model Training / Technological / Confabulations|Model Training / Technological / Confidence miscalibration|Model operation / Technological / Cascading error propagation|Model Training / Technological / Overfitting|Knowledge analysis / Technological / Reliance on spurious features|Knowledge analysis / Human / Inappropriate model architecture|Knowledge analysis / Human / Lack of uncertainty estimation|Knowledge selection / Human / Dataset bias|Knowledge selection / Human / Data representativeness
P1,27,17800069,True,0.06037306750455263,,,Knowledge analysis / Technological / Incorrect spatial-geometric interpretation|Model Training / Technological / Confabulations|Model Training / Technological / Confidence miscalibration,Knowledge analysis / Technological / Incorrect spatial-geometric interpretation|Model Training / Technological / Confabulations|Model Training / Technological / Confidence miscalibration|Model operation / Technological / Cascading error propagation|Knowledge analysis / Technological / Reliance on spurious features,Knowledge analysis / Technological / Incorrect spatial-geometric interpretation|Model Training / Technological / Confabulations|Model Training / Technological / Confidence miscalibration|Model operation / Technological / Cascading error propagation|Knowledge analysis / Technological / Reliance on spurious features|Knowledge analysis / Human / Lack of uncertainty estimation|Model Training / Technological / Overfitting|Knowledge analysis / Human / Inappropriate model architecture|Knowledge selection / Human / Dataset bias|Model Training / Human / Domain shift
P1,28,17800070,True,0.05175987012073237,,,Knowledge analysis / Technological / Incorrect spatial-geometric interpretation|Model Training / Technological / Confabulations|Model Training / Technological / Confidence miscalibration,Knowledge analysis / Technological / Incorrect spatial-geometric interpretation|Model Training / Technological / Confabulations|Model Training / Technological / Confidence miscalibration|Model operation / Technological / Cascading error propagation|Knowledge analysis / Technological / Reliance on spurious features,Knowledge analysis / Technological / Incorrect spatial-geometric interpretation|Model Training / Technological / Confabulations|Model Training / Technological / Confidence miscalibration|Model operation / Technological / Cascading error propagation|Knowledge analysis / Technological / Reliance on spurious features|Model Training / Technological / Overfitting|Knowledge analysis / Human / Lack of uncertainty estimation|Model Training / Human / Domain shift|Model Training / Human / Incomplete validation criteria|Knowledge selection / Human / Dataset bias
P1,29,17800071,True,0.02780511860402659,,,Knowledge analysis / Technological / Incorrect spatial-geometric interpretation|Model Training / Technological / Confabulations|Model Training / Technological / Confidence miscalibration,Knowledge analysis / Technological / Incorrect spatial-geometric interpretation|Model Training / Technological / Confabulations|Model Training / Technological / Confidence miscalibration|Model operation / Technological / Cascading error propagation|Knowledge analysis / Technological / Reliance on spurious features,Knowledge analysis / Technological / Incorrect spatial-geometric interpretation|Model Training / Technological / Confabulations|Model Training / Technological / Confidence miscalibration|Model operation / Technological / Cascading error propagation|Knowledge analysis / Technological / Reliance on spurious features|Model Training / Technological / Overfitting|Model Training / Human / Domain shift|Model Training / Human / Incomplete validation criteria|Knowledge analysis / Human / Inappropriate model architecture|Knowledge selection / Human / Data representativeness
P1,30,17800072,True,0.046225496447394814,,,Knowledge analysis / Technological / Incorrect spatial-geometric interpretation|Model Training / Technological / Confidence miscalibration|Model Training / Technological / Confabulations,Knowledge analysis / Technological / Incorrect spatial-geometric interpretation|Model Training / Technological / Confidence miscalibration|Model Training / Technological / Confabulations|Model operation / Technological / Cascading error propagation|Knowledge analysis / Technological / Reliance on spurious features,Knowledge analysis / Technological / Incorrect spatial-geometric interpretation|Model Training / Technological / Confidence miscalibration|Model Training / Technological / Confabulations|Model operation / Technological / Cascading error propagation|Knowledge analysis / Technological / Reliance on spurious features|Knowledge analysis / Human / Inappropriate model architecture|Model Training / Technological / Overfitting|Knowledge analysis / Human / Lack of uncertainty estimation|Model Training / Human / Domain shift|Model Training / Human / Incomplete validation criteria
P1,31,17800073,True,0.016970105370908643,,,Knowledge analysis / Technological / Incorrect spatial-geometric interpretation|Model Training / Technological / Confidence miscalibration|Model Training / Technological / Confabulations,Knowledge analysis / Technological / Incorrect spatial-geometric interpretation|Model Training / Technological / Confidence miscalibration|Model Training / Technological / Confabulations|Model operation / Technological / Cascading error propagation|Knowledge analysis / Technological / Reliance on spurious features,Knowledge analysis / Technological / Incorrect spatial-geometric interpretation|Model Training / Technological / Confidence miscalibration|Model Training / Technological / Confabulations|Model operation / Technological / Cascading error propagation|Knowledge analysis / Technological / Reliance on spurious features|Model Training / Technological / Overfitting|Model Training / Human / Domain shift|Model Training / Human / Incomplete validation criteria|Knowledge analysis / Human / Lack of uncertainty estimation|Knowledge analysis / Human / Inappropriate model architecture
P1,32,17800074,False,0.11690590056727794,Knowledge analysis / Human,,Knowledge analysis / Technological / Incorrect spatial-geometric interpretation|Model Training / Technological / Confidence miscalibration|Model Training / Technological / Confabulations,Knowledge analysis / Technological / Incorrect spatial-geometric interpretation|Model Training / Technological / Confidence miscalibration|Model Training / Technological / Confabulations|Model operation / Technological / Cascading error propagation|Knowledge analysis / Technological / Reliance on spurious features,Knowledge analysis / Technological / Incorrect spatial-geometric interpretation|Model Training / Technological / Confidence miscalibration|Model Training / Technological / Confabulations|Model operation / Technological / Cascading error propagation|Knowledge analysis / Technological / Reliance on spurious features|Model Training / Technological / Overfitting|Model Training / Human / Incomplete validation criteria|Knowledge analysis / Human / Inappropriate model architecture|Knowledge selection / Human / Dataset bias|Knowledge analysis / Human / Lack of uncertainty estimation
P1,33,17800075,True,0.023891745251322448,,,Knowledge analysis / Technological / Incorrect spatial-geometric interpretation|Model Training / Technological / Confidence miscalibration|Model Training / Technological / Confabulations,Knowledge analysis / Technological / Incorrect spatial-geometric interpretation|Model Training / Technological / Confidence miscalibration|Model Training / Technological / Confabulations|Model operation / Technological / Cascading error propagation|Knowledge analysis / Technological / Reliance on spurious features,Knowledge analysis / Technological / Incorrect spatial-geometric interpretation|Model Training / Technological / Confidence miscalibration|Model Training / Technological / Confabulations|Model operation / Technological / Cascading error propagation|Knowledge analysis / Technological / Reliance on spurious features|Model Training / Technological / Overfitting|Knowledge analysis / Human / Inappropriate model architecture|Knowledge analysis / Human / Lack of uncertainty estimation|Model Training / Human / Domain shift|Model Training / Human / Incomplete validation criteria
P1,34,17800076,False,0.13062835590698113,,,Knowledge analysis / Technological / Incorrect spatial-geometric interpretation|Model Training / Technological / Confidence miscalibration|Model Training / Technological / Confabulations,Knowledge analysis / Technological / Incorrect spatial-geometric interpretation|Model Training / Technological / Confidence miscalibration|Model Training / Technological / Confabulations|Model operation / Technological / Cascading error propagation|Model Training / Technological / Overfitting,Knowledge analysis / Technological / Incorrect spatial-geometric interpretation|Model Training / Technological / Confidence miscalibration|Model Training / Technological / Confabulations|Model operation / Technological / Cascading error propagation|Model Training / Technological / Overfitting|Knowledge analysis / Technological / Reliance on spurious features|Model Training / Human / Domain shift|Model Training / Human / Incomplete validation criteria|Model Training / Technological / Catastrophic forgetting|Knowledge selection / Human / Data representativeness
P1,35,17800077,True,0.037858595224923255,,,Knowledge analysis / Technological / Incorrect spatial-geometric interpretation|Model Training / Technological / Confidence miscalibration|Model Training / Technological / Confabulations,Knowledge analysis / Technological / Incorrect spatial-geometric interpretation|Model Training / Technological / Confidence miscalibration|Model Training / Technological / Confabulations|Model operation / Technological / Cascading error propagation|Model Training / Technological / Overfitting,Knowledge analysis / Technological / Incorrect spatial-geometric interpretation|Model Training / Technological / Confidence miscalibration|Model Training / Technological / Confabulations|Model operation / Technological / Cascading error propagation|Model Training / Technological / Overfitting|Knowledge analysis / Technological / Reliance on spurious features|Model Training / Human / Incomplete validation criteria|Knowledge analysis / Human / Inappropriate model architecture|Knowledge selection / Human / Data representativeness|Knowledge analysis / Human / Lack of uncertainty estimation
P1,36,17800078,True,0.06438966419940256,,,Knowledge analysis / Technological / Incorrect spatial-geometric interpretation|Model Training / Technological / Confabulations|Model Training / Technological / Confidence miscalibration,Knowledge analysis / Technological / Incorrect spatial-geometric interpretation|Model Training / Technological / Confabulations|Model Training / Technological / Confidence miscalibration|Model operation / Technological / Cascading error propagation|Knowledge analysis / Technological / Reliance on spurious features,Knowledge analysis / Technological / Incorrect spatial-geometric interpretation|Model Training / Technological / Confabulations|Model Training / Technological / Confidence miscalibration|Model operation / Technological / Cascading error propagation|Knowledge analysis / Technological / Reliance on spurious features|Model Training / Technological / Overfitting|Knowledge analysis / Human / Inappropriate model architecture|Knowledge analysis / Human / Lack of uncertainty estimation|Knowledge selection / Human / Data representativeness|Model Training / Human / Domain shift
P1,37,17800079,True,0.03858708323047117,,,Knowledge analysis / Technological / Incorrect spatial-geometric interpretation|Model Training / Technological / Confidence miscalibration|Model Training / Technological / Confabulations,Knowledge analysis / Technological / Incorrect spatial-geometric interpretation|Model Training / Technological / Confidence miscalibration|Model Training / Technological / Confabulations|Model operation / Technological / Cascading error propagation|Model Training / Technological / Overfitting,Knowledge analysis / Technological / Incorrect spatial-geometric interpretation|Model Training / Technological / Confidence miscalibration|Model Training / Technological / Confabulations|Model operation / Technological / Cascading error propagation|Model Training / Technological / Overfitting|Knowledge analysis / Technological / Reliance on spurious features|Model Training / Human / Domain shift|Model Training / Human / Incomplete validation criteria|Knowledge selection / Human / Dataset bias|Knowledge selection / Human / Data representativeness
P1,38,17800080,True,0.014194294291854965,,,Knowledge analysis / Technological / Incorrect spatial-geometric interpretation|Model Training / Technological / Confidence miscalibration|Model Training / Technological / Confabulations,Knowledge analysis / Technological / Incorrect spatial-geometric interpretation|Model Training / Technological / Confidence miscalibration|Model Training / Technological / Confabulations|Model operation / Technological / Cascading error propagation|Knowledge analysis / Technological / Reliance on spurious features,Knowledge analysis / Technological / Incorrect spatial-geometric interpretation|Model Training / Technological / Confidence miscalibration|Model Training / Technological / Confabulations|Model operation / Technological / Cascading error propagation|Knowledge analysis / Technological / Reliance on spurious features|Model Training / Technological / Overfitting|Model Training / Human / Domain shift|Model Training / Human / Incomplete validation criteria|Knowledge analysis / Human / Inappropriate model architecture|Knowledge analysis / Human / Lack of uncertainty estimation
P1,39,17800081,True,0.046225496447392135,,,Knowledge analysis / Technological / Incorrect spatial-geometric interpretation|Model Training / Technological / Confidence miscalibration|Model operation / Technological / Cascading error propagation,Knowledge analysis / Technological / Incorrect spatial-geometric interpretation|Model Training / Technological / Confidence miscalibration|Model operation / Technological / Cascading error propagation|Model Training / Technological / Confabulations|Knowledge analysis / Technological / Reliance on spurious features,Knowledge analysis / Technological / Incorrect spatial-geometric interpretation|Model Training / Technological / Confidence miscalibration|Model operation / Technological / Cascading error propagation|Model Training / Technological / Confabulations|Knowledge analysis / Technological / Reliance on spurious features|Model Training / Technological / Overfitting|Knowledge analysis / Human / Inappropriate model architecture|Knowledge selection / Human / Data representativeness|Model operation / Human / Loss of situational awareness|Model Training / Human / Domain shift
P1,40,17800082,True,0.039529084029014325,,,Knowledge analysis / Technological / Incorrect spatial-geometric interpretation|Model Training / Technological / Confidence miscalibration|Model Training / Technological / Confabulations,Knowledge analysis / Technological / Incorrect spatial-geometric interpretation|Model Training / Technological / Confidence miscalibration|Model Training / Technological / Confabulations|Model operation / Technological / Cascading error propagation|Model Training / Technological / Overfitting,Knowledge analysis / Technological / Incorrect spatial-geometric interpretation|Model Training / Technological / Confidence miscalibration|Model Training / Technological / Confabulations|Model operation / Technological / Cascading error propagation|Model Training / Technological / Overfitting|Knowledge analysis / Technological / Reliance on spurious features|Knowledge selection / Human / Dataset bias|Knowledge analysis / Human / Inappropriate model architecture|Model Training / Human / Domain shift|Model Training / Human / Incomplete validation criteria
P1,41,17800083,True,0.02903290084661256,,,Knowledge analysis / Technological / Incorrect spatial-geometric interpretation|Model Training / Technological / Confabulations|Model Training / Technological / Confidence miscalibration,Knowledge analysis / Technological / Incorrect spatial-geometric interpretation|Model Training / Technological / Confabulations|Model Training / Technological / Confidence miscalibration|Model operation / Technological / Cascading error propagation|Knowledge analysis / Technological / Reliance on spurious features,Knowledge analysis / Technological / Incorrect spatial-geometric interpretation|Model Training / Technological / Confabulations|Model Training / Technological / Confidence miscalibration|Model operation / Technological / Cascading error propagation|Knowledge analysis / Technological / Reliance on spurious features|Model Training / Technological / Overfitting|Knowledge analysis / Human / Inappropriate model architecture|Knowledge selection / Human / Dataset bias|Model Training / Human / Domain shift|Model Training / Human / Incomplete validation criteria
P1,42,17800084,True,0.06337372885632118,,,Knowledge analysis / Technological / Incorrect spatial-geometric interpretation|Model Training / Technological / Confabulations|Model Training / Technological / Confidence miscalibration,Knowledge analysis / Technological / Incorrect spatial-geometric interpretation|Model Training / Technological / Confabulations|Model Training / Technological / Confidence miscalibration|Model operation / Technological / Cascading error propagation|Knowledge analysis / Technological / Reliance on spurious features,Knowledge analysis / Technological / Incorrect spatial-geometric interpretation|Model Training / Technological / Confabulations|Model Training / Technological / Confidence miscalibration|Model operation / Technological / Cascading error propagation|Knowledge analysis / Technological / Reliance on spurious features|Model Training / Technological / Overfitting|Model Training / Human / Domain shift|Knowledge analysis / Human / Lack of uncertainty estimation|Knowledge selection / Human / Dataset bias|Knowledge selection / Human / Data representativeness
P1,43,17800085,True,0.04368232275717714,,,Knowledge analysis / Technological / Incorrect spatial-geometric interpretation|Model Training / Technological / Confidence miscalibration|Model Training / Technological / Confabulations,Knowledge analysis / Technological / Incorrect spatial-geometric interpretation|Model Training / Technological / Confidence miscalibration|Model Training / Technological / Confabulations|Model operation / Technological / Cascading error propagation|Model Training / Technological / Overfitting,Knowledge analysis / Technological / Incorrect spatial-geometric interpretation|Model Training / Technological / Confidence miscalibration|Model Training / Technological / Confabulations|Model operation / Technological / Cascading error propagation|Model Training / Technological / Overfitting|Knowledge analysis / Technological / Reliance on spurious features|Model Training / Human / Domain shift|Model Training / Human / Incomplete validation criteria|Knowledge analysis / Human / Inappropriate model architecture|Knowledge selection / Human / Dataset bias
P1,44,17800086,True,0.036401680464985244,,,Knowledge analysis / Technological / Incorrect spatial-geometric interpretation|Model Training / Technological / Confabulations|Model Training / Technological / Confidence miscalibration,Knowledge analysis / Technological / Incorrect spatial-geometric interpretation|Model Training / Technological / Confabulations|Model Training / Technological / Confidence miscalibration|Model operation / Technological / Cascading error propagation|Knowledge analysis / Technological / Reliance on spurious features,Knowledge analysis / Technological / Incorrect spatial-geometric interpretation|Model Training / Technological / Confabulations|Model Training / Technological / Confidence miscalibration|Model operation / Technological / Cascading error propagation|Knowledge analysis / Technological / Reliance on spurious features|Model Training / Technological / Overfitting|Model Training / Human / Domain shift|Model Training / Human / Incomplete validation criteria|Knowledge selection / Human / Dataset bias|Knowledge analysis / Human / Inappropriate model architecture
P1,45,17800087,True,0.05448002298237695,,,Knowledge analysis / Technological / Incorrect spatial-geometric interpretation|Model Training / Technological / Confidence miscalibration|Model Training / Technological / Confabulations,Knowledge analysis / Technological / Incorrect spatial-geometric interpretation|Model Training / Technological / Confidence miscalibration|Model Training / Technological / Confabulations|Model operation / Technological / Cascading error propagation|Model Training / Technological / Overfitting,Knowledge analysis / Technological / Incorrect spatial-geometric interpretation|Model Training / Technological / Confidence miscalibration|Model Training / Technological / Confabulations|Model operation / Technological / Cascading error propagation|Model Training / Technological / Overfitting|Knowledge analysis / Technological / Reliance on spurious features|Model Training / Human / Domain shift|Knowledge analysis / Human / Inappropriate model architecture|Knowledge analysis / Human / Lack of uncertainty estimation|Model Training / Technological / Catastrophic forgetting
P1,46,17800088,True,0.02154366720387643,,,Knowledge analysis / Technological / Incorrect spatial-geometric interpretation|Model Training / Technological / Confidence miscalibration|Model Training / Technological / Confabulations,Knowledge analysis / Technological / Incorrect spatial-geometric interpretation|Model Training / Technological / Confidence miscalibration|Model Training / Technological / Confabulations|Model operation / Technological / Cascading error propagation|Knowledge analysis / Technological / Reliance on spurious features,Knowledge analysis / Technological / Incorrect spatial-geometric interpretation|Model Training / Technological / Confidence miscalibration|Model Training / Technological / Confabulations|Model operation / Technological / Cascading error propagation|Knowledge analysis / Technological / Reliance on spurious features|Model Training / Technological / Overfitting|Knowledge selection / Human / Data representativeness|Knowledge analysis / Human / Inappropriate model architecture|Knowledge selection / Human / Dataset bias|Knowledge analysis / Human / Lack of uncertainty estimation
P1,47,17800089,True,0.020328987638606116,,,Knowledge analysis / Technological / Incorrect spatial-geometric interpretation|Model Training / Technological / Confidence miscalibration|Model Training / Technological / Confabulations,Knowledge analysis / Technological / Incorrect spatial-geometric interpretation|Model Training / Technological / Confidence miscalibration|Model Training / Technological / Confabulations|Model operation / Technological / Cascading error propagation|Knowledge analysis / Technological / Reliance on spurious features,Knowledge analysis / Technological / Incorrect spatial-geometric interpretation|Model Training / Technological / Confidence miscalibration|Model Training / Technological / Confabulations|Model operation / Technological / Cascading error propagation|Knowledge analysis / Technological / Reliance on spurious features|Model Training / Technological / Overfitting|Model Training / Human / Domain shift|Model Training / Human / Incomplete validation criteria|Knowledge analysis / Human / Lack of uncertainty estimation|Knowledge analysis / Human / Inappropriate model architecture
P1,48,17800090,True,0.03899344803940772,,,Knowledge analysis / Technological / Incorrect spatial-geometric interpretation|Model Training / Technological / Confidence miscalibration|Model Training / Technological / Confabulations,Knowledge analysis / Technological / Incorrect spatial-geometric interpretation|Model Training / Technological / Confidence miscalibration|Model Training / Technological / Confabulations|Model operation / Technological / Cascading error propagation|Knowledge analysis / Technological / Reliance on spurious features,Knowledge analysis / Technological / Incorrect spatial-geometric interpretation|Model Training / Technological / Confidence miscalibration|Model Training / Technological / Confabulations|Model operation / Technological / Cascading error propagation|Knowledge analysis / Technological / Reliance on spurious features|Model Training / Technological / Overfitting|Model Training / Human / Domain shift|Model Training / Human / Incomplete validation criteria|Knowledge selection / Human / Dataset bias|Knowledge analysis / Human / Inappropriate model architecture
P1,49,17800091,True,0.06417201796393185,,,Knowledge analysis / Technological / Incorrect spatial-geometric interpretation|Model Training / Technological / Confabulations|Model Training / Technological / Confidence miscalibration,Knowledge analysis / Technological / Incorrect spatial-geometric interpretation|Model Training / Technological / Confabulations|Model Training / Technological / Confidence miscalibration|Model operation / Technological / Cascading error propagation|Model Training / Technological / Overfitting,Knowledge analysis / Technological / Incorrect spatial-geometric interpretation|Model Training / Technological / Confabulations|Model Training / Technological / Confidence miscalibration|Model operation / Technological / Cascading error propagation|Model Training / Technological / Overfitting|Knowledge analysis / Technological / Reliance on spurious features|Model Training / Human / Domain shift|Model Training / Human / Incomplete validation criteria|Knowledge analysis / Human / Inappropriate model architecture|Knowledge analysis / Human / Lack of uncertainty estimation
P1,50,17800092,True,0.09347961080195044,,,Knowledge analysis / Technological / Incorrect spatial-geometric interpretation|Model Training / Technological / Confabulations|Model Training / Technological / Confidence miscalibration,Knowledge analysis / Technological / Incorrect spatial-geometric interpretation|Model Training / Technological / Confabulations|Model Training / Technological / Confidence miscalibration|Model operation / Technological / Cascading error propagation|Knowledge analysis / Technological / Reliance on spurious features,Knowledge analysis / Technological / Incorrect spatial-geometric interpretation|Model Training / Technological / Confabulations|Model Training / Technological / Confidence miscalibration|Model operation / Technological / Cascading error propagation|Knowledge analysis / Technological / Reliance on spurious features|Model Training / Technological / Overfitting|Model Training / Human / Incomplete validation criteria|Model Training / Technological / Catastrophic forgetting|Knowledge analysis / Human / Lack of uncertainty estimation|Knowledge analysis / Human / Inappropriate model architecture
P1,51,17800093,True,0.05455646363308428,,,Knowledge analysis / Technological / Incorrect spatial-geometric interpretation|Model Training / Technological / Confidence miscalibration|Model Training / Technological / Confabulations,Knowledge analysis / Technological / Incorrect spatial-geometric interpretation|Model Training / Technological / Confidence miscalibration|Model Training / Technological / Confabulations|Model operation / Technological / Cascading error propagation|Model Training / Human / Domain shift,Knowledge analysis / Technological / Incorrect spatial-geometric interpretation|Model Training / Technological / Confidence miscalibration|Model Training / Technological / Confabulations|Model operation / Technological / Cascading error propagation|Model Training / Human / Domain shift|Model Training / Human / Incomplete validation criteria|Model Training / Technological / Overfitting|Knowledge analysis / Technological / Reliance on spurious features|Knowledge selection / Human / Data representativeness|Knowledge analysis / Human / Inappropriate model architecture
P1,52,17800094,True,0.032153936307972586,,,Knowledge analysis / Technological / Incorrect spatial-geometric interpretation|Model Training / Technological / Confidence miscalibration|Model Training / Technological / Confabulations,Knowledge analysis / Technological / Incorrect spatial-geometric interpretation|Model Training / Technological / Confidence miscalibration|Model Training / Technological / Confabulations|Model operation / Technological / Cascading error propagation|Knowledge analysis / Technological / Reliance on spurious features,Knowledge analysis / Technological / Incorrect spatial-geometric interpretation|Model Training / Technological / Confidence miscalibration|Model Training / Technological / Confabulations|Model operation / Technological / Cascading error propagation|Knowledge analysis / Technological / Reliance on spurious features|Knowledge analysis / Human / Lack of uncertainty estimation|Model Training / Technological / Overfitting|Knowledge analysis / Human / Inappropriate model architecture|Model Training / Human / Domain shift|Model Training / Human / Incomplete validation criteria
P1,53,17800095,True,0.04704015341289523,,,Knowledge analysis / Technological / Incorrect spatial-geometric interpretation|Model Training / Technological / Confabulations|Model Training / Technological / Confidence miscalibration,Knowledge analysis / Technological / Incorrect spatial-geometric interpretation|Model Training / Technological / Confabulations|Model Training / Technological / Confidence miscalibration|Model operation / Technological / Cascading error propagation|Model Training / Technological / Overfitting,Knowledge analysis / Technological / Incorrect spatial-geometric interpretation|Model Training / Technological / Confabulations|Model Training / Technological / Confidence miscalibration|Model operation / Technological / Cascading error propagation|Model Training / Technological / Overfitting|Knowledge analysis / Technological / Reliance on spurious features|Model Training / Human / Domain shift|Model Training / Human / Incomplete validation criteria|Model operation / Human / Loss of situational awareness|Knowledge analysis / Human / Inappropriate model architecture
P1,54,17800096,False,0.11900278841616954,,,Knowledge analysis / Technological / Incorrect spatial-geometric interpretation|Model Training / Technological / Confabulations|Model Training / Technological / Confidence miscalibration,Knowledge analysis / Technological / Incorrect spatial-geometric interpretation|Model Training / Technological / Confabulations|Model Training / Technological / Confidence miscalibration|Model operation / Technological / Cascading error propagation|Model Training / Technological / Overfitting,Knowledge analysis / Technological / Incorrect spatial-geometric interpretation|Model Training / Technological / Confabulations|Model Training / Technological / Confidence miscalibration|Model operation / Technological / Cascading error propagation|Model Training / Technological / Overfitting|Model Training / Human / Domain shift|Knowledge analysis / Technological / Reliance on spurious features|Model operation / Human / Loss of situational awareness|Model Training / Technological / Catastrophic forgetting|Knowledge selection / Human / Dataset bias
P1,55,17800097,True,0.007148491309668207,,,Knowledge analysis / Technological / Incorrect spatial-geometric interpretation|Model Training / Technological / Confidence miscalibration|Model Training / Technological / Confabulations,Knowledge analysis / Technological / Incorrect spatial-geometric interpretation|Model Training / Technological / Confidence miscalibration|Model Training / Technological / Confabulations|Model operation / Technological / Cascading error propagation|Model Training / Technological / Overfitting,Knowledge analysis / Technological / Incorrect spatial-geometric interpretation|Model Training / Technological / Confidence miscalibration|Model Training / Technological / Confabulations|Model operation / Technological / Cascading error propagation|Model Training / Technological / Overfitting|Knowledge analysis / Technological / Reliance on spurious features|Model Training / Human / Domain shift|Model Training / Human / Incomplete validation criteria|Knowledge selection / Human / Dataset bias|Knowledge analysis / Human / Lack of uncertainty estimation
P1,56,17800098,True,0.033608997299337216,,,Knowledge analysis / Technological / Incorrect spatial-geometric interpretation|Model Training / Technological / Confabulations|Model Training / Technological / Confidence miscalibration,Knowledge analysis / Technological / Incorrect spatial-geometric interpretation|Model Training / Technological / Confabulations|Model Training / Technological / Confidence miscalibration|Model operation / Technological / Cascading error propagation|Knowledge analysis / Technological / Reliance on spurious features,Knowledge analysis / Technological / Incorrect spatial-geometric interpretation|Model Training / Technological / Confabulations|Model Training / Technological / Confidence miscalibration|Model operation / Technological / Cascading error propagation|Knowledge analysis / Technological / Reliance on spurious features|Model Training / Technological / Overfitting|Knowledge analysis / Human / Inappropriate model architecture|Knowledge analysis / Human / Lack of uncertainty estimation|Model Training / Human / Domain shift|Model Training / Human / Incomplete validation criteria
P1,57,17800099,True,0.06570378863008781,,,Knowledge analysis / Technological / Incorrect spatial-geometric interpretation|Model Training / Technological / Confabulations|Model Training / Technological / Confidence miscalibration,Knowledge analysis / Technological / Incorrect spatial-geometric interpretation|Model Training / Technological / Confabulations|Model Training / Technological / Confidence miscalibration|Model operation / Technological / Cascading error propagation|Model Training / Technological / Overfitting,Knowledge analysis / Technological / Incorrect spatial-geometric interpretation|Model Training / Technological / Confabulations|Model Training / Technological / Confidence miscalibration|Model operation / Technological / Cascading error propagation|Model Training / Technological / Overfitting|Knowledge analysis / Technological / Reliance on spurious features|Knowledge analysis / Human / Inappropriate model architecture|Model Training / Human / Domain shift|Model Training / Human / Incomplete validation criteria|Knowledge selection / Human / Dataset bias
P1,58,17800100,True,0.05094317456026805,,,Knowledge analysis / Technological / Incorrect spatial-geometric interpretation|Model Training / Technological / Confabulations|Model Training / Technological / Confidence miscalibration,Knowledge analysis / Technological / Incorrect spatial-geometric interpretation|Model Training / Technological / Confabulations|Model Training / Technological / Confidence miscalibration|Model operation / Technological / Cascading error propagation|Knowledge analysis / Technological / Reliance on spurious features,Knowledge analysis / Technological / Incorrect spatial-geometric interpretation|Model Training / Technological / Confabulations|Model Training / Technological / Confidence miscalibration|Model operation / Technological / Cascading error propagation|Knowledge analysis / Technological / Reliance on spurious features|Model Training / Technological / Overfitting|Knowledge analysis / Human / Lack of uncertainty estimation|Knowledge analysis / Human / Inappropriate model architecture|Model Training / Human / Domain shift|Model Training / Human / Incomplete validation criteria
P1,59,17800101,True,0.04368232275717978,,,Knowledge analysis / Technological / Incorrect spatial-geometric interpretation|Model Training / Technological / Confabulations|Model Training / Technological / Confidence miscalibration,Knowledge analysis / Technological / Incorrect spatial-geometric interpretation|Model Training / Technological / Confabulations|Model Training / Technological / Confidence miscalibration|Model operation / Technological / Cascading error propagation|Knowledge analysis / Technological / Reliance on spurious features,Knowledge analysis / Technological / Incorrect spatial-geometric interpretation|Model Training / Technological / Confabulations|Model Training / Technological / Confidence miscalibration|Model operation / Technological / Cascading error propagation|Knowledge analysis / Technological / Reliance on spurious features|Model Training / Technological / Overfitting|Knowledge analysis / Human / Lack of uncertainty estimation|Knowledge analysis / Human / Inappropriate model architecture|Model Training / Human / Domain shift|Model Training / Human / Incomplete validation criteria
P1,60,17800102,True,0.04049403275454571,,,Knowledge analysis / Technological / Incorrect spatial-geometric interpretation|Model Training / Technological / Confabulations|Model Training / Technological / Confidence miscalibration,Knowledge analysis / Technological / Incorrect spatial-geometric interpretation|Model Training / Technological / Confabulations|Model Training / Technological / Confidence miscalibration|Model operation / Technological / Cascading error propagation|Model Training / Technological / Overfitting,Knowledge analysis / Technological / Incorrect spatial-geometric interpretation|Model Training / Technological / Confabulations|Model Training / Technological / Confidence miscalibration|Model operation / Technological / Cascading error propagation|Model Training / Technological / Overfitting|Knowledge analysis / Technological / Reliance on spurious features|Model Training / Human / Domain shift|Model Training / Human / Incomplete validation criteria|Knowledge analysis / Human / Lack of uncertainty estimation|Model Training / Technological / Catastrophic forgetting
P1,61,17800103,True,0.026979104447134625,,,Knowledge analysis / Technological / Incorrect spatial-geometric interpretation|Model Training / Technological / Confabulations|Model Training / Technological / Confidence miscalibration,Knowledge analysis / Technological / Incorrect spatial-geometric interpretation|Model Training / Technological / Confabulations|Model Training / Technological / Confidence miscalibration|Model operation / Technological / Cascading error propagation|Knowledge analysis / Technological / Reliance on spurious features,Knowledge analysis / Technological / Incorrect spatial-geometric interpretation|Model Training / Technological / Confabulations|Model Training / Technological / Confidence miscalibration|Model operation / Technological / Cascading error propagation|Knowledge analysis / Technological / Reliance on spurious features|Model Training / Technological / Overfitting|Model Training / Human / Domain shift|Model Training / Human / Incomplete validation criteria|Knowledge analysis / Human / Lack of uncertainty estimation|Knowledge selection / Human / Data representativeness
P1,62,17800104,True,0.050481872870758136,,,Knowledge analysis / Technological / Incorrect spatial-geometric interpretation|Model Training / Technological / Confidence miscalibration|Model Training / Technological / Confabulations,Knowledge analysis / Technological / Incorrect spatial-geometric interpretation|Model Training / Technological / Confidence miscalibration|Model Training / Technological / Confabulations|Model operation / Technological / Cascading error propagation|Knowledge analysis / Technological / Reliance on spurious features,Knowledge analysis / Technological / Incorrect spatial-geometric interpretation|Model Training / Technological / Confidence miscalibration|Model Training / Technological / Confabulations|Model operation / Technological / Cascading error propagation|Knowledge analysis / Technological / Reliance on spurious features|Model Training / Technological / Overfitting|Model Training / Human / Domain shift|Model Training / Human / Incomplete validation criteria|Knowledge analysis / Human / Lack of uncertainty estimation|Knowledge analysis / Human / Inappropriate model architecture
P1,63,17800105,True,0.028962761589434016,,,Knowledge analysis / Technological / Incorrect spatial-geometric interpretation|Model Training / Technological / Confabulations|Model Training / Technological / Confidence miscalibration,Knowledge analysis / Technological / Incorrect spatial-geometric interpretation|Model Training / Technological / Confabulations|Model Training / Technological / Confidence miscalibration|Model operation / Technological / Cascading error propagation|Knowledge analysis / Technological / Reliance on spurious features,Knowledge analysis / Technological / Incorrect spatial-geometric interpretation|Model Training / Technological / Confabulations|Model Training / Technological / Confidence miscalibration|Model operation / Technological / Cascading error propagation|Knowledge analysis / Technological / Reliance on spurious features|Model Training / Technological / Overfitting|Knowledge analysis / Human / Lack of uncertainty estimation|Knowledge analysis / Human / Inappropriate model architecture|Knowledge selection / Human / Dataset bias|Knowledge selection / Human / Data representativeness
P1,64,17800106,True,0.0648606684880103,,,Knowledge analysis / Technological / Incorrect spatial-geometric interpretation|Model Training / Technological / Confabulations|Model Training / Technological / Confidence miscalibration,Knowledge analysis / Technological / Incorrect spatial-geometric interpretation|Model Training / Technological / Confabulations|Model Training / Technological / Confidence miscalibration|Model operation / Technological / Cascading error propagation|Knowledge analysis / Technological / Reliance on spurious features,Knowledge analysis / Technological / Incorrect spatial-geometric interpretation|Model Training / Technological / Confabulations|Model Training / Technological / Confidence miscalibration|Model operation / Technological / Cascading error propagation|Knowledge analysis / Technological / Reliance on spurious features|Model Training / Technological / Overfitting|Model Training / Human / Domain shift|Model Training / Human / Incomplete validation criteria|Knowledge analysis / Human / Lack of uncertainty estimation|Knowledge analysis / Human / Inappropriate model architecture
P1,65,17800107,True,0.08310504519279603,,,Knowledge analysis / Technological / Incorrect spatial-geometric interpretation|Model Training / Technological / Confidence miscalibration|Model Training / Technological / Confabulations,Knowledge analysis / Technological / Incorrect spatial-geometric interpretation|Model Training / Technological / Confidence miscalibration|Model Training / Technological / Confabulations|Model operation / Technological / Cascading error propagation|Model Training / Technological / Overfitting,Knowledge analysis / Technological / Incorrect spatial-geometric interpretation|Model Training / Technological / Confidence miscalibration|Model Training / Technological / Confabulations|Model operation / Technological / Cascading error propagation|Model Training / Technological / Overfitting|Knowledge analysis / Technological / Reliance on spurious features|Knowledge analysis / Human / Inappropriate model architecture|Model Training / Human / Domain shift|Model Training / Human / Incomplete validation criteria|Knowledge selection / Human / Data representativeness
P1,66,17800108,True,0.059965103653723144,,,Knowledge analysis / Technological / Incorrect spatial-geometric interpretation|Model Training / Technological / Confabulations|Model Training / Technological / Confidence miscalibration,Knowledge analysis / Technological / Incorrect spatial-geometric interpretation|Model Training / Technological / Confabulations|Model Training / Technological / Confidence miscalibration|Model operation / Technological / Cascading error propagation|Model Training / Technological / Overfitting,Knowledge analysis / Technological / Incorrect spatial-geometric interpretation|Model Training / Technological / Confabulations|Model Training / Technological / Confidence miscalibration|Model operation / Technological / Cascading error propagation|Model Training / Technological / Overfitting|Knowledge analysis / Technological / Reliance on spurious features|Model Training / Human / Domain shift|Model Training / Human / Incomplete validation criteria|Model operation / Technological / Sensor artifacts|Knowledge selection / Human / Data representativeness
P1,67,17800109,True,0.060075673290713144,,,Knowledge analysis / Technological / Incorrect spatial-geometric interpretation|Model Training / Technological / Confabulations|Model Training / Technological / Confidence miscalibration,Knowledge analysis / Technological / Incorrect spatial-geometric interpretation|Model Training / Technological / Confabulations|Model Training / Technological / Confidence miscalibration|Model operation / Technological / Cascading error propagation|Knowledge analysis / Technological / Reliance on spurious features,Knowledge analysis / Technological / Incorrect spatial-geometric interpretation|Model Training / Technological / Confabulations|Model Training / Technological / Confidence miscalibration|Model operation / Technological / Cascading error propagation|Knowledge analysis / Technological / Reliance on spurious features|Model Training / Technological / Overfitting|Model Training / Human / Domain shift|Model Training / Human / Incomplete validation criteria|Knowledge analysis / Human / Lack of uncertainty estimation|Knowledge analysis / Human / Inappropriate model architecture
P1,68,17800110,True,0.058215541773622155,,,Knowledge analysis / Technological / Incorrect spatial-geometric interpretation|Model Training / Technological / Confabulations|Model Training / Technological / Confidence miscalibration,Knowledge analysis / Technological / Incorrect spatial-geometric interpretation|Model Training / Technological / Confabulations|Model Training / Technological / Confidence miscalibration|Model operation / Technological / Cascading error propagation|Knowledge analysis / Technological / Reliance on spurious features,Knowledge analysis / Technological / Incorrect spatial-geometric interpretation|Model Training / Technological / Confabulations|Model Training / Technological / Confidence miscalibration|Model operation / Technological / Cascading error propagation|Knowledge analysis / Technological / Reliance on spurious features|Model Training / Technological / Overfitting|Model Training / Human / Domain shift|Model Training / Human / Incomplete validation criteria|Model Training / Technological / Catastrophic forgetting|Knowledge selection / Human / Dataset bias
P1,69,17800111,True,0.0683632748514903,,,Knowledge analysis / Technological / Incorrect spatial-geometric interpretation|Model Training / Technological / Confidence miscalibration|Model Training / Technological / Confabulations,Knowledge analysis / Technological / Incorrect spatial-geometric interpretation|Model Training / Technological / Confidence miscalibration|Model Training / Technological / Confabulations|Model operation / Technological / Cascading error propagation|Knowledge analysis / Technological / Reliance on spurious features,Knowledge analysis / Technological / Incorrect spatial-geometric interpretation|Model Training / Technological / Confidence miscalibration|Model Training / Technological / Confabulations|Model operation / Technological / Cascading error propagation|Knowledge analysis / Technological / Reliance on spurious features|Model Training / Technological / Overfitting|Model Training / Human / Domain shift|Model Training / Human / Incomplete validation criteria|Knowledge analysis / Human / Lack of uncertainty estimation|Model Training / Technological / Catastrophic forgetting
P1,70,17800112,True,0.07645412980228904,,,Knowledge analysis / Technological / Incorrect spatial-geometric interpretation|Model Training / Technological / Confidence miscalibration|Model Training / Technological / Confabulations,Knowledge analysis / Technological / Incorrect spatial-geometric interpretation|Model Training / Technological / Confidence miscalibration|Model Training / Technological / Confabulations|Model operation / Technological / Cascading error propagation|Knowledge analysis / Technological / Reliance on spurious features,Knowledge analysis / Technological / Incorrect spatial-geometric interpretation|Model Training / Technological / Confidence miscalibration|Model Training / Technological / Confabulations|Model operation / Technological / Cascading error propagation|Knowledge analysis / Technological / Reliance on spurious features|Model Training / Technological / Overfitting|Model Training / Human / Domain shift|Model Training / Human / Incomplete validation criteria|Knowledge analysis / Human / Inappropriate model architecture|Knowledge analysis / Human / Lack of uncertainty estimation
P1,71,17800113,True,0.05175987012073237,,,Knowledge analysis / Technological / Incorrect spatial-geometric interpretation|Model Training / Technological / Confidence miscalibration|Model Training / Technological / Confabulations,Knowledge analysis / Technological / Incorrect spatial-geometric interpretation|Model Training / Technological / Confidence miscalibration|Model Training / Technological / Confabulations|Model operation / Technological / Cascading error propagation|Model Training / Technological / Overfitting,Knowledge analysis / Technological / Incorrect spatial-geometric interpretation|Model Training / Technological / Confidence miscalibration|Model Training / Technological / Confabulations|Model operation / Technological / Cascading error propagation|Model Training / Technological / Overfitting|Knowledge analysis / Technological / Reliance on spurious features|Model Training / Human / Domain shift|Model Training / Human / Incomplete validation criteria|Knowledge analysis / Human / Inappropriate model architecture|Model Training / Technological / Catastrophic forgetting
P1,72,17800114,True,0.04625621090955894,,,Knowledge analysis / Technological / Incorrect spatial-geometric interpretation|Model Training / Technological / Confidence miscalibration|Model Training / Technological / Confabulations,Knowledge analysis / Technological / Incorrect spatial-geometric interpretation|Model Training / Technological / Confidence miscalibration|Model Training / Technological / Confabulations|Model operation / Technological / Cascading error propagation|Knowledge analysis / Technological / Reliance on spurious features,Knowledge analysis / Technological / Incorrect spatial-geometric interpretation|Model Training / Technological / Confidence miscalibration|Model Training / Technological / Confabulations|Model operation / Technological / Cascading error propagation|Knowledge analysis / Technological / Reliance on spurious features|Model Training / Technological / Overfitting|Knowledge analysis / Human / Lack of uncertainty estimation|Model Training / Human / Domain shift|Model Training / Human / Incomplete validation criteria|Model Training / Technological / Catastrophic forgetting
P1,73,17800115,True,0.02697910444713429,,,Knowledge analysis / Technological / Incorrect spatial-geometric interpretation|Model Training / Technological / Confidence miscalibration|Model Training / Technological / Confabulations,Knowledge analysis / Technological / Incorrect spatial-geometric interpretation|Model Training / Technological / Confidence miscalibration|Model Training / Technological / Confabulations|Model operation / Technological / Cascading error propagation|Knowledge analysis / Technological / Reliance on spurious features,Knowledge analysis / Technological / Incorrect spatial-geometric interpretation|Model Training / Technological / Confidence miscalibration|Model Training / Technological / Confabulations|Model operation / Technological / Cascading error propagation|Knowledge analysis / Technological / Reliance on spurious features|Model Training / Technological / Overfitting|Knowledge analysis / Human / Inappropriate model architecture|Knowledge selection / Human / Data representativeness|Knowledge analysis / Human / Lack of uncertainty estimation|Knowledge selection / Human / Dataset bias
P1,74,17800116,True,0.06417201796393054,,,Knowledge analysis / Technological / Incorrect spatial-geometric interpretation|Model Training / Technological / Confabulations|Model Training / Technological / Confidence miscalibration,Knowledge analysis / Technological / Incorrect spatial-geometric interpretation|Model Training / Technological / Confabulations|Model Training / Technological / Confidence miscalibration|Model operation / Technological / Cascading error propagation|Knowledge analysis / Technological / Reliance on spurious features,Knowledge analysis / Technological / Incorrect spatial-geometric interpretation|Model Training / Technological / Confabulations|Model Training / Technological / Confidence miscalibration|Model operation / Technological / Cascading error propagation|Knowledge analysis / Technological / Reliance on spurious features|Model Training / Technological / Overfitting|Knowledge analysis / Human / Inappropriate model architecture|Knowledge analysis / Human / Lack of uncertainty estimation|Model Training / Human / Domain shift|Model Training / Human / Incomplete validation criteria
P1,75,17800117,True,0.017553404255156703,,,Knowledge analysis / Technological / Incorrect spatial-geometric interpretation|Model Training / Technological / Confidence miscalibration|Model Training / Technological / Confabulations,Knowledge analysis / Technological / Incorrect spatial-geometric interpretation|Model Training / Technological / Confidence miscalibration|Model Training / Technological / Confabulations|Model operation / Technological / Cascading error propagation|Knowledge analysis / Technological / Reliance on spurious features,Knowledge analysis / Technological / Incorrect spatial-geometric interpretation|Model Training / Technological / Confidence miscalibration|Model Training / Technological / Confabulations|Model operation / Technological / Cascading error propagation|Knowledge analysis / Technological / Reliance on spurious features|Model Training / Technological / Overfitting|Model Training / Human / Domain shift|Model Training / Human / Incomplete validation criteria|Knowledge analysis / Human / Lack of uncertainty estimation|Knowledge selection / Human / Data representativeness
P1,76,17800118,True,0.07609510898571442,,,Knowledge analysis / Technological / Incorrect spatial-geometric interpretation|Model Training / Technological / Confabulations|Model operation / Technological / Cascading error propagation,Knowledge analysis / Technological / Incorrect spatial-geometric interpretation|Model Training / Technological / Confabulations|Model operation / Technological / Cascading error propagation|Model Training / Technological / Confidence miscalibration|Knowledge analysis / Technological / Reliance on spurious features,Knowledge analysis / Technological / Incorrect spatial-geometric interpretation|Model Training / Technological / Confabulations|Model operation / Technological / Cascading error propagation|Model Training / Technological / Confidence miscalibration|Knowledge analysis / Technological / Reliance on spurious features|Model Training / Technological / Overfitting|Knowledge analysis / Human / Lack of uncertainty estimation|Knowledge analysis / Human / Inappropriate model architecture|Knowledge selection / Human / Dataset bias|Knowledge selection / Human / Data representativeness
P1,77,17800119,True,0.03008419435677469,,,Knowledge analysis / Technological / Incorrect spatial-geometric interpretation|Model Training / Technological / Confidence miscalibration|Model Training / Technological / Confabulations,Knowledge analysis / Technological / Incorrect spatial-geometric interpretation|Model Training / Technological / Confidence miscalibration|Model Training / Technological / Confabulations|Model operation / Technological / Cascading error propagation|Knowledge analysis / Technological / Reliance on spurious features,Knowledge analysis / Technological / Incorrect spatial-geometric interpretation|Model Training / Technological / Confidence miscalibration|Model Training / Technological / Confabulations|Model operation / Technological / Cascading error propagation|Knowledge analysis / Technological / Reliance on spurious features|Model Training / Technological / Overfitting|Knowledge selection / Human / Data representativeness|Knowledge analysis / Human / Lack of uncertainty estimation|Knowledge selection / Human / Dataset bias|Model Training / Human / Domain shift
P1,78,17800120,True,0.030911127057136382,,,Knowledge analysis / Technological / Incorrect spatial-geometric interpretation|Model Training / Technological / Confidence miscalibration|Model Training / Technological / Confabulations,Knowledge analysis / Technological / Incorrect spatial-geometric interpretation|Model Training / Technological / Confidence miscalibration|Model Training / Technological / Confabulations|Model operation / Technological / Cascading error propagation|Knowledge analysis / Technological / Reliance on spurious features,Knowledge analysis / Technological / Incorrect spatial-geometric interpretation|Model Training / Technological / Confidence miscalibration|Model Training / Technological / Confabulations|Model operation / Technological / Cascading error propagation|Knowledge analysis / Technological / Reliance on spurious features|Model Training / Technological / Overfitting|Model Training / Human / Incomplete validation criteria|Knowledge analysis / Human / Lack of uncertainty estimation|Knowledge analysis / Human / Inappropriate model architecture|Knowledge selection / Human / Data representativeness
P1,79,17800121,True,0.0671361764984319,,,Knowledge analysis / Technological / Incorrect spatial-geometric interpretation|Model Training / Technological / Confidence miscalibration|Model Training / Technological / Confabulations,Knowledge analysis / Technological / Incorrect spatial-geometric interpretation|Model Training / Technological / Confidence miscalibration|Model Training / Technological / Confabulations|Model operation / Technological / Cascading error propagation|Model Training / Technological / Overfitting,Knowledge analysis / Technological / Incorrect spatial-geometric interpretation|Model Training / Technological / Confidence miscalibration|Model Training / Technological / Confabulations|Model operation / Technological / Cascading error propagation|Model Training / Technological / Overfitting|Knowledge analysis / Technological / Reliance on spurious features|Model Training / Human / Domain shift|Model Training / Human / Incomplete validation criteria|Knowledge analysis / Human / Inappropriate model architecture|Knowledge analysis / Human / Lack of uncertainty estimation
P1,80,17800122,True,0.027070733182805482,,,Knowledge analysis / Technological / Incorrect spatial-geometric interpretation|Model Training / Technological / Confabulations|Model Training / Technological / Confidence miscalibration,Knowledge analysis / Technological / Incorrect spatial-geometric interpretation|Model Training / Technological / Confabulations|Model Training / Technological / Confidence miscalibration|Model operation / Technological / Cascading error propagation|Model Training / Technological / Overfitting,Knowledge analysis / Technological / Incorrect spatial-geometric interpretation|Model Training / Technological / Confabulations|Model Training / Technological / Confidence miscalibration|Model operation / Technological / Cascading error propagation|Model Training / Technological / Overfitting|Knowledge analysis / Technological / Reliance on spurious features|Model Training / Human / Domain shift|Model Training / Human / Incomplete validation criteria|Knowledge selection / Human / Dataset bias|Knowledge selection / Human / Data representativeness
P1,81,17800123,True,0.019267925828716916,,,Knowledge analysis / Technological / Incorrect spatial-geometric interpretation|Model Training / Technological / Confidence miscalibration|Model Training / Technological / Confabulations,Knowledge analysis / Technological / Incorrect spatial-geometric interpretation|Model Training / Technological / Confidence miscalibration|Model Training / Technological / Confabulations|Model operation / Technological / Cascading error propagation|Knowledge analysis / Technological / Reliance on spurious features,Knowledge analysis / Technological / Incorrect spatial-geometric interpretation|Model Training / Technological / Confidence miscalibration|Model Training / Technological / Confabulations|Model operation / Technological / Cascading error propagation|Knowledge analysis / Technological / Reliance on spurious features|Model Training / Human / Domain shift|Model Training / Human / Incomplete validation criteria|Knowledge analysis / Human / Inappropriate model architecture|Knowledge analysis / Human / Lack of uncertainty estimation|Model Training / Technological / Overfitting
P1,82,17800124,True,0.07609577694448748,,,Model Training / Technological / Confidence miscalibration|Knowledge analysis / Technological / Incorrect spatial-geometric interpretation|Model Training / Technological / Confabulations,Model Training / Technological / Confidence miscalibration|Knowledge analysis / Technological / Incorrect spatial-geometric interpretation|Model Training / Technological / Confabulations|Model operation / Technological / Cascading error propagation|Model Training / Technological / Overfitting,Model Training / Technological / Confidence miscalibration|Knowledge analysis / Technological / Incorrect spatial-geometric interpretation|Model Training / Technological / Confabulations|Model operation / Technological / Cascading error propagation|Model Training / Technological / Overfitting|Model Training / Human / Domain shift|Model Training / Human / Incomplete validation criteria|Knowledge analysis / Technological / Reliance on spurious features|Model Training / Technological / Catastrophic forgetting|Knowledge selection / Human / Data representativeness
P1,83,17800125,True,0.04925451585195544,,,Knowledge analysis / Technological / Incorrect spatial-geometric interpretation|Model Training / Technological / Confabulations|Model Training / Technological / Confidence miscalibration,Knowledge analysis / Technological / Incorrect spatial-geometric interpretation|Model Training / Technological / Confabulations|Model Training / Technological / Confidence miscalibration|Model operation / Technological / Cascading error propagation|Knowledge analysis / Technological / Reliance on spurious features,Knowledge analysis / Technological / Incorrect spatial-geometric interpretation|Model Training / Technological / Confabulations|Model Training / Technological / Confidence miscalibration|Model operation / Technological / Cascading error propagation|Knowledge analysis / Technological / Reliance on spurious features|Model Training / Technological / Overfitting|Knowledge analysis / Human / Inappropriate model architecture|Knowledge analysis / Human / Lack of uncertainty estimation|Model Training / Human / Domain shift|Model Training / Human / Incomplete validation criteria
P1,84,17800126,True,0.053010952518472904,,,Knowledge analysis / Technological / Incorrect spatial-geometric interpretation|Model Training / Technological / Confabulations|Model Training / Technological / Confidence miscalibration,Knowledge analysis / Technological / Incorrect spatial-geometric interpretation|Model Training / Technological / Confabulations|Model Training / Technological / Confidence miscalibration|Model operation / Technological / Cascading error propagation|Knowledge analysis / Technological / Reliance on spurious features,Knowledge analysis / Technological / Incorrect spatial-geometric interpretation|Model Training / Technological / Confabulations|Model Training / Technological / Confidence miscalibration|Model operation / Technological / Cascading error propagation|Knowledge analysis / Technological / Reliance on spurious features|Model Training / Technological / Overfitting|Knowledge analysis / Human / Lack of uncertainty estimation|Knowledge analysis / Human / Inappropriate model architecture|Knowledge selection / Human / Data representativeness|Model Training / Human / Domain shift
P1,85,17800127,True,0.05397279219802692,,,Knowledge analysis / Technological / Incorrect spatial-geometric interpretation|Model Training / Technological / Confabulations|Model Training / Technological / Confidence miscalibration,Knowledge analysis / Technological / Incorrect spatial-geometric interpretation|Model Training / Technological / Confabulations|Model Training / Technological / Confidence miscalibration|Model operation / Technological / Cascading error propagation|Knowledge analysis / Technological / Reliance on spurious features,Knowledge analysis / Technological / Incorrect spatial-geometric interpretation|Model Training / Technological / Confabulations|Model Training / Technological / Confidence miscalibration|Model operation / Technological / Cascading error propagation|Knowledge analysis / Technological / Reliance on spurious features|Model Training / Human / Domain shift|Model Training / Technological / Overfitting|Knowledge analysis / Human / Inappropriate model architecture|Knowledge selection / Human / Dataset bias|Knowledge analysis / Human / Lack of uncertainty estimation
P1,86,17800128,True,0.04622549644738907,,,Knowledge analysis / Technological / Incorrect spatial-geometric interpretation|Model Training / Technological / Confabulations|Model Training / Technological / Confidence miscalibration,Knowledge analysis / Technological / Incorrect spatial-geometric interpretation|Model Training / Technological / Confabulations|Model Training / Technological / Confidence miscalibration|Model operation / Technological / Cascading error propagation|Knowledge analysis / Technological / Reliance on spurious features,Knowledge analysis / Technological / Incorrect spatial-geometric interpretation|Model Training / Technological / Confabulations|Model Training / Technological / Confidence miscalibration|Model operation / Technological / Cascading error propagation|Knowledge analysis / Technological / Reliance on spurious features|Model Training / Technological / Overfitting|Knowledge analysis / Human / Lack of uncertainty estimation|Model Training / Human / Domain shift|Model Training / Human / Incomplete validation criteria|Knowledge selection / Human / Data representativeness
P1,87,17800129,True,0.028962761589433356,,,Knowledge analysis / Technological / Incorrect spatial-geometric interpretation|Model Training / Technological / Confidence miscalibration|Model Training / Technological / Confabulations,Knowledge analysis / Technological / Incorrect spatial-geometric interpretation|Model Training / Technological / Confidence miscalibration|Model Training / Technological / Confabulations|Model operation / Technological / Cascading error propagation|Knowledge analysis / Technological / Reliance on spurious features,Knowledge analysis / Technological / Incorrect spatial-geometric interpretation|Model Training / Technological / Confidence miscalibration|Model Training / Technological / Confabulations|Model operation / Technological / Cascading error propagation|Knowledge analysis / Technological / Reliance on spurious features|Model Training / Technological / Overfitting|Model Training / Human / Domain shift|Model Training / Human / Incomplete validation criteria|Knowledge analysis / Human / Lack of uncertainty estimation|Knowledge analysis / Human / Inappropriate model architecture
P1,88,17800130,True,0.053320189782743416,,,Knowledge analysis / Technological / Incorrect spatial-geometric interpretation|Model Training / Technological / Confidence miscalibration|Model Training / Technological / Confabulations,Knowledge analysis / Technological / Incorrect spatial-geometric interpretation|Model Training / Technological / Confidence miscalibration|Model Training / Technological / Confabulations|Model operation / Technological / Cascading error propagation|Knowledge analysis / Technological / Reliance on spurious features,Knowledge analysis / Technological / Incorrect spatial-geometric interpretation|Model Training / Technological / Confidence miscalibration|Model Training / Technological / Confabulations|Model operation / Technological / Cascading error propagation|Knowledge analysis / Technological / Reliance on spurious features|Model Training / Technological / Overfitting|Knowledge selection / Human / Dataset bias|Knowledge selection / Human / Data representativeness|Knowledge analysis / Human / Lack of uncertainty estimation|Knowledge analysis / Human / Inappropriate model architecture
P1,89,17800131,True,0.013316795539390337,,,Knowledge analysis / Technological / Incorrect spatial-geometric interpretation|Model Training / Technological / Confabulations|Model Training / Technological / Confidence miscalibration,Knowledge analysis / Technological / Incorrect spatial-geometric interpretation|Model Training / Technological / Confabulations|Model Training / Technological / Confidence miscalibration|Model operation / Technological / Cascading error propagation|Knowledge analysis / Technological / Reliance on spurious features,Knowledge analysis / Technological / Incorrect spatial-geometric interpretation|Model Training / Technological / Confabulations|Model Training / Technological / Confidence miscalibration|Model operation / Technological / Cascading error propagation|Knowledge analysis / Technological / Reliance on spurious features|Model Training / Technological / Overfitting|Model Training / Human / Domain shift|Model Training / Human / Incomplete validation criteria|Knowledge analysis / Human / Lack of uncertainty estimation|Knowledge analysis / Human / Inappropriate model architecture
P1,90,17800132,True,0.06588870995677111,,,Knowledge analysis / Technological / Incorrect spatial-geometric interpretation|Model Training / Technological / Confabulations|Model Training / Technological / Confidence miscalibration,Knowledge analysis / Technological / Incorrect spatial-geometric interpretation|Model Training / Technological / Confabulations|Model Training / Technological / Confidence miscalibration|Model operation / Technological / Cascading error propagation|Model Training / Technological / Overfitting,Knowledge analysis / Technological / Incorrect spatial-geometric interpretation|Model Training / Technological / Confabulations|Model Training / Technological / Confidence miscalibration|Model operation / Technological / Cascading error propagation|Model Training / Technological / Overfitting|Knowledge analysis / Technological / Reliance on spurious features|Model Training / Human / Domain shift|Model Training / Human / Incomplete validation criteria|Knowledge selection / Human / Data representativeness|Knowledge analysis / Human / Inappropriate model architecture
P1,91,17800133,True,0.04195813255426793,,,Knowledge analysis / Technological / Incorrect spatial-geometric interpretation|Model Training / Technological / Confidence miscalibration|Model Training / Technological / Confabulations,Knowledge analysis / Technological / Incorrect spatial-geometric interpretation|Model Training / Technological / Confidence miscalibration|Model Training / Technological / Confabulations|Model operation / Technological / Cascading error propagation|Model Training / Technological / Overfitting,Knowledge analysis / Technological / Incorrect spatial-geometric interpretation|Model Training / Technological / Confidence miscalibration|Model Training / Technological / Confabulations|Model operation / Technological / Cascading error propagation|Model Training / Technological / Overfitting|Knowledge analysis / Technological / Reliance on spurious features|Model Training / Human / Domain shift|Model Training / Human / Incomplete validation criteria|Knowledge analysis / Human / Inappropriate model architecture|Knowledge selection / Human / Data representativeness
P1,92,17800134,True,0.046256210909559274,,,Knowledge analysis / Technological / Incorrect spatial-geometric interpretation|Model Training / Technological / Confabulations|Model Training / Technological / Confidence miscalibration,Knowledge analysis / Technological / Incorrect spatial-geometric interpretation|Model Training / Technological / Confabulations|Model Training / Technological / Confidence miscalibration|Model operation / Technological / Cascading error propagation|Knowledge analysis / Technological / Reliance on spurious features,Knowledge analysis / Technological / Incorrect spatial-geometric interpretation|Model Training / Technological / Confabulations|Model Training / Technological / Confidence miscalibration|Model operation / Technological / Cascading error propagation|Knowledge analysis / Technological / Reliance on spurious features|Model Training / Technological / Overfitting|Model Training / Human / Domain shift|Knowledge analysis / Human / Lack of uncertainty estimation|Knowledge selection / Human / Data representativeness|Knowledge selection / Human / Dataset bias
P1,93,17800135,True,0.030911127057136382,,,Knowledge analysis / Technological / Incorrect spatial-geometric interpretation|Model Training / Technological / Confabulations|Model Training / Technological / Confidence miscalibration,Knowledge analysis / Technological / Incorrect spatial-geometric interpretation|Model Training / Technological / Confabulations|Model Training / Technological / Confidence miscalibration|Model operation / Technological / Cascading error propagation|Knowledge analysis / Technological / Reliance on spurious features,Knowledge analysis / Technological / Incorrect spatial-geometric interpretation|Model Training / Technological / Confabulations|Model Training / Technological / Confidence miscalibration|Model operation / Technological / Cascading error propagation|Knowledge analysis / Technological / Reliance on spurious features|Model Training / Human / Domain shift|Model Training / Human / Incomplete validation criteria|Model Training / Technological / Overfitting|Model Training / Technological / Catastrophic forgetting|Knowledge analysis / Human / Lack of uncertainty estimation
P1,94,17800136,True,0.04622549644738907,,,Knowledge analysis / Technological / Incorrect spatial-geometric interpretation|Model Training / Technological / Confidence miscalibration|Model Training / Technological / Confabulations,Knowledge analysis / Technological / Incorrect spatial-geometric interpretation|Model Training / Technological / Confidence miscalibration|Model Training / Technological / Confabulations|Model operation / Technological / Cascading error propagation|Knowledge analysis / Technological / Reliance on spurious features,Knowledge analysis / Technological / Incorrect spatial-geometric interpretation|Model Training / Technological / Confidence miscalibration|Model Training / Technological / Confabulations|Model operation / Technological / Cascading error propagation|Knowledge analysis / Technological / Reliance on spurious features|Model Training / Technological / Overfitting|Knowledge analysis / Human / Inappropriate model architecture|Knowledge analysis / Human / Lack of uncertainty estimation|Knowledge selection / Human / Dataset bias|Knowledge selection / Human / Data representativeness
P1,95,17800137,True,0.06636614968792873,,,Knowledge analysis / Technological / Incorrect spatial-geometric interpretation|Model Training / Technological / Confidence miscalibration|Model Training / Technological / Confabulations,Knowledge analysis / Technological / Incorrect spatial-geometric interpretation|Model Training / Technological / Confidence miscalibration|Model Training / Technological / Confabulations|Model operation / Technological / Cascading error propagation|Knowledge analysis / Technological / Reliance on spurious features,Knowledge analysis / Technological / Incorrect spatial-geometric interpretation|Model Training / Technological / Confidence miscalibration|Model Training / Technological / Confabulations|Model operation / Technological / Cascading error propagation|Knowledge analysis / Technological / Reliance on spurious features|Model Training / Technological / Overfitting|Knowledge analysis / Human / Inappropriate model architecture|Knowledge analysis / Human / Lack of uncertainty estimation|Knowledge selection / Human / Dataset bias|Knowledge selection / Human / Data representativeness
P1,96,17800138,True,0.06337372885632118,,,Knowledge analysis / Technological / Incorrect spatial-geometric interpretation|Model Training / Technological / Confabulations|Model Training / Technological / Confidence miscalibration,Knowledge analysis / Technological / Incorrect spatial-geometric interpretation|Model Training / Technological / Confabulations|Model Training / Technological / Confidence miscalibration|Model operation / Technological / Cascading error propagation|Model Training / Technological / Overfitting,Knowledge analysis / Technological / Incorrect spatial-geometric interpretation|Model Training / Technological / Confabulations|Model Training / Technological / Confidence miscalibration|Model operation / Technological / Cascading error propagation|Model Training / Technological / Overfitting|Knowledge analysis / Technological / Reliance on spurious features|Model Training / Human / Incomplete validation criteria|Knowledge analysis / Human / Inappropriate model architecture|Knowledge selection / Human / Data representativeness|Knowledge selection / Human / Dataset bias
P1,97,17800139,True,0.08614937744557377,,,Knowledge analysis / Technological / Incorrect spatial-geometric interpretation|Model Training / Technological / Confidence miscalibration|Model Training / Technological / Confabulations,Knowledge analysis / Technological / Incorrect spatial-geometric interpretation|Model Training / Technological / Confidence miscalibration|Model Training / Technological / Confabulations|Model operation / Technological / Cascading error propagation|Knowledge analysis / Technological / Reliance on spurious features,Knowledge analysis / Technological / Incorrect spatial-geometric interpretation|Model Training / Technological / Confidence miscalibration|Model Training / Technological / Confabulations|Model operation / Technological / Cascading error propagation|Knowledge analysis / Technological / Reliance on spurious features|Model Training / Technological / Overfitting|Knowledge analysis / Human / Inappropriate model architecture|Model Training / Human / Domain shift|Model Training / Human / Incomplete validation criteria|Knowledge analysis / Human / Lack of uncertainty estimation
P1,98,17800140,True,0.08998477315444396,,,Knowledge analysis / Technological / Incorrect spatial-geometric interpretation|Model Training / Technological / Confabulations|Model Training / Technological / Confidence miscalibration,Knowledge analysis / Technological / Incorrect spatial-geometric interpretation|Model Training / Technological / Confabulations|Model Training / Technological / Confidence miscalibration|Model operation / Technological / Cascading error propagation|Knowledge analysis / Technological / Reliance on spurious features,Knowledge analysis / Technological / Incorrect spatial-geometric interpretation|Model Training / Technological / Confabulations|Model Training / Technological / Confidence miscalibration|Model operation / Technological / Cascading error propagation|Knowledge analysis / Technological / Reliance on spurious features|Model Training / Technological / Overfitting|Knowledge analysis / Human / Lack of uncertainty estimation|Model Training / Human / Domain shift|Model Training / Human / Incomplete validation criteria|Knowledge analysis / Human / Inappropriate model architecture
P1,99,17800141,True,0.03785859522492425,,,Knowledge analysis / Technological / Incorrect spatial-geometric interpretation|Model Training / Technological / Confidence miscalibration|Model Training / Technological / Confabulations,Knowledge analysis / Technological / Incorrect spatial-geometric interpretation|Model Training / Technological / Confidence miscalibration|Model Training / Technological / Confabulations|Model operation / Technological / Cascading error propagation|Knowledge analysis / Technological / Reliance on spurious features,Knowledge analysis / Technological / Incorrect spatial-geometric interpretation|Model Training / Technological / Confidence miscalibration|Model Training / Technological / Confabulations|Model operation / Technological / Cascading error propagation|Knowledge analysis / Technological / Reliance on spurious features|Model Training / Technological / Overfitting|Model Training / Human / Incomplete validation criteria|Knowledge analysis / Human / Lack of uncertainty estimation|Knowledge analysis / Human / Inappropriate model architecture|Model Training / Technological / Catastrophic forgetting
P1,100,17800142,True,0.012145712900491592,,,Knowledge analysis / Technological / Incorrect spatial-geometric interpretation|Model Training / Technological / Confabulations|Model Training / Technological / Confidence miscalibration,Knowledge analysis / Technological / Incorrect spatial-geometric interpretation|Model Training / Technological / Confabulations|Model Training / Technological / Confidence miscalibration|Model operation / Technological / Cascading error propagation|Knowledge analysis / Technological / Reliance on spurious features,Knowledge analysis / Technological / Incorrect spatial-geometric interpretation|Model Training / Technological / Confabulations|Model Training / Technological / Confidence miscalibration|Model operation / Technological / Cascading error propagation|Knowledge analysis / Technological / Reliance on spurious features|Model Training / Technological / Overfitting|Knowledge analysis / Human / Lack of uncertainty estimation|Knowledge analysis / Human / Inappropriate model architecture|Model Training / Human / Domain shift|Model Training / Human / Incomplete validation criteria
P1,101,17800143,True,0.02443031211566792,,,Knowledge analysis / Technological / Incorrect spatial-geometric interpretation|Model Training / Technological / Confabulations|Model Training / Technological / Confidence miscalibration,Knowledge analysis / Technological / Incorrect spatial-geometric interpretation|Model Training / Technological / Confabulations|Model Training / Technological / Confidence miscalibration|Model operation / Technological / Cascading error propagation|Knowledge analysis / Technological / Reliance on spurious features,Knowledge analysis / Technological / Incorrect spatial-geometric interpretation|Model Training / Technological / Confabulations|Model Training / Technological / Confidence miscalibration|Model operation / Technological / Cascading error propagation|Knowledge analysis / Technological / Reliance on spurious features|Model Training / Technological / Overfitting|Model Training / Human / Incomplete validation criteria|Knowledge analysis / Human / Lack of uncertainty estimation|Knowledge analysis / Human / Inappropriate model architecture|Knowledge selection / Human / Dataset bias
P1,102,17800144,True,0.03764713141356627,,,Knowledge analysis / Technological / Incorrect spatial-geometric interpretation|Model Training / Technological / Confabulations|Model Training / Technological / Confidence miscalibration,Knowledge analysis / Technological / Incorrect spatial-geometric interpretation|Model Training / Technological / Confabulations|Model Training / Technological / Confidence miscalibration|Model operation / Technological / Cascading error propagation|Knowledge analysis / Technological / Reliance on spurious features,Knowledge analysis / Technological / Incorrect spatial-geometric interpretation|Model Training / Technological / Confabulations|Model Training / Technological / Confidence miscalibration|Model operation / Technological / Cascading error propagation|Knowledge analysis / Technological / Reliance on spurious features|Model Training / Technological / Overfitting|Knowledge analysis / Human / Inappropriate model architecture|Model Training / Human / Domain shift|Model Training / Human / Incomplete validation criteria|Knowledge analysis / Human / Lack of uncertainty estimation
P1,103,17800145,True,0.055822035546834216,,,Knowledge analysis / Technological / Incorrect spatial-geometric interpretation|Model Training / Technological / Confidence miscalibration|Model Training / Technological / Confabulations,Knowledge analysis / Technological / Incorrect spatial-geometric interpretation|Model Training / Technological / Confidence miscalibration|Model Training / Technological / Confabulations|Model operation / Technological / Cascading error propagation|Knowledge analysis / Technological / Reliance on spurious features,Knowledge analysis / Technological / Incorrect spatial-geometric interpretation|Model Training / Technological / Confidence miscalibration|Model Training / Technological / Confabulations|Model operation / Technological / Cascading error propagation|Knowledge analysis / Technological / Reliance on spurious features|Model Training / Technological / Overfitting|Model Training / Human / Domain shift|Model Training / Human / Incomplete validation criteria|Model operation / Human / Loss of situational awareness|Knowledge analysis / Human / Lack of uncertainty estimation
P1,104,17800146,True,0.019408395454210768,,,Knowledge analysis / Technological / Incorrect spatial-geometric interpretation|Model Training / Technological / Confidence miscalibration|Model Training / Technological / Confabulations,Knowledge analysis / Technological / Incorrect spatial-geometric interpretation|Model Training / Technological / Confidence miscalibration|Model Training / Technological / Confabulations|Model operation / Technological / Cascading error propagation|Knowledge analysis / Technological / Reliance on spurious features,Knowledge analysis / Technological / Incorrect spatial-geometric interpretation|Model Training / Technological / Confidence miscalibration|Model Training / Technological / Confabulations|Model operation / Technological / Cascading error propagation|Knowledge analysis / Technological / Reliance on spurious features|Model Training / Technological / Overfitting|Model Training / Human / Domain shift|Model Training / Human / Incomplete validation criteria|Knowledge analysis / Human / Lack of uncertainty estimation|Knowledge analysis / Human / Inappropriate model architecture
P1,105,17800147,True,0.02768417943306092,,,Knowledge analysis / Technological / Incorrect spatial-geometric interpretation|Model Training / Technological / Confidence miscalibration|Model Training / Technological / Confabulations,Knowledge analysis / Technological / Incorrect spatial-geometric interpretation|Model Training / Technological / Confidence miscalibration|Model Training / Technological / Confabulations|Model operation / Technological / Cascading error propagation|Knowledge analysis / Technological / Reliance on spurious features,Knowledge analysis / Technological / Incorrect spatial-geometric interpretation|Model Training / Technological / Confidence miscalibration|Model Training / Technological / Confabulations|Model operation / Technological / Cascading error propagation|Knowledge analysis / Technological / Reliance on spurious features|Model Training / Human / Domain shift|Model Training / Technological / Overfitting|Knowledge analysis / Human / Inappropriate model architecture|Knowledge analysis / Human / Lack of uncertainty estimation|Knowledge selection / Human / Data representativeness
P1,106,17800148,True,0.022461862057089454,,,Knowledge analysis / Technological / Incorrect spatial-geometric interpretation|Model Training / Technological / Confabulations|Model Training / Technological / Confidence miscalibration,Knowledge analysis / Technological / Incorrect spatial-geometric interpretation|Model Training / Technological / Confabulations|Model Training / Technological / Confidence miscalibration|Model operation / Technological / Cascading error propagation|Knowledge analysis / Technological / Reliance on spurious features,Knowledge analysis / Technological / Incorrect spatial-geometric interpretation|Model Training / Technological / Confabulations|Model Training / Technological / Confidence miscalibration|Model operation / Technological / Cascading error propagation|Knowledge analysis / Technological / Reliance on spurious features|Model Training / Technological / Overfitting|Knowledge analysis / Human / Lack of uncertainty estimation|Model Training / Human / Domain shift|Model Training / Human / Incomplete validation criteria|Knowledge analysis / Human / Inappropriate model architecture
P1,107,17800149,True,0.094738604446844,,,Knowledge analysis / Technological / Incorrect spatial-geometric interpretation|Model Training / Technological / Confabulations|Model Training / Technological / Confidence miscalibration,Knowledge analysis / Technological / Incorrect spatial-geometric interpretation|Model Training / Technological / Confabulations|Model Training / Technological / Confidence miscalibration|Model operation / Technological / Cascading error propagation|Knowledge analysis / Technological / Reliance on spurious features,Knowledge analysis / Technological / Incorrect spatial-geometric interpretation|Model Training / Technological / Confabulations|Model Training / Technological / Confidence miscalibration|Model operation / Technological / Cascading error propagation|Knowledge analysis / Technological / Reliance on spurious features|Model Training / Technological / Overfitting|Model Training / Human / Domain shift|Model Training / Human / Incomplete validation criteria|Knowledge selection / Human / Data representativeness|Knowledge analysis / Human / Lack of uncertainty estimation
P1,108,17800150,True,0.058231945379590026,,,Knowledge analysis / Technological / Incorrect spatial-geometric interpretation|Model Training / Technological / Confabulations|Model Training / Technological / Confidence miscalibration,Knowledge analysis / Technological / Incorrect spatial-geometric interpretation|Model Training / Technological / Confabulations|Model Training / Technological / Confidence miscalibration|Model operation / Technological / Cascading error propagation|Knowledge analysis / Technological / Reliance on spurious features,Knowledge analysis / Technological / Incorrect spatial-geometric interpretation|Model Training / Technological / Confabulations|Model Training / Technological / Confidence miscalibration|Model operation / Technological / Cascading error propagation|Knowledge analysis / Technological / Reliance on spurious features|Model Training / Technological / Overfitting|Knowledge analysis / Human / Lack of uncertainty estimation|Knowledge analysis / Human / Inappropriate model architecture|Knowledge selection / Human / Data representativeness|Model Training / Human / Domain shift
P1,109,17800151,True,0.05705810265017267,,,Knowledge analysis / Technological / Incorrect spatial-geometric interpretation|Model Training / Technological / Confidence miscalibration|Model Training / Technological / Confabulations,Knowledge analysis / Technological / Incorrect spatial-geometric interpretation|Model Training / Technological / Confidence miscalibration|Model Training / Technological / Confabulations|Model operation / Technological / Cascading error propagation|Knowledge analysis / Technological / Reliance on spurious features,Knowledge analysis / Technological / Incorrect spatial-geometric interpretation|Model Training / Technological / Confidence miscalibration|Model Training / Technological / Confabulations|Model operation / Technological / Cascading error propagation|Knowledge analysis / Technological / Reliance on spurious features|Model Training / Technological / Overfitting|Model Training / Human / Domain shift|Model Training / Human / Incomplete validation criteria|Knowledge analysis / Human / Inappropriate model architecture|Knowledge analysis / Human / Lack of uncertainty estimation
P1,110,17800152,True,0.02974115346103532,,,Knowledge analysis / Technological / Incorrect spatial-geometric interpretation|Model Training / Technological / Confabulations|Model Training / Technological / Confidence miscalibration,Knowledge analysis / Technological / Incorrect spatial-geometric interpretation|Model Training / Technological / Confabulations|Model Training / Technological / Confidence miscalibration|Model operation / Technological / Cascading error propagation|Knowledge analysis / Technological / Reliance on spurious features,Knowledge analysis / Technological / Incorrect spatial-geometric interpretation|Model Training / Technological / Confabulations|Model Training / Technological / Confidence miscalibration|Model operation / Technological / Cascading error propagation|Knowledge analysis / Technological / Reliance on spurious features|Model Training / Technological / Overfitting|Knowledge analysis / Human / Inappropriate model architecture|Knowledge analysis / Human / Lack of uncertainty estimation|Model Training / Human / Domain shift|Model Training / Human / Incomplete validation criteria
P1,111,17800153,True,0.053329386183039194,,,Knowledge analysis / Technological / Incorrect spatial-geometric interpretation|Model Training / Technological / Confabulations|Model Training / Technological / Confidence miscalibration,Knowledge analysis / Technological / Incorrect spatial-geometric interpretation|Model Training / Technological / Confabulations|Model Training / Technological / Confidence miscalibration|Model operation / Technological / Cascading error propagation|Knowledge analysis / Technological / Reliance on spurious features,Knowledge analysis / Technological / Incorrect spatial-geometric interpretation|Model Training / Technological / Confabulations|Model Training / Technological / Confidence miscalibration|Model operation / Technological / Cascading error propagation|Knowledge analysis / Technological / Reliance on spurious features|Model Training / Technological / Overfitting|Model Training / Human / Domain shift|Model Training / Human / Incomplete validation criteria|Knowledge analysis / Human / Lack of uncertainty estimation|Knowledge analysis / Human / Inappropriate model architecture
P1,112,17800154,True,0.04540009487709289,,,Knowledge analysis / Technological / Incorrect spatial-geometric interpretation|Model Training / Technological / Confabulations|Model Training / Technological / Confidence miscalibration,Knowledge analysis / Technological / Incorrect spatial-geometric interpretation|Model Training / Technological / Confabulations|Model Training / Technological / Confidence miscalibration|Model operation / Technological / Cascading error propagation|Knowledge analysis / Technological / Reliance on spurious features,Knowledge analysis / Technological / Incorrect spatial-geometric interpretation|Model Training / Technological / Confabulations|Model Training / Technological / Confidence miscalibration|Model operation / Technological / Cascading error propagation|Knowledge analysis / Technological / Reliance on spurious features|Model Training / Technological / Overfitting|Model Training / Human / Domain shift|Model Training / Human / Incomplete validation criteria|Knowledge selection / Human / Dataset bias|Knowledge analysis / Human / Inappropriate model architecture
P1,113,17800155,True,0.03539867386812211,,,Knowledge analysis / Technological / Incorrect spatial-geometric interpretation|Model Training / Technological / Confabulations|Model Training / Technological / Confidence miscalibration,Knowledge analysis / Technological / Incorrect spatial-geometric interpretation|Model Training / Technological / Confabulations|Model Training / Technological / Confidence miscalibration|Model operation / Technological / Cascading error propagation|Model Training / Technological / Overfitting,Knowledge analysis / Technological / Incorrect spatial-geometric interpretation|Model Training / Technological / Confabulations|Model Training / Technological / Confidence miscalibration|Model operation / Technological / Cascading error propagation|Model Training / Technological / Overfitting|Knowledge analysis / Technological / Reliance on spurious features|Model Training / Human / Domain shift|Model Training / Human / Incomplete validation criteria|Knowledge analysis / Human / Lack of uncertainty estimation|Model operation / Human / Loss of situational awareness
P1,114,17800156,True,0.017863825113148362,,,Knowledge analysis / Technological / Incorrect spatial-geometric interpretation|Model Training / Technological / Confidence miscalibration|Model Training / Technological / Confabulations,Knowledge analysis / Technological / Incorrect spatial-geometric interpretation|Model Training / Technological / Confidence miscalibration|Model Training / Technological / Confabulations|Model operation / Technological / Cascading error propagation|Knowledge analysis / Technological / Reliance on spurious features,Knowledge analysis / Technological / Incorrect spatial-geometric interpretation|Model Training / Technological / Confidence miscalibration|Model Training / Technological / Confabulations|Model operation / Technological / Cascading error propagation|Knowledge analysis / Technological / Reliance on spurious features|Model Training / Technological / Overfitting|Knowledge analysis / Human / Lack of uncertainty estimation|Model Training / Human / Domain shift|Model Training / Human / Incomplete validation criteria|Knowledge selection / Human / Dataset bias
P1,115,17800157,True,0.059965103653723144,,,Knowledge analysis / Technological / Incorrect spatial-geometric interpretation|Model Training / Technological / Confabulations|Model Training / Technological / Confidence miscalibration,Knowledge analysis / Technological / Incorrect spatial-geometric interpretation|Model Training / Technological / Confabulations|Model Training / Technological / Confidence miscalibration|Model operation / Technological / Cascading error propagation|Knowledge analysis / Technological / Reliance on spurious features,Knowledge analysis / Technological / Incorrect spatial-geometric interpretation|Model Training / Technological / Confabulations|Model Training / Technological / Confidence miscalibration|Model operation / Technological / Cascading error propagation|Knowledge analysis / Technological / Reliance on spurious features|Model Training / Technological / Overfitting|Knowledge selection / Human / Data representativeness|Model operation / Technological / Sensor artifacts|Model Training / Human / Domain shift|Model Training / Human / Incomplete validation criteria
P1,116,17800158,True,0.06007567329071249,,,Knowledge analysis / Technological / Incorrect spatial-geometric interpretation|Model Training / Technological / Confidence miscalibration|Model Training / Technological / Confabulations,Knowledge analysis / Technological / Incorrect spatial-geometric interpretation|Model Training / Technological / Confidence miscalibration|Model Training / Technological / Confabulations|Model operation / Technological / Cascading error propagation|Model Training / Technological / Overfitting,Knowledge analysis / Technological / Incorrect spatial-geometric interpretation|Model Training / Technological / Confidence miscalibration|Model Training / Technological / Confabulations|Model operation / Technological / Cascading error propagation|Model Training / Technological / Overfitting|Knowledge analysis / Technological / Reliance on spurious features|Model Training / Human / Domain shift|Model Training / Human / Incomplete validation criteria|Knowledge analysis / Human / Lack of uncertainty estimation|Knowledge selection / Human / Data representativeness
P1,117,17800159,True,0.04925451585195544,,,Knowledge analysis / Technological / Incorrect spatial-geometric interpretation|Model Training / Technological / Confabulations|Model Training / Technological / Confidence miscalibration,Knowledge analysis / Technological / Incorrect spatial-geometric interpretation|Model Training / Technological / Confabulations|Model Training / Technological / Confidence miscalibration|Model operation / Technological / Cascading error propagation|Knowledge analysis / Technological / Reliance on spurious features,Knowledge analysis / Technological / Incorrect spatial-geometric interpretation|Model Training / Technological / Confabulations|Model Training / Technological / Confidence miscalibration|Model operation / Technological / Cascading error propagation|Knowledge analysis / Technological / Reliance on spurious features|Model Training / Technological / Overfitting|Knowledge analysis / Human / Lack of uncertainty estimation|Model Training / Human / Domain shift|Model Training / Human / Incomplete validation criteria|Knowledge selection / Human / Dataset bias
P1,118,17800160,True,0.06636614968792873,,,Knowledge analysis / Technological / Incorrect spatial-geometric interpretation|Model Training / Technological / Confidence miscalibration|Model Training / Technological / Confabulations,Knowledge analysis / Technological / Incorrect spatial-geometric interpretation|Model Training / Technological / Confidence miscalibration|Model Training / Technological / Confabulations|Model operation / Technological / Cascading error propagation|Knowledge analysis / Technological / Reliance on spurious features,Knowledge analysis / Technological / Incorrect spatial-geometric interpretation|Model Training / Technological / Confidence miscalibration|Model Training / Technological / Confabulations|Model operation / Technological / Cascading error propagation|Knowledge analysis / Technological / Reliance on spurious features|Model Training / Technological / Overfitting|Knowledge selection / Human / Data representativeness|Knowledge analysis / Human / Inappropriate model architecture|Knowledge analysis / Human / Lack of uncertainty estimation|Model Training / Human / Domain shift
P1,119,17800161,False,0.1563989803221016,Model Training / Technological,,Knowledge analysis / Technological / Incorrect spatial-geometric interpretation|Model Training / Technological / Confabulations|Model Training / Technological / Confidence miscalibration,Knowledge analysis / Technological / Incorrect spatial-geometric interpretation|Model Training / Technological / Confabulations|Model Training / Technological / Confidence miscalibration|Model operation / Technological / Cascading error propagation|Model Training / Technological / Overfitting,Knowledge analysis / Technological / Incorrect spatial-geometric interpretation|Model Training / Technological / Confabulations|Model Training / Technological / Confidence miscalibration|Model operation / Technological / Cascading error propagation|Model Training / Technological / Overfitting|Knowledge analysis / Technological / Reliance on spurious features|Model Training / Human / Domain shift|Model Training / Human / Incomplete validation criteria|Knowledge selection / Human / Data representativeness|Knowledge selection / Human / Dataset bias
P1,120,17800162,False,0.14367816091953972,Knowledge analysis / Human,,Knowledge analysis / Technological / Incorrect spatial-geometric interpretation|Model Training / Technological / Confabulations|Model Training / Technological / Confidence miscalibration,Knowledge analysis / Technological / Incorrect spatial-geometric interpretation|Model Training / Technological / Confabulations|Model Training / Technological / Confidence miscalibration|Model operation / Technological / Cascading error propagation|Knowledge analysis / Technological / Reliance on spurious features,Knowledge analysis / Technological / Incorrect spatial-geometric interpretation|Model Training / Technological / Confabulations|Model Training / Technological / Confidence miscalibration|Model operation / Technological / Cascading error propagation|Knowledge analysis / Technological / Reliance on spurious features|Knowledge analysis / Human / Inappropriate model architecture|Knowledge analysis / Human / Lack of uncertainty estimation|Model Training / Human / Domain shift|Model Training / Human / Incomplete validation criteria|Knowledge selection / Human / Data representativeness
P1,121,17800163,True,0.014194294291855295,,,Knowledge analysis / Technological / Incorrect spatial-geometric interpretation|Model Training / Technological / Confidence miscalibration|Model Training / Technological / Confabulations,Knowledge analysis / Technological / Incorrect spatial-geometric interpretation|Model Training / Technological / Confidence miscalibration|Model Training / Technological / Confabulations|Model operation / Technological / Cascading error propagation|Knowledge analysis / Technological / Reliance on spurious features,Knowledge analysis / Technological / Incorrect spatial-geometric interpretation|Model Training / Technological / Confidence miscalibration|Model Training / Technological / Confabulations|Model operation / Technological / Cascading error propagation|Knowledge analysis / Technological / Reliance on spurious features|Model Training / Technological / Overfitting|Knowledge selection / Human / Dataset bias|Model Training / Human / Domain shift|Model Training / Human / Incomplete validation criteria|Knowledge selection / Human / Data representativeness
P1,122,17800164,True,0.03215393630797028,,,Knowledge analysis / Technological / Incorrect spatial-geometric interpretation|Model Training / Technological / Confabulations|Model Training / Technological / Confidence miscalibration,Knowledge analysis / Technological / Incorrect spatial-geometric interpretation|Model Training / Technological / Confabulations|Model Training / Technological / Confidence miscalibration|Model operation / Technological / Cascading error propagation|Model Training / Technological / Overfitting,Knowledge analysis / Technological / Incorrect spatial-geometric interpretation|Model Training / Technological / Confabulations|Model Training / Technological / Confidence miscalibration|Model operation / Technological / Cascading error propagation|Model Training / Technological / Overfitting|Knowledge analysis / Technological / Reliance on spurious features|Model Training / Human / Domain shift|Model Training / Human / Incomplete validation criteria|Knowledge analysis / Human / Inappropriate model architecture|Knowledge selection / Human / Data representativeness
P1,123,17800165,True,0.07101277568821564,,,Knowledge analysis / Technological / Incorrect spatial-geometric interpretation|Model Training / Technological / Confidence miscalibration|Model Training / Technological / Confabulations,Knowledge analysis / Technological / Incorrect spatial-geometric interpretation|Model Training / Technological / Confidence miscalibration|Model Training / Technological / Confabulations|Model operation / Technological / Cascading error propagation|Knowledge analysis / Technological / Reliance on spurious features,Knowledge analysis / Technological / Incorrect spatial-geometric interpretation|Model Training / Technological / Confidence miscalibration|Model Training / Technological / Confabulations|Model operation / Technological / Cascading error propagation|Knowledge analysis / Technological / Reliance on spurious features|Model Training / Technological / Overfitting|Model Training / Human / Domain shift|Model Training / Human / Incomplete validation criteria|Model Training / Technological / Catastrophic forgetting|Knowledge analysis / Human / Lack of uncertainty estimation
P1,124,17800166,True,0.08843730532276654,,,Knowledge analysis / Technological / Incorrect spatial-geometric interpretation|Model Training / Technological / Confabulations|Model Training / Technological / Confidence miscalibration,Knowledge analysis / Technological / Incorrect spatial-geometric interpretation|Model Training / Technological / Confabulations|Model Training / Technological / Confidence miscalibration|Model operation / Technological / Cascading error propagation|Model Training / Technological / Overfitting,Knowledge analysis / Technological / Incorrect spatial-geometric interpretation|Model Training / Technological / Confabulations|Model Training / Technological / Confidence miscalibration|Model operation / Technological / Cascading error propagation|Model Training / Technological / Overfitting|Knowledge analysis / Technological / Reliance on spurious features|Model Training / Human / Domain shift|Model Training / Human / Incomplete validation criteria|Model Training / Technological / Catastrophic forgetting|Knowledge selection / Human / Dataset bias
P1,125,17800167,True,0.03930306335673179,,,Knowledge analysis / Technological / Incorrect spatial-geometric interpretation|Model Training / Technological / Confidence miscalibration|Model operation / Technological / Cascading error propagation,Knowledge analysis / Technological / Incorrect spatial-geometric interpretation|Model Training / Technological / Confidence miscalibration|Model operation / Technological / Cascading error propagation|Model Training / Technological / Confabulations|Knowledge analysis / Technological / Reliance on spurious features,Knowledge analysis / Technological / Incorrect spatial-geometric interpretation|Model Training / Technological / Confidence miscalibration|Model operation / Technological / Cascading error propagation|Model Training / Technological / Confabulations|Knowledge analysis / Technological / Reliance on spurious features|Model Training / Technological / Overfitting|Model operation / Human / Loss of situational awareness|Model operation / Technological / Concept drift|Model Training / Human / Domain shift|Model Training / Human / Incomplete validation criteria
P1,126,17800168,True,0.034365890711128465,,,Knowledge analysis / Technological / Incorrect spatial-geometric interpretation|Model Training / Technological / Confidence miscalibration|Model Training / Technological / Confabulations,Knowledge analysis / Technological / Incorrect spatial-geometric interpretation|Model Training / Technological / Confidence miscalibration|Model Training / Technological / Confabulations|Model operation / Technological / Cascading error propagation|Knowledge analysis / Technological / Reliance on spurious features,Knowledge analysis / Technological / Incorrect spatial-geometric interpretation|Model Training / Technological / Confidence miscalibration|Model Training / Technological / Confabulations|Model operation / Technological / Cascading error propagation|Knowledge analysis / Technological / Reliance on spurious features|Model Training / Human / Incomplete validation criteria|Model Training / Technological / Overfitting|Model Training / Technological / Catastrophic forgetting|Knowledge analysis / Human / Inappropriate model architecture|Knowledge selection / Human / Dataset bias
P1,127,17800169,True,0.030084194356775073,,,Knowledge analysis / Technological / Incorrect spatial-geometric interpretation|Model Training / Technological / Confidence miscalibration|Model Training / Technological / Confabulations,Knowledge analysis / Technological / Incorrect spatial-geometric interpretation|Model Training / Technological / Confidence miscalibration|Model Training / Technological / Confabulations|Model operation / Technological / Cascading error propagation|Knowledge analysis / Technological / Reliance on spurious features,Knowledge analysis / Technological / Incorrect spatial-geometric interpretation|Model Training / Technological / Confidence miscalibration|Model Training / Technological / Confabulations|Model operation / Technological / Cascading error propagation|Knowledge analysis / Technological / Reliance on spurious features|Model Training / Technological / Overfitting|Knowledge analysis / Human / Lack of uncertainty estimation|Knowledge analysis / Human / Inappropriate model architecture|Model Training / Human / Domain shift|Model Training / Human / Incomplete validation criteria
P1,128,17800170,True,0.045909868624106745,,,Knowledge analysis / Technological / Incorrect spatial-geometric interpretation|Model Training / Technological / Confidence miscalibration|Model Training / Technological / Confabulations,Knowledge analysis / Technological / Incorrect spatial-geometric interpretation|Model Training / Technological / Confidence miscalibration|Model Training / Technological / Confabulations|Model operation / Technological / Cascading error propagation|Knowledge analysis / Technological / Reliance on spurious features,Knowledge analysis / Technological / Incorrect spatial-geometric interpretation|Model Training / Technological / Confidence miscalibration|Model Training / Technological / Confabulations|Model operation / Technological / Cascading error propagation|Knowledge analysis / Technological / Reliance on spurious features|Model Training / Technological / Overfitting|Model Training / Human / Domain shift|Knowledge analysis / Human / Inappropriate model architecture|Knowledge analysis / Human / Lack of uncertainty estimation|Knowledge selection / Human / Dataset bias
P1,129,17800171,True,0.04622549644739366,,,Knowledge analysis / Technological / Incorrect spatial-geometric interpretation|Model Training / Technological / Confidence miscalibration|Model Training / Technological / Confabulations,Knowledge analysis / Technological / Incorrect spatial-geometric interpretation|Model Training / Technological / Confidence miscalibration|Model Training / Technological / Confabulations|Model operation / Technological / Cascading error propagation|Knowledge analysis / Technological / Reliance on spurious features,Knowledge analysis / Technological / Incorrect spatial-geometric interpretation|Model Training / Technological / Confidence miscalibration|Model Training / Technological / Confabulations|Model operation / Technological / Cascading error propagation|Knowledge analysis / Technological / Reliance on spurious features|Model Training / Technological / Overfitting|Knowledge analysis / Human / Inappropriate model architecture|Knowledge selection / Human / Dataset bias|Model Training / Human / Domain shift|Model Training / Human / Incomplete validation criteria
P1,130,17800172,True,0.08705739258293686,,,Knowledge analysis / Technological / Incorrect spatial-geometric interpretation|Model Training / Technological / Confabulations|Model Training / Technological / Confidence miscalibration,Knowledge analysis / Technological / Incorrect spatial-geometric interpretation|Model Training / Technological / Confabulations|Model Training / Technological / Confidence miscalibration|Model operation / Technological / Cascading error propagation|Model Training / Technological / Overfitting,Knowledge analysis / Technological / Incorrect spatial-geometric interpretation|Model Training / Technological / Confabulations|Model Training / Technological / Confidence miscalibration|Model operation / Technological / Cascading error propagation|Model Training / Technological / Overfitting|Knowledge analysis / Technological / Reliance on spurious features|Model Training / Human / Domain shift|Model Training / Human / Incomplete validation criteria|Knowledge analysis / Human / Lack of uncertainty estimation|Knowledge selection / Human / Data representativeness
P1,131,17800173,True,0.018145663753712928,,,Knowledge analysis / Technological / Incorrect spatial-geometric interpretation|Model Training / Technological / Confidence miscalibration|Model Training / Technological / Confabulations,Knowledge analysis / Technological / Incorrect spatial-geometric interpretation|Model Training / Technological / Confidence miscalibration|Model Training / Technological / Confabulations|Model operation / Technological / Cascading error propagation|Knowledge analysis / Technological / Reliance on spurious features,Knowledge analysis / Technological / Incorrect spatial-geometric interpretation|Model Training / Technological / Confidence miscalibration|Model Training / Technological / Confabulations|Model operation / Technological / Cascading error propagation|Knowledge analysis / Technological / Reliance on spurious features|Model Training / Technological / Overfitting|Knowledge analysis / Human / Lack of uncertainty estimation|Knowledge analysis / Human / Inappropriate model architecture|Model Training / Human / Domain shift|Model Training / Human / Incomplete validation criteria
P1,132,17800174,True,0.0678905698469701,,,Knowledge analysis / Technological / Incorrect spatial-geometric interpretation|Model Training / Technological / Confabulations|Model Training / Technological / Confidence miscalibration,Knowledge analysis / Technological / Incorrect spatial-geometric interpretation|Model Training / Technological / Confabulations|Model Training / Technological / Confidence miscalibration|Model operation / Technological / Cascading error propagation|Knowledge analysis / Technological / Reliance on spurious features,Knowledge analysis / Technological / Incorrect spatial-geometric interpretation|Model Training / Technological / Confabulations|Model Training / Technological / Confidence miscalibration|Model operation / Technological / Cascading error propagation|Knowledge analysis / Technological / Reliance on spurious features|Model Training / Technological / Overfitting|Knowledge analysis / Human / Inappropriate model architecture|Knowledge analysis / Human / Lack of uncertainty estimation|Model Training / Human / Domain shift|Model Training / Human / Incomplete validation criteria
P1,133,17800175,True,0.028086952048834095,,,Knowledge analysis / Technological / Incorrect spatial-geometric interpretation|Model Training / Technological / Confabulations|Model Training / Technological / Confidence miscalibration,Knowledge analysis / Technological / Incorrect spatial-geometric interpretation|Model Training / Technological / Confabulations|Model Training / Technological / Confidence miscalibration|Model operation / Technological / Cascading error propagation|Model Training / Technological / Overfitting,Knowledge analysis / Technological / Incorrect spatial-geometric interpretation|Model Training / Technological / Confabulations|Model Training / Technological / Confidence miscalibration|Model operation / Technological / Cascading error propagation|Model Training / Technological / Overfitting|Knowledge analysis / Technological / Reliance on spurious features|Model Training / Human / Domain shift|Model Training / Human / Incomplete validation criteria|Knowledge analysis / Human / Lack of uncertainty estimation|Knowledge analysis / Human / Inappropriate model architecture
P1,134,17800176,True,0.04622549644739366,,,Knowledge analysis / Technological / Incorrect spatial-geometric interpretation|Model Training / Technological / Confabulations|Model Training / Technological / Confidence miscalibration,Knowledge analysis / Technological / Incorrect spatial-geometric interpretation|Model Training / Technological / Confabulations|Model Training / Technological / Confidence miscalibration|Model operation / Technological / Cascading error propagation|Knowledge analysis / Technological / Reliance on spurious features,Knowledge analysis / Technological / Incorrect spatial-geometric interpretation|Model Training / Technological / Confabulations|Model Training / Technological / Confidence miscalibration|Model operation / Technological / Cascading error propagation|Knowledge analysis / Technological / Reliance on spurious features|Model Training / Technological / Overfitting|Knowledge selection / Human / Dataset bias|Knowledge selection / Human / Data representativeness|Model Training / Human / Domain shift|Model Training / Human / Incomplete validation criteria
P1,135,17800177,True,0.046256210909557956,,,Knowledge analysis / Technological / Incorrect spatial-geometric interpretation|Model Training / Technological / Confidence miscalibration|Model Training / Technological / Confabulations,Knowledge analysis / Technological / Incorrect spatial-geometric interpretation|Model Training / Technological / Confidence miscalibration|Model Training / Technological / Confabulations|Model operation / Technological / Cascading error propagation|Knowledge analysis / Technological / Reliance on spurious features,Knowledge analysis / Technological / Incorrect spatial-geometric interpretation|Model Training / Technological / Confidence miscalibration|Model Training / Technological / Confabulations|Model operation / Technological / Cascading error propagation|Knowledge analysis / Technological / Reliance on spurious features|Model Training / Technological / Overfitting|Knowledge analysis / Human / Inappropriate model architecture|Knowledge analysis / Human / Lack of uncertainty estimation|Model Training / Human / Domain shift|Model Training / Human / Incomplete validation criteria
P1,136,17800178,True,0.017055897304657383,,,Knowledge analysis / Technological / Incorrect spatial-geometric interpretation|Model Training / Technological / Confidence miscalibration|Model Training / Technological / Confabulations,Knowledge analysis / Technological / Incorrect spatial-geometric interpretation|Model Training / Technological / Confidence miscalibration|Model Training / Technological / Confabulations|Model operation / Technological / Cascading error propagation|Knowledge analysis / Technological / Reliance on spurious features,Knowledge analysis / Technological / Incorrect spatial-geometric interpretation|Model Training / Technological / Confidence miscalibration|Model Training / Technological / Confabulations|Model operation / Technological / Cascading error propagation|Knowledge analysis / Technological / Reliance on spurious features|Model Training / Technological / Overfitting|Model operation / Human / Loss of situational awareness|Model Training / Human / Domain shift|Model Training / Human / Incomplete validation criteria|Model Training / Technological / Catastrophic forgetting
P1,137,17800179,True,0.03989674430970359,,,Knowledge analysis / Technological / Incorrect spatial-geometric interpretation|Model Training / Technological / Confabulations|Model Training / Technological / Confidence miscalibration,Knowledge analysis / Technological / Incorrect spatial-geometric interpretation|Model Training / Technological / Confabulations|Model Training / Technological / Confidence miscalibration|Model operation / Technological / Cascading error propagation|Knowledge analysis / Technological / Reliance on spurious features,Knowledge analysis / Technological / Incorrect spatial-geometric interpretation|Model Training / Technological / Confabulations|Model Training / Technological / Confidence miscalibration|Model operation / Technological / Cascading error propagation|Knowledge analysis / Technological / Reliance on spurious features|Model Training / Technological / Overfitting|Knowledge analysis / Human / Lack of uncertainty estimation|Model Training / Human / Domain shift|Model Training / Human / Incomplete validation criteria|Knowledge analysis / Human / Inappropriate model architecture
P1,138,17800180,True,0.015771299387612077,,,Knowledge analysis / Technological / Incorrect spatial-geometric interpretation|Model Training / Technological / Confabulations|Model Training / Technological / Confidence miscalibration,Knowledge analysis / Technological / Incorrect spatial-geometric interpretation|Model Training / Technological / Confabulations|Model Training / Technological / Confidence miscalibration|Model operation / Technological / Cascading error propagation|Knowledge analysis / Technological / Reliance on spurious features,Knowledge analysis / Technological / Incorrect spatial-geometric interpretation|Model Training / Technological / Confabulations|Model Training / Technological / Confidence miscalibration|Model operation / Technological / Cascading error propagation|Knowledge analysis / Technological / Reliance on spurious features|Model Training / Technological / Overfitting|Knowledge analysis / Human / Lack of uncertainty estimation|Knowledge analysis / Human / Inappropriate model architecture|Model Training / Human / Domain shift|Model Training / Human / Incomplete validation criteria
P1,139,17800181,True,0.03820042252463084,,,Knowledge analysis / Technological / Incorrect spatial-geometric interpretation|Model Training / Technological / Confidence miscalibration|Model Training / Technological / Confabulations,Knowledge analysis / Technological / Incorrect spatial-geometric interpretation|Model Training / Technological / Confidence miscalibration|Model Training / Technological / Confabulations|Model operation / Technological / Cascading error propagation|Model Training / Technological / Overfitting,Knowledge analysis / Technological / Incorrect spatial-geometric interpretation|Model Training / Technological / Confidence miscalibration|Model Training / Technological / Confabulations|Model operation / Technological / Cascading error propagation|Model Training / Technological / Overfitting|Knowledge analysis / Technological / Reliance on spurious features|Model Training / Human / Incomplete validation criteria|Knowledge selection / Human / Data representativeness|Model Training / Technological / Catastrophic forgetting|Knowledge analysis / Human / Lack of uncertainty estimation
P1,140,17800182,True,0.09297183953015185,,,Knowledge analysis / Technological / Incorrect spatial-geometric interpretation|Model Training / Technological / Confidence miscalibration|Model Training / Technological / Confabulations,Knowledge analysis / Technological / Incorrect spatial-geometric interpretation|Model Training / Technological / Confidence miscalibration|Model Training / Technological / Confabulations|Model operation / Technological / Cascading error propagation|Knowledge analysis / Technological / Reliance on spurious features,Knowledge analysis / Technological / Incorrect spatial-geometric interpretation|Model Training / Technological / Confidence miscalibration|Model Training / Technological / Confabulations|Model operation / Technological / Cascading error propagation|Knowledge analysis / Technological / Reliance on spurious features|Model Training / Technological / Overfitting|Model Training / Human / Domain shift|Model Training / Human / Incomplete validation criteria|Knowledge analysis / Human / Inappropriate model architecture|Knowledge selection / Human / Dataset bias
P1,141,17800183,True,0.05101219316155357,,,Knowledge analysis / Technological / Incorrect spatial-geometric interpretation|Model Training / Technological / Confidence miscalibration|Model Training / Technological / Confabulations,Knowledge analysis / Technological / Incorrect spatial-geometric interpretation|Model Training / Technological / Confidence miscalibration|Model Training / Technological / Confabulations|Model operation / Technological / Cascading error propagation|Knowledge analysis / Technological / Reliance on spurious features,Knowledge analysis / Technological / Incorrect spatial-geometric interpretation|Model Training / Technological / Confidence miscalibration|Model Training / Technological / Confabulations|Model operation / Technological / Cascading error propagation|Knowledge analysis / Technological / Reliance on spurious features|Model Training / Technological / Overfitting|Knowledge selection / Human / Data representativeness|Model Training / Human / Domain shift|Model Training / Human / Incomplete validation criteria|Knowledge selection / Human / Dataset bias
P1,142,17800184,True,0.07766796681354596,,,Knowledge analysis / Technological / Incorrect spatial-geometric interpretation|Model Training / Technological / Confidence miscalibration|Model Training / Technological / Confabulations,Knowledge analysis / Technological / Incorrect spatial-geometric interpretation|Model Training / Technological / Confidence miscalibration|Model Training / Technological / Confabulations|Model operation / Technological / Cascading error propagation|Knowledge analysis / Technological / Reliance on spurious features,Knowledge analysis / Technological / Incorrect spatial-geometric interpretation|Model Training / Technological / Confidence miscalibration|Model Training / Technological / Confabulations|Model operation / Technological / Cascading error propagation|Knowledge analysis / Technological / Reliance on spurious features|Model Training / Technological / Overfitting|Knowledge analysis / Human / Inappropriate model architecture|Model Training / Human / Incomplete validation criteria|Knowledge analysis / Human / Lack of uncertainty estimation|Knowledge selection / Human / Data representativeness
P1,143,17800185,True,0.0655163188226461,,,Knowledge analysis / Technological / Incorrect spatial-geometric interpretation|Model Training / Technological / Confabulations|Model Training / Technological / Confidence miscalibration,Knowledge analysis / Technological / Incorrect spatial-geometric interpretation|Model Training / Technological / Confabulations|Model Training / Technological / Confidence miscalibration|Model operation / Technological / Cascading error propagation|Knowledge analysis / Technological / Reliance on spurious features,Knowledge analysis / Technological / Incorrect spatial-geometric interpretation|Model Training / Technological / Confabulations|Model Training / Technological / Confidence miscalibration|Model operation / Technological / Cascading error propagation|Knowledge analysis / Technological / Reliance on spurious features|Model Training / Technological / Overfitting|Model Training / Human / Domain shift|Model Training / Human / Incomplete validation criteria|Model Training / Technological / Catastrophic forgetting|Knowledge selection / Human / Data representativeness
P1,144,17800186,True,0.0462254964473906,,,Knowledge analysis / Technological / Incorrect spatial-geometric interpretation|Model Training / Technological / Confidence miscalibration|Model Training / Technological / Confabulations,Knowledge analysis / Technological / Incorrect spatial-geometric interpretation|Model Training / Technological / Confidence miscalibration|Model Training / Technological / Confabulations|Model operation / Technological / Cascading error propagation|Knowledge analysis / Technological / Reliance on spurious features,Knowledge analysis / Technological / Incorrect spatial-geometric interpretation|Model Training / Technological / Confidence miscalibration|Model Training / Technological / Confabulations|Model operation / Technological / Cascading error propagation|Knowledge analysis / Technological / Reliance on spurious features|Model Training / Technological / Overfitting|Knowledge analysis / Human / Lack of uncertainty estimation|Model Training / Human / Domain shift|Model Training / Human / Incomplete validation criteria|Knowledge analysis / Human / Inappropriate model architecture
P1,145,17800187,True,0.029338143951490054,,,Knowledge analysis / Technological / Incorrect spatial-geometric interpretation|Model Training / Technological / Confidence miscalibration|Model Training / Technological / Confabulations,Knowledge analysis / Technological / Incorrect spatial-geometric interpretation|Model Training / Technological / Confidence miscalibration|Model Training / Technological / Confabulations|Model operation / Technological / Cascading error propagation|Knowledge analysis / Technological / Reliance on spurious features,Knowledge analysis / Technological / Incorrect spatial-geometric interpretation|Model Training / Technological / Confidence miscalibration|Model Training / Technological / Confabulations|Model operation / Technological / Cascading error propagation|Knowledge analysis / Technological / Reliance on spurious features|Model Training / Technological / Overfitting|Model Training / Human / Domain shift|Knowledge selection / Human / Data representativeness|Knowledge analysis / Human / Inappropriate model architecture|Knowledge analysis / Human / Lack of uncertainty estimation
P1,146,17800188,True,0.062013954513412364,,,Knowledge analysis / Technological / Incorrect spatial-geometric interpretation|Model Training / Technological / Confidence miscalibration|Model Training / Technological / Confabulations,Knowledge analysis / Technological / Incorrect spatial-geometric interpretation|Model Training / Technological / Confidence miscalibration|Model Training / Technological / Confabulations|Model operation / Technological / Cascading error propagation|Knowledge analysis / Technological / Reliance on spurious features,Knowledge analysis / Technological / Incorrect spatial-geometric interpretation|Model Training / Technological / Confidence miscalibration|Model Training / Technological / Confabulations|Model operation / Technological / Cascading error propagation|Knowledge analysis / Technological / Reliance on spurious features|Model Training / Technological / Overfitting|Knowledge analysis / Human / Lack of uncertainty estimation|Knowledge analysis / Human / Inappropriate model architecture|Model Training / Human / Domain shift|Model Training / Human / Incomplete validation criteria
P1,147,17800189,True,0.04625621090955894,,,Knowledge analysis / Technological / Incorrect spatial-geometric interpretation|Model Training / Technological / Confidence miscalibration|Model Training / Technological / Confabulations,Knowledge analysis / Technological / Incorrect spatial-geometric interpretation|Model Training / Technological / Confidence miscalibration|Model Training / Technological / Confabulations|Model operation / Technological / Cascading error propagation|Knowledge analysis / Technological / Reliance on spurious features,Knowledge analysis / Technological / Incorrect spatial-geometric interpretation|Model Training / Technological / Confidence miscalibration|Model Training / Technological / Confabulations|Model operation / Technological / Cascading error propagation|Knowledge analysis / Technological / Reliance on spurious features|Model Training / Technological / Overfitting|Model Training / Human / Domain shift|Model Training / Human / Incomplete validation criteria|Knowledge analysis / Human / Inappropriate model architecture|Knowledge selection / Human / Dataset bias
P1,148,17800190,True,0.0364294711046434,,,Knowledge analysis / Technological / Incorrect spatial-geometric interpretation|Model Training / Technological / Confabulations|Model Training / Technological / Confidence miscalibration,Knowledge analysis / Technological / Incorrect spatial-geometric interpretation|Model Training / Technological / Confabulations|Model Training / Technological / Confidence miscalibration|Model operation / Technological / Cascading error propagation|Model Training / Technological / Overfitting,Knowledge analysis / Technological / Incorrect spatial-geometric interpretation|Model Training / Technological / Confabulations|Model Training / Technological / Confidence miscalibration|Model operation / Technological / Cascading error propagation|Model Training / Technological / Overfitting|Knowledge analysis / Technological / Reliance on spurious features|Knowledge analysis / Human / Lack of uncertainty estimation|Knowledge analysis / Human / Inappropriate model architecture|Model Training / Human / Domain shift|Model Training / Human / Incomplete validation criteria
P1,149,17800191,True,0.04168689881571901,,,Knowledge analysis / Technological / Incorrect spatial-geometric interpretation|Model Training / Technological / Confabulations|Model Training / Technological / Confidence miscalibration,Knowledge analysis / Technological / Incorrect spatial-geometric interpretation|Model Training / Technological / Confabulations|Model Training / Technological / Confidence miscalibration|Model operation / Technological / Cascading error propagation|Model Training / Technological / Overfitting,Knowledge analysis / Technological / Incorrect spatial-geometric interpretation|Model Training / Technological / Confabulations|Model Training / Technological / Confidence miscalibration|Model operation / Technological / Cascading error propagation|Model Training / Technological / Overfitting|Model Training / Human / Domain shift|Model Training / Human / Incomplete validation criteria|Knowledge analysis / Technological / Reliance on spurious features|Model Training / Technological / Catastrophic forgetting|Knowledge selection / Human / Data representativeness
P1,150,17800192,True,0.06595446420931174,,,Knowledge analysis / Technological / Incorrect spatial-geometric interpretation|Model Training / Technological / Confidence miscalibration|Model Training / Technological / Confabulations,Knowledge analysis / Technological / Incorrect spatial-geometric interpretation|Model Training / Technological / Confidence miscalibration|Model Training / Technological / Confabulations|Model operation / Technological / Cascading error propagation|Knowledge analysis / Technological / Reliance on spurious features,Knowledge analysis / Technological / Incorrect spatial-geometric interpretation|Model Training / Technological / Confidence miscalibration|Model Training / Technological / Confabulations|Model operation / Technological / Cascading error propagation|Knowledge analysis / Technological / Reliance on spurious features|Model Training / Technological / Overfitting|Model Training / Human / Domain shift|Model Training / Human / Incomplete validation criteria|Knowledge analysis / Human / Lack of uncertainty estimation|Knowledge analysis / Human / Inappropriate model architecture
P1,151,17800193,True,0.03807944114175728,,,Knowledge analysis / Technological / Incorrect spatial-geometric interpretation|Model Training / Technological / Confabulations|Model Training / Technological / Confidence miscalibration,Knowledge analysis / Technological / Incorrect spatial-geometric interpretation|Model Training / Technological / Confabulations|Model Training / Technological / Confidence miscalibration|Model operation / Technological / Cascading error propagation|Knowledge analysis / Technological / Reliance on spurious features,Knowledge analysis / Technological / Incorrect spatial-geometric interpretation|Model Training / Technological / Confabulations|Model Training / Technological / Confidence miscalibration|Model operation / Technological / Cascading error propagation|Knowledge analysis / Technological / Reliance on spurious features|Model Training / Technological / Overfitting|Knowledge analysis / Human / Lack of uncertainty estimation|Knowledge selection / Human / Data representativeness|Knowledge analysis / Human / Inappropriate model architecture|Knowledge selection / Human / Dataset bias
P1,152,17800194,True,0.05163613304553427,,,Knowledge analysis / Technological / Incorrect spatial-geometric interpretation|Model Training / Technological / Confabulations|Model Training / Technological / Confidence miscalibration,Knowledge analysis / Technological / Incorrect spatial-geometric interpretation|Model Training / Technological / Confabulations|Model Training / Technological / Confidence miscalibration|Model operation / Technological / Cascading error propagation|Knowledge analysis / Technological / Reliance on spurious features,Knowledge analysis / Technological / Incorrect spatial-geometric interpretation|Model Training / Technological / Confabulations|Model Training / Technological / Confidence miscalibration|Model operation / Technological / Cascading error propagation|Knowledge analysis / Technological / Reliance on spurious features|Model Training / Technological / Overfitting|Model Training / Human / Domain shift|Model Training / Human / Incomplete validation criteria|Knowledge analysis / Human / Lack of uncertainty estimation|Knowledge analysis / Human / Inappropriate model architecture
P1,153,17800195,True,0.03407425164882785,,,Knowledge analysis / Technological / Incorrect spatial-geometric interpretation|Model Training / Technological / Confabulations|Model Training / Technological / Confidence miscalibration,Knowledge analysis / Technological / Incorrect spatial-geometric interpretation|Model Training / Technological / Confabulations|Model Training / Technological / Confidence miscalibration|Model operation / Technological / Cascading error propagation|Knowledge analysis / Technological / Reliance on spurious features,Knowledge analysis / Technological / Incorrect spatial-geometric interpretation|Model Training / Technological / Confabulations|Model Training / Technological / Confidence miscalibration|Model operation / Technological / Cascading error propagation|Knowledge analysis / Technological / Reliance on spurious features|Model Training / Technological / Overfitting|Model Training / Human / Domain shift|Model Training / Human / Incomplete validation criteria|Knowledge analysis / Human / Lack of uncertainty estimation|Knowledge analysis / Human / Inappropriate model architecture
P1,154,17800196,True,0.036077582788077996,,,Knowledge analysis / Technological / Incorrect spatial-geometric interpretation|Model Training / Technological / Confabulations|Model Training / Technological / Confidence miscalibration,Knowledge analysis / Technological / Incorrect spatial-geometric interpretation|Model Training / Technological / Confabulations|Model Training / Technological / Confidence miscalibration|Model operation / Technological / Cascading error propagation|Model Training / Technological / Overfitting,Knowledge analysis / Technological / Incorrect spatial-geometric interpretation|Model Training / Technological / Confabulations|Model Training / Technological / Confidence miscalibration|Model operation / Technological / Cascading error propagation|Model Training / Technological / Overfitting|Knowledge analysis / Technological / Reliance on spurious features|Model Training / Human / Domain shift|Model Training / Human / Incomplete validation criteria|Knowledge analysis / Human / Inappropriate model architecture|Knowledge analysis / Human / Lack of uncertainty estimation
P1,155,17800197,True,0.08559742452802234,,,Knowledge analysis / Technological / Incorrect spatial-geometric interpretation|Model Training / Technological / Confabulations|Model Training / Technological / Confidence miscalibration,Knowledge analysis / Technological / Incorrect spatial-geometric interpretation|Model Training / Technological / Confabulations|Model Training / Technological / Confidence miscalibration|Model operation / Technological / Cascading error propagation|Model Training / Technological / Overfitting,Knowledge analysis / Technological / Incorrect spatial-geometric interpretation|Model Training / Technological / Confabulations|Model Training / Technological / Confidence miscalibration|Model operation / Technological / Cascading error propagation|Model Training / Technological / Overfitting|Knowledge analysis / Technological / Reliance on spurious features|Model Training / Human / Domain shift|Model Training / Human / Incomplete validation criteria|Model Training / Technological / Catastrophic forgetting|Model operation / Human / Loss of situational awareness
P1,156,17800198,True,0.09505082893199142,,,Knowledge analysis / Technological / Incorrect spatial-geometric interpretation|Model Training / Technological / Confabulations|Model operation / Technological / Cascading error propagation,Knowledge analysis / Technological / Incorrect spatial-geometric interpretation|Model Training / Technological / Confabulations|Model operation / Technological / Cascading error propagation|Model Training / Technological / Confidence miscalibration|Knowledge analysis / Technological / Reliance on spurious features,Knowledge analysis / Technological / Incorrect spatial-geometric interpretation|Model Training / Technological / Confabulations|Model operation / Technological / Cascading error propagation|Model Training / Technological / Confidence miscalibration|Knowledge analysis / Technological / Reliance on spurious features|Model Training / Human / Incomplete validation criteria|Model Training / Technological / Overfitting|Knowledge analysis / Human / Inappropriate model architecture|Knowledge analysis / Human / Lack of uncertainty estimation|Knowledge selection / Human / Data representativeness
P1,157,17800199,True,0.01914777294672409,,,Knowledge analysis / Technological / Incorrect spatial-geometric interpretation|Model Training / Technological / Confabulations|Model Training / Technological / Confidence miscalibration,Knowledge analysis / Technological / Incorrect spatial-geometric interpretation|Model Training / Technological / Confabulations|Model Training / Technological / Confidence miscalibration|Model operation / Technological / Cascading error propagation|Model Training / Technological / Overfitting,Knowledge analysis / Technological / Incorrect spatial-geometric interpretation|Model Training / Technological / Confabulations|Model Training / Technological / Confidence miscalibration|Model operation / Technological / Cascading error propagation|Model Training / Technological / Overfitting|Knowledge analysis / Technological / Reliance on spurious features|Knowledge analysis / Human / Inappropriate model architecture|Model Training / Human / Domain shift|Model Training / Human / Incomplete validation criteria|Knowledge analysis / Human / Lack of uncertainty estimation
P1,158,17800200,True,0.02306722890356153,,,Knowledge analysis / Technological / Incorrect spatial-geometric interpretation|Model Training / Technological / Confabulations|Model Training / Technological / Confidence miscalibration,Knowledge analysis / Technological / Incorrect spatial-geometric interpretation|Model Training / Technological / Confabulations|Model Training / Technological / Confidence miscalibration|Model operation / Technological / Cascading error propagation|Model Training / Technological / Overfitting,Knowledge analysis / Technological / Incorrect spatial-geometric interpretation|Model Training / Technological / Confabulations|Model Training / Technological / Confidence miscalibration|Model operation / Technological / Cascading error propagation|Model Training / Technological / Overfitting|Knowledge analysis / Technological / Reliance on spurious features|Model Training / Human / Domain shift|Model Training / Human / Incomplete validation criteria|Model Training / Technological / Catastrophic forgetting|Knowledge selection / Human / Data representativeness
P1,159,17800201,True,0.053423554849595586,,,Knowledge analysis / Technological / Incorrect spatial-geometric interpretation|Model Training / Technological / Confabulations|Model Training / Technological / Confidence miscalibration,Knowledge analysis / Technological / Incorrect spatial-geometric interpretation|Model Training / Technological / Confabulations|Model Training / Technological / Confidence miscalibration|Model operation / Technological / Cascading error propagation|Knowledge analysis / Technological / Reliance on spurious features,Knowledge analysis / Technological / Incorrect spatial-geometric interpretation|Model Training / Technological / Confabulations|Model Training / Technological / Confidence miscalibration|Model operation / Technological / Cascading error propagation|Knowledge analysis / Technological / Reliance on spurious features|Model Training / Technological / Overfitting|Model Training / Human / Domain shift|Model Training / Human / Incomplete validation criteria|Knowledge analysis / Human / Lack of uncertainty estimation|Knowledge analysis / Human / Inappropriate model architecture
P1,160,17800202,True,0.0727363928449379,,,Knowledge analysis / Technological / Incorrect spatial-geometric interpretation|Model Training / Technological / Confabulations|Model Training / Technological / Confidence miscalibration,Knowledge analysis / Technological / Incorrect spatial-geometric interpretation|Model Training / Technological / Confabulations|Model Training / Technological / Confidence miscalibration|Model operation / Technological / Cascading error propagation|Knowledge analysis / Technological / Reliance on spurious features,Knowledge analysis / Technological / Incorrect spatial-geometric interpretation|Model Training / Technological / Confabulations|Model Training / Technological / Confidence miscalibration|Model operation / Technological / Cascading error propagation|Knowledge analysis / Technological / Reliance on spurious features|Model Training / Technological / Overfitting|Model Training / Human / Domain shift|Model Training / Human / Incomplete validation criteria|Knowledge analysis / Human / Lack of uncertainty estimation|Knowledge analysis / Human / Inappropriate model architecture
P1,161,17800203,True,0.05626658621719359,,,Knowledge analysis / Technological / Incorrect spatial-geometric interpretation|Model Training / Technological / Confabulations|Model Training / Technological / Confidence miscalibration,Knowledge analysis / Technological / Incorrect spatial-geometric interpretation|Model Training / Technological / Confabulations|Model Training / Technological / Confidence miscalibration|Model operation / Technological / Cascading error propagation|Knowledge analysis / Technological / Reliance on spurious features,Knowledge analysis / Technological / Incorrect spatial-geometric interpretation|Model Training / Technological / Confabulations|Model Training / Technological / Confidence miscalibration|Model operation / Technological / Cascading error propagation|Knowledge analysis / Technological / Reliance on spurious features|Model Training / Technological / Overfitting|Knowledge analysis / Human / Inappropriate model architecture|Knowledge analysis / Human / Lack of uncertainty estimation|Model Training / Human / Domain shift|Model Training / Human / Incomplete validation criteria
P1,162,17800204,False,0.1147094430148763,Model Training / Technological,,Knowledge analysis / Technological / Incorrect spatial-geometric interpretation|Model Training / Technological / Confidence miscalibration|Model Training / Technological / Confabulations,Knowledge analysis / Technological / Incorrect spatial-geometric interpretation|Model Training / Technological / Confidence miscalibration|Model Training / Technological / Confabulations|Model operation / Technological / Cascading error propagation|Knowledge analysis / Technological / Reliance on spurious features,Knowledge analysis / Technological / Incorrect spatial-geometric interpretation|Model Training / Technological / Confidence miscalibration|Model Training / Technological / Confabulations|Model operation / Technological / Cascading error propagation|Knowledge analysis / Technological / Reliance on spurious features|Model Training / Technological / Overfitting|Model Training / Human / Domain shift|Model Training / Human / Incomplete validation criteria|Knowledge analysis / Human / Inappropriate model architecture|Knowledge analysis / Human / Lack of uncertainty estimation
P1,163,17800205,True,0.05332018978274605,,,Knowledge analysis / Technological / Incorrect spatial-geometric interpretation|Model Training / Technological / Confidence miscalibration|Model Training / Technological / Confabulations,Knowledge analysis / Technological / Incorrect spatial-geometric interpretation|Model Training / Technological / Confidence miscalibration|Model Training / Technological / Confabulations|Model operation / Technological / Cascading error propagation|Knowledge analysis / Technological / Reliance on spurious features,Knowledge analysis / Technological / Incorrect spatial-geometric interpretation|Model Training / Technological / Confidence miscalibration|Model Training / Technological / Confabulations|Model operation / Technological / Cascading error propagation|Knowledge analysis / Technological / Reliance on spurious features|Model Training / Technological / Overfitting|Model Training / Human / Domain shift|Model Training / Human / Incomplete validation criteria|Knowledge analysis / Human / Inappropriate model architecture|Knowledge analysis / Human / Lack of uncertainty estimation
P1,164,17800206,True,0.04622549644739098,,,Knowledge analysis / Technological / Incorrect spatial-geometric interpretation|Model Training / Technological / Confidence miscalibration|Model Training / Technological / Confabulations,Knowledge analysis / Technological / Incorrect spatial-geometric interpretation|Model Training / Technological / Confidence miscalibration|Model Training / Technological / Confabulations|Model operation / Technological / Cascading error propagation|Knowledge analysis / Technological / Reliance on spurious features,Knowledge analysis / Technological / Incorrect spatial-geometric interpretation|Model Training / Technological / Confidence miscalibration|Model Training / Technological / Confabulations|Model operation / Technological / Cascading error propagation|Knowledge analysis / Technological / Reliance on spurious features|Model Training / Technological / Overfitting|Model Training / Human / Domain shift|Model Training / Human / Incomplete validation criteria|Knowledge analysis / Human / Lack of uncertainty estimation|Knowledge analysis / Human / Inappropriate model architecture
P1,165,17800207,True,0.019267925828717242,,,Knowledge analysis / Technological / Incorrect spatial-geometric interpretation|Model Training / Technological / Confidence miscalibration|Model Training / Technological / Confabulations,Knowledge analysis / Technological / Incorrect spatial-geometric interpretation|Model Training / Technological / Confidence miscalibration|Model Training / Technological / Confabulations|Model operation / Technological / Cascading error propagation|Knowledge analysis / Technological / Reliance on spurious features,Knowledge analysis / Technological / Incorrect spatial-geometric interpretation|Model Training / Technological / Confidence miscalibration|Model Training / Technological / Confabulations|Model operation / Technological / Cascading error propagation|Knowledge analysis / Technological / Reliance on spurious features|Model Training / Technological / Overfitting|Knowledge analysis / Human / Inappropriate model architecture|Knowledge analysis / Human / Lack of uncertainty estimation|Knowledge selection / Human / Dataset bias|Knowledge selection / Human / Data representativeness
P1,166,17800208,True,0.051861081252271624,,,Knowledge analysis / Technological / Incorrect spatial-geometric interpretation|Model Training / Technological / Confidence miscalibration|Model Training / Technological / Confabulations,Knowledge analysis / Technological / Incorrect spatial-geometric interpretation|Model Training / Technological / Confidence miscalibration|Model Training / Technological / Confabulations|Model operation / Technological / Cascading error propagation|Knowledge analysis / Technological / Reliance on spurious features,Knowledge analysis / Technological / Incorrect spatial-geometric interpretation|Model Training / Technological / Confidence miscalibration|Model Training / Technological / Confabulations|Model operation / Technological / Cascading error propagation|Knowledge analysis / Technological / Reliance on spurious features|Model Training / Technological / Overfitting|Model Training / Human / Domain shift|Model Training / Human / Incomplete validation criteria|Model Training / Technological / Catastrophic forgetting|Knowledge analysis / Human / Inappropriate model architecture
P1,167,17800209,True,0.056266586217195894,,,Knowledge analysis / Technological / Incorrect spatial-geometric interpretation|Model Training / Technological / Confabulations|Model Training / Technological / Confidence miscalibration,Knowledge analysis / Technological / Incorrect spatial-geometric interpretation|Model Training / Technological / Confabulations|Model Training / Technological / Confidence miscalibration|Model operation / Technological / Cascading error propagation|Model Training / Human / Domain shift,Knowledge analysis / Technological / Incorrect spatial-geometric interpretation|Model Training / Technological / Confabulations|Model Training / Technological / Confidence miscalibration|Model operation / Technological / Cascading error propagation|Model Training / Human / Domain shift|Model Training / Human / Incomplete validation criteria|Model Training / Technological / Overfitting|Knowledge analysis / Technological / Reliance on spurious features|Knowledge analysis / Human / Lack of uncertainty estimation|Knowledge analysis / Human / Inappropriate model architecture
P1,168,17800210,True,0.019267925828717242,,,Knowledge analysis / Technological / Incorrect spatial-geometric interpretation|Model Training / Technological / Confidence miscalibration|Model Training / Technological / Confabulations,Knowledge analysis / Technological / Incorrect spatial-geometric interpretation|Model Training / Technological / Confidence miscalibration|Model Training / Technological / Confabulations|Model operation / Technological / Cascading error propagation|Model Training / Technological / Overfitting,Knowledge analysis / Technological / Incorrect spatial-geometric interpretation|Model Training / Technological / Confidence miscalibration|Model Training / Technological / Confabulations|Model operation / Technological / Cascading error propagation|Model Training / Technological / Overfitting|Knowledge analysis / Human / Lack of uncertainty estimation|Knowledge analysis / Technological / Reliance on spurious features|Model Training / Human / Domain shift|Model Training / Human / Incomplete validation criteria|Knowledge selection / Human / Data representativeness
P1,169,17800211,True,0.0633737288563231,,,Knowledge analysis / Technological / Incorrect spatial-geometric interpretation|Model Training / Technological / Confidence miscalibration|Model Training / Technological / Confabulations,Knowledge analysis / Technological / Incorrect spatial-geometric interpretation|Model Training / Technological / Confidence miscalibration|Model Training / Technological / Confabulations|Model operation / Technological / Cascading error propagation|Model Training / Technological / Overfitting,Knowledge analysis / Technological / Incorrect spatial-geometric interpretation|Model Training / Technological / Confidence miscalibration|Model Training / Technological / Confabulations|Model operation / Technological / Cascading error propagation|Model Training / Technological / Overfitting|Knowledge analysis / Technological / Reliance on spurious features|Knowledge analysis / Human / Lack of uncertainty estimation|Knowledge analysis / Human / Inappropriate model architecture|Model Training / Human / Domain shift|Model Training / Human / Incomplete validation criteria
P1,170,17800212,True,0.08410314375351015,,,Knowledge analysis / Technological / Incorrect spatial-geometric interpretation|Model Training / Technological / Confidence miscalibration|Model Training / Technological / Confabulations,Knowledge analysis / Technological / Incorrect spatial-geometric interpretation|Model Training / Technological / Confidence miscalibration|Model Training / Technological / Confabulations|Model operation / Technological / Cascading error propagation|Knowledge analysis / Technological / Reliance on spurious features,Knowledge analysis / Technological / Incorrect spatial-geometric interpretation|Model Training / Technological / Confidence miscalibration|Model Training / Technological / Confabulations|Model operation / Technological / Cascading error propagation|Knowledge analysis / Technological / Reliance on spurious features|Knowledge analysis / Human / Lack of uncertainty estimation|Knowledge analysis / Human / Inappropriate model architecture|Model Training / Technological / Overfitting|Model Training / Human / Domain shift|Model Training / Human / Incomplete validation criteria
P1,171,17800213,True,0.0618234630602153,,,Knowledge analysis / Technological / Incorrect spatial-geometric interpretation|Model Training / Technological / Confabulations|Model Training / Technological / Confidence miscalibration,Knowledge analysis / Technological / Incorrect spatial-geometric interpretation|Model Training / Technological / Confabulations|Model Training / Technological / Confidence miscalibration|Model operation / Technological / Cascading error propagation|Model Training / Technological / Overfitting,Knowledge analysis / Technological / Incorrect spatial-geometric interpretation|Model Training / Technological / Confabulations|Model Training / Technological / Confidence miscalibration|Model operation / Technological / Cascading error propagation|Model Training / Technological / Overfitting|Knowledge analysis / Technological / Reliance on spurious features|Model Training / Human / Domain shift|Model Training / Human / Incomplete validation criteria|Knowledge analysis / Human / Inappropriate model architecture|Knowledge analysis / Human / Lack of uncertainty estimation
P1,172,17800214,True,0.09297183953015185,,,Knowledge analysis / Technological / Incorrect spatial-geometric interpretation|Model Training / Technological / Confidence miscalibration|Model Training / Technological / Confabulations,Knowledge analysis / Technological / Incorrect spatial-geometric interpretation|Model Training / Technological / Confidence miscalibration|Model Training / Technological / Confabulations|Model operation / Technological / Cascading error propagation|Model Training / Technological / Overfitting,Knowledge analysis / Technological / Incorrect spatial-geometric interpretation|Model Training / Technological / Confidence miscalibration|Model Training / Technological / Confabulations|Model operation / Technological / Cascading error propagation|Model Training / Technological / Overfitting|Knowledge analysis / Technological / Reliance on spurious features|Knowledge analysis / Human / Inappropriate model architecture|Knowledge analysis / Human / Lack of uncertainty estimation|Model Training / Human / Domain shift|Model Training / Human / Incomplete validation criteria
P1,173,17800215,True,0.042500117376848286,,,Knowledge analysis / Technological / Incorrect spatial-geometric interpretation|Model Training / Technological / Confabulations|Model Training / Technological / Confidence miscalibration,Knowledge analysis / Technological / Incorrect spatial-geometric interpretation|Model Training / Technological / Confabulations|Model Training / Technological / Confidence miscalibration|Model operation / Technological / Cascading error propagation|Model Training / Technological / Overfitting,Knowledge analysis / Technological / Incorrect spatial-geometric interpretation|Model Training / Technological / Confabulations|Model Training / Technological / Confidence miscalibration|Model operation / Technological / Cascading error propagation|Model Training / Technological / Overfitting|Knowledge analysis / Technological / Reliance on spurious features|Model Training / Human / Domain shift|Model Training / Human / Incomplete validation criteria|Knowledge analysis / Human / Inappropriate model architecture|Knowledge analysis / Human / Lack of uncertainty estimation
P1,174,17800216,True,0.028234609085321258,,,Knowledge analysis / Technological / Incorrect spatial-geometric interpretation|Model Training / Technological / Confabulations|Model Training / Technological / Confidence miscalibration,Knowledge analysis / Technological / Incorrect spatial-geometric interpretation|Model Training / Technological / Confabulations|Model Training / Technological / Confidence miscalibration|Model operation / Technological / Cascading error propagation|Model Training / Technological / Overfitting,Knowledge analysis / Technological / Incorrect spatial-geometric interpretation|Model Training / Technological / Confabulations|Model Training / Technological / Confidence miscalibration|Model operation / Technological / Cascading error propagation|Model Training / Technological / Overfitting|Knowledge analysis / Technological / Reliance on spurious features|Knowledge selection / Human / Dataset bias|Model Training / Human / Domain shift|Model Training / Human / Incomplete validation criteria|Knowledge analysis / Human / Inappropriate model architecture
P1,175,17800217,True,0.03180650067104919,,,Knowledge analysis / Technological / Incorrect spatial-geometric interpretation|Model Training / Technological / Confabulations|Model Training / Technological / Confidence miscalibration,Knowledge analysis / Technological / Incorrect spatial-geometric interpretation|Model Training / Technological / Confabulations|Model Training / Technological / Confidence miscalibration|Model operation / Technological / Cascading error propagation|Model Training / Technological / Overfitting,Knowledge analysis / Technological / Incorrect spatial-geometric interpretation|Model Training / Technological / Confabulations|Model Training / Technological / Confidence miscalibration|Model operation / Technological / Cascading error propagation|Model Training / Technological / Overfitting|Knowledge analysis / Technological / Reliance on spurious features|Model Training / Technological / Catastrophic forgetting|Knowledge analysis / Human / Inappropriate model architecture|Model Training / Human / Domain shift|Model Training / Human / Incomplete validation criteria
P1,176,17800218,True,0.02541910816273599,,,Knowledge analysis / Technological / Incorrect spatial-geometric interpretation|Model Training / Technological / Confidence miscalibration|Model Training / Technological / Confabulations,Knowledge analysis / Technological / Incorrect spatial-geometric interpretation|Model Training / Technological / Confidence miscalibration|Model Training / Technological / Confabulations|Model operation / Technological / Cascading error propagation|Knowledge analysis / Technological / Reliance on spurious features,Knowledge analysis / Technological / Incorrect spatial-geometric interpretation|Model Training / Technological / Confidence miscalibration|Model Training / Technological / Confabulations|Model operation / Technological / Cascading error propagation|Knowledge analysis / Technological / Reliance on spurious features|Model Training / Technological / Overfitting|Knowledge analysis / Human / Lack of uncertainty estimation|Knowledge analysis / Human / Inappropriate model architecture|Model Training / Human / Domain shift|Model Training / Human / Incomplete validation criteria
P1,177,17800219,True,0.08614937744557338,,,Knowledge analysis / Technological / Incorrect spatial-geometric interpretation|Model Training / Technological / Confidence miscalibration|Model Training / Technological / Confabulations,Knowledge analysis / Technological / Incorrect spatial-geometric interpretation|Model Training / Technological / Confidence miscalibration|Model Training / Technological / Confabulations|Model operation / Technological / Cascading error propagation|Knowledge analysis / Technological / Reliance on spurious features,Knowledge analysis / Technological / Incorrect spatial-geometric interpretation|Model Training / Technological / Confidence miscalibration|Model Training / Technological / Confabulations|Model operation / Technological / Cascading error propagation|Knowledge analysis / Technological / Reliance on spurious features|Model Training / Technological / Overfitting|Knowledge analysis / Human / Lack of uncertainty estimation|Knowledge analysis / Human / Inappropriate model architecture|Knowledge selection / Human / Dataset bias|Knowledge selection / Human / Data representativeness
P1,178,17800220,True,0.0492545158519538,,,Knowledge analysis / Technological / Incorrect spatial-geometric interpretation|Model Training / Technological / Confabulations|Model Training / Technological / Confidence miscalibration,Knowledge analysis / Technological / Incorrect spatial-geometric interpretation|Model Training / Technological / Confabulations|Model Training / Technological / Confidence miscalibration|Model operation / Technological / Cascading error propagation|Knowledge analysis / Technological / Reliance on spurious features,Knowledge analysis / Technological / Incorrect spatial-geometric interpretation|Model Training / Technological / Confabulations|Model Training / Technological / Confidence miscalibration|Model operation / Technological / Cascading error propagation|Knowledge analysis / Technological / Reliance on spurious features|Model Training / Technological / Overfitting|Model Training / Human / Incomplete validation criteria|Knowledge analysis / Human / Inappropriate model architecture|Knowledge analysis / Human / Lack of uncertainty estimation|Knowledge selection / Human / Data representativeness
P1,179,17800221,True,0.023067228903565145,,,Knowledge analysis / Technological / Incorrect spatial-geometric interpretation|Model Training / Technological / Confabulations|Model Training / Technological / Confidence miscalibration,Knowledge analysis / Technological / Incorrect spatial-geometric interpretation|Model Training / Technological / Confabulations|Model Training / Technological / Confidence miscalibration|Model operation / Technological / Cascading error propagation|Knowledge analysis / Technological / Reliance on spurious features,Knowledge analysis / Technological / Incorrect spatial-geometric interpretation|Model Training / Technological / Confabulations|Model Training / Technological / Confidence miscalibration|Model operation / Technological / Cascading error propagation|Knowledge analysis / Technological / Reliance on spurious features|Knowledge analysis / Human / Lack of uncertainty estimation|Knowledge analysis / Human / Inappropriate model architecture|Model Training / Technological / Overfitting|Knowledge selection / Human / Dataset bias|Knowledge selection / Human / Data representativeness
P1,180,17800222,True,0.04203941809403443,,,Knowledge analysis / Technological / Incorrect spatial-geometric interpretation|Model Training / Technological / Confabulations|Model Training / Technological / Confidence miscalibration,Knowledge analysis / Technological / Incorrect spatial-geometric interpretation|Model Training / Technological / Confabulations|Model Training / Technological / Confidence miscalibration|Model operation / Technological / Cascading error propagation|Model Training / Technological / Overfitting,Knowledge analysis / Technological / Incorrect spatial-geometric interpretation|Model Training / Technological / Confabulations|Model Training / Technological / Confidence miscalibration|Model operation / Technological / Cascading error propagation|Model Training / Technological / Overfitting|Knowledge analysis / Technological / Reliance on spurious features|Model Training / Human / Domain shift|Model Training / Human / Incomplete validation criteria|Knowledge analysis / Human / Lack of uncertainty estimation|Knowledge analysis / Human / Inappropriate model architecture
P1,181,17800223,True,0.067287112600508,,,Knowledge analysis / Technological / Incorrect spatial-geometric interpretation|Model Training / Technological / Confabulations|Model Training / Technological / Confidence miscalibration,Knowledge analysis / Technological / Incorrect spatial-geometric interpretation|Model Training / Technological / Confabulations|Model Training / Technological / Confidence miscalibration|Model operation / Technological / Cascading error propagation|Model Training / Technological / Overfitting,Knowledge analysis / Technological / Incorrect spatial-geometric interpretation|Model Training / Technological / Confabulations|Model Training / Technological / Confidence miscalibration|Model operation / Technological / Cascading error propagation|Model Training / Technological / Overfitting|Knowledge analysis / Technological / Reliance on spurious features|Model Training / Human / Domain shift|Model Training / Human / Incomplete validation criteria|Knowledge selection / Human / Dataset bias|Knowledge analysis / Human / Inappropriate model architecture
P1,182,17800224,True,0.09297183953014994,,,Knowledge analysis / Technological / Incorrect spatial-geometric interpretation|Model Training / Technological / Confidence miscalibration|Model Training / Technological / Confabulations,Knowledge analysis / Technological / Incorrect spatial-geometric interpretation|Model Training / Technological / Confidence miscalibration|Model Training / Technological / Confabulations|Model operation / Technological / Cascading error propagation|Knowledge analysis / Technological / Reliance on spurious features,Knowledge analysis / Technological / Incorrect spatial-geometric interpretation|Model Training / Technological / Confidence miscalibration|Model Training / Technological / Confabulations|Model operation / Technological / Cascading error propagation|Knowledge analysis / Technological / Reliance on spurious features|Model Training / Technological / Overfitting|Model Training / Human / Domain shift|Model Training / Human / Incomplete validation criteria|Knowledge selection / Human / Dataset bias|Knowledge selection / Human / Data representativeness
P1,183,17800225,True,0.08557988968742718,,,Knowledge analysis / Technological / Incorrect spatial-geometric interpretation|Model operation / Technological / Cascading error propagation|Model Training / Technological / Confabulations,Knowledge analysis / Technological / Incorrect spatial-geometric interpretation|Model operation / Technological / Cascading error propagation|Model Training / Technological / Confabulations|Model Training / Technological / Confidence miscalibration|Knowledge analysis / Technological / Reliance on spurious features,Knowledge analysis / Technological / Incorrect spatial-geometric interpretation|Model operation / Technological / Cascading error propagation|Model Training / Technological / Confabulations|Model Training / Technological / Confidence miscalibration|Knowledge analysis / Technological / Reliance on spurious features|Knowledge analysis / Human / Lack of uncertainty estimation|Knowledge analysis / Human / Inappropriate model architecture|Model Training / Technological / Overfitting|Knowledge selection / Human / Data representativeness|Knowledge selection / Human / Dataset bias
P1,184,17800226,True,0.03180650067104919,,,Knowledge analysis / Technological / Incorrect spatial-geometric interpretation|Model Training / Technological / Confabulations|Model Training / Technological / Confidence miscalibration,Knowledge analysis / Technological / Incorrect spatial-geometric interpretation|Model Training / Technological / Confabulations|Model Training / Technological / Confidence miscalibration|Model operation / Technological / Cascading error propagation|Knowledge analysis / Technological / Reliance on spurious features,Knowledge analysis / Technological / Incorrect spatial-geometric interpretation|Model Training / Technological / Confabulations|Model Training / Technological / Confidence miscalibration|Model operation / Technological / Cascading error propagation|Knowledge analysis / Technological / Reliance on spurious features|Model Training / Technological / Overfitting|Model Training / Human / Domain shift|Model Training / Human / Incomplete validation criteria|Knowledge analysis / Human / Lack of uncertainty estimation|Knowledge selection / Human / Dataset bias
P1,185,17800227,True,0.022946231744501024,,,Knowledge analysis / Technological / Incorrect spatial-geometric interpretation|Model Training / Technological / Confidence miscalibration|Model Training / Technological / Confabulations,Knowledge analysis / Technological / Incorrect spatial-geometric interpretation|Model Training / Technological / Confidence miscalibration|Model Training / Technological / Confabulations|Model operation / Technological / Cascading error propagation|Knowledge analysis / Technological / Reliance on spurious features,Knowledge analysis / Technological / Incorrect spatial-geometric interpretation|Model Training / Technological / Confidence miscalibration|Model Training / Technological / Confabulations|Model operation / Technological / Cascading error propagation|Knowledge analysis / Technological / Reliance on spurious features|Model Training / Human / Incomplete validation criteria|Model Training / Technological / Overfitting|Knowledge analysis / Human / Lack of uncertainty estimation|Knowledge analysis / Human / Inappropriate model architecture|Model Training / Technological / Catastrophic forgetting
P1,186,17800228,True,0.04049403275454736,,,Knowledge analysis / Technological / Incorrect spatial-geometric interpretation|Model Training / Technological / Confabulations|Model Training / Technological / Confidence miscalibration,Knowledge analysis / Technological / Incorrect spatial-geometric interpretation|Model Training / Technological / Confabulations|Model Training / Technological / Confidence miscalibration|Model operation / Technological / Cascading error propagation|Model Training / Technological / Overfitting,Knowledge analysis / Technological / Incorrect spatial-geometric interpretation|Model Training / Technological / Confabulations|Model Training / Technological / Confidence miscalibration|Model operation / Technological / Cascading error propagation|Model Training / Technological / Overfitting|Knowledge analysis / Technological / Reliance on spurious features|Knowledge analysis / Human / Lack of uncertainty estimation|Knowledge analysis / Human / Inappropriate model architecture|Model Training / Human / Domain shift|Model Training / Human / Incomplete validation criteria
P1,187,17800229,True,0.033720821598761413,,,Knowledge analysis / Technological / Incorrect spatial-geometric interpretation|Model Training / Technological / Confidence miscalibration|Model Training / Technological / Confabulations,Knowledge analysis / Technological / Incorrect spatial-geometric interpretation|Model Training / Technological / Confidence miscalibration|Model Training / Technological / Confabulations|Model operation / Technological / Cascading error propagation|Knowledge analysis / Technological / Reliance on spurious features,Knowledge analysis / Technological / Incorrect spatial-geometric interpretation|Model Training / Technological / Confidence miscalibration|Model Training / Technological / Confabulations|Model operation / Technological / Cascading error propagation|Knowledge analysis / Technological / Reliance on spurious features|Knowledge analysis / Human / Lack of uncertainty estimation|Model Training / Technological / Overfitting|Knowledge analysis / Human / Inappropriate model architecture|Model Training / Human / Domain shift|Model Training / Human / Incomplete validation criteria
P1,188,17800230,True,0.04402750772928427,,,Knowledge analysis / Technological / Incorrect spatial-geometric interpretation|Model Training / Technological / Confidence miscalibration|Model Training / Technological / Confabulations,Knowledge analysis / Technological / Incorrect spatial-geometric interpretation|Model Training / Technological / Confidence miscalibration|Model Training / Technological / Confabulations|Model operation / Technological / Cascading error propagation|Model Training / Technological / Overfitting,Knowledge analysis / Technological / Incorrect spatial-geometric interpretation|Model Training / Technological / Confidence miscalibration|Model Training / Technological / Confabulations|Model operation / Technological / Cascading error propagation|Model Training / Technological / Overfitting|Knowledge analysis / Technological / Reliance on spurious features|Model Training / Human / Domain shift|Knowledge analysis / Human / Inappropriate model architecture|Knowledge analysis / Human / Lack of uncertainty estimation|Knowledge selection / Human / Dataset bias
P1,189,17800231,True,0.033720821598761413,,,Knowledge analysis / Technological / Incorrect spatial-geometric interpretation|Model Training / Technological / Confidence miscalibration|Model Training / Technological / Confabulations,Knowledge analysis / Technological / Incorrect spatial-geometric interpretation|Model Training / Technological / Confidence miscalibration|Model Training / Technological / Confabulations|Model operation / Technological / Cascading error propagation|Knowledge analysis / Technological / Reliance on spurious features,Knowledge analysis / Technological / Incorrect spatial-geometric interpretation|Model Training / Technological / Confidence miscalibration|Model Training / Technological / Confabulations|Model operation / Technological / Cascading error propagation|Knowledge analysis / Technological / Reliance on spurious features|Model Training / Technological / Overfitting|Knowledge analysis / Human / Lack of uncertainty estimation|Knowledge analysis / Human / Inappropriate model architecture|Model Training / Human / Domain shift|Model Training / Human / Incomplete validation criteria
P1,190,17800232,True,0.02966434031115114,,,Knowledge analysis / Technological / Incorrect spatial-geometric interpretation|Model Training / Technological / Confabulations|Model Training / Technological / Confidence miscalibration,Knowledge analysis / Technological / Incorrect spatial-geometric interpretation|Model Training / Technological / Confabulations|Model Training / Technological / Confidence miscalibration|Model operation / Technological / Cascading error propagation|Knowledge analysis / Technological / Reliance on spurious features,Knowledge analysis / Technological / Incorrect spatial-geometric interpretation|Model Training / Technological / Confabulations|Model Training / Technological / Confidence miscalibration|Model operation / Technological / Cascading error propagation|Knowledge analysis / Technological / Reliance on spurious features|Model Training / Technological / Overfitting|Knowledge analysis / Human / Lack of uncertainty estimation|Knowledge analysis / Human / Inappropriate model architecture|Model Training / Human / Domain shift|Model Training / Human / Incomplete validation criteria
P1,191,17800233,True,0.035858827287106446,,,Knowledge analysis / Technological / Incorrect spatial-geometric interpretation|Model Training / Technological / Confidence miscalibration|Model Training / Technological / Confabulations,Knowledge analysis / Technological / Incorrect spatial-geometric interpretation|Model Training / Technological / Confidence miscalibration|Model Training / Technological / Confabulations|Model operation / Technological / Cascading error propagation|Model Training / Technological / Overfitting,Knowledge analysis / Technological / Incorrect spatial-geometric interpretation|Model Training / Technological / Confidence miscalibration|Model Training / Technological / Confabulations|Model operation / Technological / Cascading error propagation|Model Training / Technological / Overfitting|Knowledge analysis / Technological / Reliance on spurious features|Knowledge analysis / Human / Inappropriate model architecture|Knowledge analysis / Human / Lack of uncertainty estimation|Model Training / Human / Domain shift|Model Training / Human / Incomplete validation criteria
P1,192,17800234,True,0.029902131707116985,,,Knowledge analysis / Technological / Incorrect spatial-geometric interpretation|Model Training / Technological / Confidence miscalibration|Model Training / Technological / Confabulations,Knowledge analysis / Technological / Incorrect spatial-geometric interpretation|Model Training / Technological / Confidence miscalibration|Model Training / Technological / Confabulations|Model operation / Technological / Cascading error propagation|Model Training / Technological / Overfitting,Knowledge analysis / Technological / Incorrect spatial-geometric interpretation|Model Training / Technological / Confidence miscalibration|Model Training / Technological / Confabulations|Model operation / Technological / Cascading error propagation|Model Training / Technological / Overfitting|Knowledge analysis / Technological / Reliance on spurious features|Model Training / Human / Domain shift|Model Training / Human / Incomplete validation criteria|Knowledge selection / Human / Dataset bias|Model Training / Technological / Catastrophic forgetting
P1,193,17800235,True,0.08614937744557262,,,Knowledge analysis / Technological / Incorrect spatial-geometric interpretation|Model Training / Technological / Confabulations|Model Training / Technological / Confidence miscalibration,Knowledge analysis / Technological / Incorrect spatial-geometric interpretation|Model Training / Technological / Confabulations|Model Training / Technological / Confidence miscalibration|Model operation / Technological / Cascading error propagation|Model Training / Technological / Overfitting,Knowledge analysis / Technological / Incorrect spatial-geometric interpretation|Model Training / Technological / Confabulations|Model Training / Technological / Confidence miscalibration|Model operation / Technological / Cascading error propagation|Model Training / Technological / Overfitting|Knowledge analysis / Technological / Reliance on spurious features|Model Training / Human / Domain shift|Model Training / Human / Incomplete validation criteria|Knowledge analysis / Human / Lack of uncertainty estimation|Model operation / Human / Loss of situational awareness
P1,194,17800236,True,0.03558916783643782,,,Knowledge analysis / Technological / Incorrect spatial-geometric interpretation|Model Training / Technological / Confabulations|Model Training / Technological / Confidence miscalibration,Knowledge analysis / Technological / Incorrect spatial-geometric interpretation|Model Training / Technological / Confabulations|Model Training / Technological / Confidence miscalibration|Model operation / Technological / Cascading error propagation|Knowledge analysis / Technological / Reliance on spurious features,Knowledge analysis / Technological / Incorrect spatial-geometric interpretation|Model Training / Technological / Confabulations|Model Training / Technological / Confidence miscalibration|Model operation / Technological / Cascading error propagation|Knowledge analysis / Technological / Reliance on spurious features|Model Training / Technological / Overfitting|Model Training / Human / Domain shift|Model Training / Human / Incomplete validation criteria|Knowledge analysis / Human / Lack of uncertainty estimation|Knowledge analysis / Human / Inappropriate model architecture
P1,195,17800237,True,0.0534235548495969,,,Knowledge analysis / Technological / Incorrect spatial-geometric interpretation|Model Training / Technological / Confabulations|Model Training / Technological / Confidence miscalibration,Knowledge analysis / Technological / Incorrect spatial-geometric interpretation|Model Training / Technological / Confabulations|Model Training / Technological / Confidence miscalibration|Model operation / Technological / Cascading error propagation|Knowledge analysis / Technological / Reliance on spurious features,Knowledge analysis / Technological / Incorrect spatial-geometric interpretation|Model Training / Technological / Confabulations|Model Training / Technological / Confidence miscalibration|Model operation / Technological / Cascading error propagation|Knowledge analysis / Technological / Reliance on spurious features|Model Training / Technological / Overfitting|Model Training / Human / Domain shift|Model Training / Human / Incomplete validation criteria|Knowledge analysis / Human / Inappropriate model architecture|Knowledge analysis / Human / Lack of uncertainty estimation
P1,196,17800238,True,0.021347310078496003,,,Knowledge analysis / Technological / Incorrect spatial-geometric interpretation|Model Training / Technological / Confabulations|Model Training / Technological / Confidence miscalibration,Knowledge analysis / Technological / Incorrect spatial-geometric interpretation|Model Training / Technological / Confabulations|Model Training / Technological / Confidence miscalibration|Model operation / Technological / Cascading error propagation|Knowledge analysis / Technological / Reliance on spurious features,Knowledge analysis / Technological / Incorrect spatial-geometric interpretation|Model Training / Technological / Confabulations|Model Training / Technological / Confidence miscalibration|Model operation / Technological / Cascading error propagation|Knowledge analysis / Technological / Reliance on spurious features|Model Training / Human / Incomplete validation criteria|Model Training / Technological / Overfitting|Knowledge analysis / Human / Lack of uncertainty estimation|Knowledge selection / Human / Dataset bias|Model Training / Human / Domain shift
P1,197,17800239,True,0.04727742319423535,,,Knowledge analysis / Technological / Incorrect spatial-geometric interpretation|Model Training / Technological / Confabulations|Model Training / Technological / Confidence miscalibration,Knowledge analysis / Technological / Incorrect spatial-geometric interpretation|Model Training / Technological / Confabulations|Model Training / Technological / Confidence miscalibration|Model operation / Technological / Cascading error propagation|Model Training / Technological / Overfitting,Knowledge analysis / Technological / Incorrect spatial-geometric interpretation|Model Training / Technological / Confabulations|Model Training / Technological / Confidence miscalibration|Model operation / Technological / Cascading error propagation|Model Training / Technological / Overfitting|Knowledge analysis / Technological / Reliance on spurious features|Model Training / Human / Domain shift|Model Training / Human / Incomplete validation criteria|Knowledge analysis / Human / Inappropriate model architecture|Knowledge analysis / Human / Lack of uncertainty estimation
P1,198,17800240,False,0.12355056471121746,Model Training / Technological,,Knowledge analysis / Technological / Incorrect spatial-geometric interpretation|Model Training / Technological / Confidence miscalibration|Model Training / Technological / Confabulations,Knowledge analysis / Technological / Incorrect spatial-geometric interpretation|Model Training / Technological / Confidence miscalibration|Model Training / Technological / Confabulations|Model operation / Technological / Cascading error propagation|Model Training / Technological / Overfitting,Knowledge analysis / Technological / Incorrect spatial-geometric interpretation|Model Training / Technological / Confidence miscalibration|Model Training / Technological / Confabulations|Model operation / Technological / Cascading error propagation|Model Training / Technological / Overfitting|Knowledge analysis / Technological / Reliance on spurious features|Model Training / Human / Domain shift|Model Training / Human / Incomplete validation criteria|Knowledge selection / Human / Dataset bias|Knowledge analysis / Human / Inappropriate model architecture
P1,199,17800241,True,0.06587478878070384,,,Knowledge analysis / Technological / Incorrect spatial-geometric interpretation|Model Training / Technological / Confabulations|Model Training / Technological / Confidence miscalibration,Knowledge analysis / Technological / Incorrect spatial-geometric interpretation|Model Training / Technological / Confabulations|Model Training / Technological / Confidence miscalibration|Model operation / Technological / Cascading error propagation|Knowledge analysis / Technological / Reliance on spurious features,Knowledge analysis / Technological / Incorrect spatial-geometric interpretation|Model Training / Technological / Confabulations|Model Training / Technological / Confidence miscalibration|Model operation / Technological / Cascading error propagation|Knowledge analysis / Technological / Reliance on spurious features|Model Training / Technological / Overfitting|Knowledge analysis / Human / Inappropriate model architecture|Knowledge analysis / Human / Lack of uncertainty estimation|Model Training / Human / Domain shift|Model Training / Human / Incomplete validation criteria
