profile_id,sample_index,sample_seed,accepted,max_cr,offending_paths,error,top3,top5,top10
P2,0,18000042,True,0.07605026451653832,,,Model operation / Technological / Dynamic topology|Model operation / Technological / Collective robustness loss|Model operation / Technological / Communication loss / swarm fragmentation,Model operation / Technological / Dynamic topology|Model operation / Technological / Collective robustness loss|Model operation / Technological / Communication loss / swarm fragmentation|Model operation / Technological / Cascading error propagation|Model operation / Technological / Correlated perception errors,Model operation / Technological / Dynamic topology|Model operation / Technological / Collective robustness loss|Model operation / Technological / Communication loss / swarm fragmentation|Model operation / Technological / Cascading error propagation|Model operation / Technological / Correlated perception errors|Model operation / Human / Loss of situational awareness|Knowledge analysis / Technological / Correlated errors x interaction graph omission|Model training / Technological / Correlated error structure omission|Model training / Technological / Overfitting|Model training / Technological / Noise/blur/compression fragility
P2,1,18000043,True,0.04914757462901855,,,Model operation / Technological / Correlated perception errors|Model operation / Technological / Dynamic topology|Model operation / Technological / Collective robustness loss,Model operation / Technological / Correlated perception errors|Model operation / Technological / Dynamic topology|Model operation / Technological / Collective robustness loss|Model operation / Technological / Cascading error propagation|Model operation / Technological / Communication loss / swarm fragmentation,Model operation / Technological / Correlated perception errors|Model operation / Technological / Dynamic topology|Model operation / Technological / Collective robustness loss|Model operation / Technological / Cascading error propagation|Model operation / Technological / Communication loss / swarm fragmentation|Knowledge analysis / Technological / Correlated errors x interaction graph omission|Model operation / Human / Loss of situational awareness|Model training / Technological / Correlated error structure omission|Knowledge analysis / Technological / Reliance on spurious features|Model training / Technological / Overfitting
P2,2,18000044,True,0.09904794375569952,,,Model operation / Technological / Communication loss / swarm fragmentation|Model operation / Technological / Dynamic topology|Model operation / Technological / Correlated perception errors,Model operation / Technological / Communication loss / swarm fragmentation|Model operation / Technological / Dynamic topology|Model operation / Technological / Correlated perception errors|Model operation / Technological / Cascading error propagation|Model operation / Technological / Collective robustness loss,Model operation / Technological / Communication loss / swarm fragmentation|Model operation / Technological / Dynamic topology|Model operation / Technological / Correlated perception errors|Model operation / Technological / Cascading error propagation|Model operation / Technological / Collective robustness loss|Model operation / Human / Loss of situational awareness|Knowledge analysis / Technological / Correlated errors x interaction graph omission|Model training / Technological / Correlated error structure omission|Model training / Technological / Overfitting|Model training / Technological / Noise/blur/compression fragility
P2,3,18000045,True,0.031173372642532338,,,Model operation / Technological / Communication loss / swarm fragmentation|Model operation / Technological / Collective robustness loss|Model operation / Technological / Correlated perception errors,Model operation / Technological / Communication loss / swarm fragmentation|Model operation / Technological / Collective robustness loss|Model operation / Technological / Correlated perception errors|Model operation / Technological / Cascading error propagation|Model operation / Technological / Dynamic topology,Model operation / Technological / Communication loss / swarm fragmentation|Model operation / Technological / Collective robustness loss|Model operation / Technological / Correlated perception errors|Model operation / Technological / Cascading error propagation|Model operation / Technological / Dynamic topology|Model training / Technological / Correlated error structure omission|Knowledge analysis / Technological / Correlated errors x interaction graph omission|Model operation / Human / Loss of situational awareness|Model training / Technological / Domain shift as technological robustness failure|Model training / Technological / Overfitting
P2,4,18000046,True,0.05190864082661501,,,Model operation / Technological / Communication loss / swarm fragmentation|Model operation / Technological / Dynamic topology|Model operation / Technological / Collective robustness loss,Model operation / Technological / Communication loss / swarm fragmentation|Model operation / Technological / Dynamic topology|Model operation / Technological / Collective robustness loss|Model operation / Technological / Cascading error propagation|Model operation / Technological / Correlated perception errors,Model operation / Technological / Communication loss / swarm fragmentation|Model operation / Technological / Dynamic topology|Model operation / Technological / Collective robustness loss|Model operation / Technological / Cascading error propagation|Model operation / Technological / Correlated perception errors|Knowledge analysis / Technological / Correlated errors x interaction graph omission|Model training / Technological / Correlated error structure omission|Model operation / Human / Loss of situational awareness|Knowledge analysis / Technological / Reliance on spurious features|Model training / Technological / Overfitting
P2,5,18000047,True,0.042009616184650767,,,Model operation / Technological / Correlated perception errors|Model operation / Technological / Cascading error propagation|Model operation / Technological / Dynamic topology,Model operation / Technological / Correlated perception errors|Model operation / Technological / Cascading error propagation|Model operation / Technological / Dynamic topology|Model operation / Technological / Collective robustness loss|Model operation / Technological / Communication loss / swarm fragmentation,Model operation / Technological / Correlated perception errors|Model operation / Technological / Cascading error propagation|Model operation / Technological / Dynamic topology|Model operation / Technological / Collective robustness loss|Model operation / Technological / Communication loss / swarm fragmentation|Model training / Technological / Correlated error structure omission|Knowledge analysis / Technological / Correlated errors x interaction graph omission|Model operation / Human / Loss of situational awareness|Model training / Technological / Domain shift as technological robustness failure|Model training / Technological / Overfitting
P2,6,18000048,True,0.06871020750789825,,,Model operation / Technological / Dynamic topology|Model operation / Technological / Collective robustness loss|Model operation / Technological / Cascading error propagation,Model operation / Technological / Dynamic topology|Model operation / Technological / Collective robustness loss|Model operation / Technological / Cascading error propagation|Model operation / Technological / Communication loss / swarm fragmentation|Model operation / Technological / Correlated perception errors,Model operation / Technological / Dynamic topology|Model operation / Technological / Collective robustness loss|Model operation / Technological / Cascading error propagation|Model operation / Technological / Communication loss / swarm fragmentation|Model operation / Technological / Correlated perception errors|Knowledge analysis / Technological / Correlated errors x interaction graph omission|Model operation / Human / Loss of situational awareness|Model training / Technological / Correlated error structure omission|Knowledge analysis / Technological / Reliance on spurious features|Model training / Technological / Overfitting
P2,7,18000049,True,0.049794292827258724,,,Model operation / Technological / Dynamic topology|Model operation / Technological / Communication loss / swarm fragmentation|Model operation / Technological / Correlated perception errors,Model operation / Technological / Dynamic topology|Model operation / Technological / Communication loss / swarm fragmentation|Model operation / Technological / Correlated perception errors|Model operation / Technological / Cascading error propagation|Model operation / Technological / Collective robustness loss,Model operation / Technological / Dynamic topology|Model operation / Technological / Communication loss / swarm fragmentation|Model operation / Technological / Correlated perception errors|Model operation / Technological / Cascading error propagation|Model operation / Technological / Collective robustness loss|Model operation / Human / Loss of situational awareness|Model training / Technological / Correlated error structure omission|Knowledge analysis / Technological / Correlated errors x interaction graph omission|Model training / Technological / Overfitting|Model training / Technological / Domain shift as technological robustness failure
P2,8,18000050,True,0.02940380962403081,,,Model operation / Technological / Cascading error propagation|Model operation / Technological / Collective robustness loss|Model operation / Technological / Correlated perception errors,Model operation / Technological / Cascading error propagation|Model operation / Technological / Collective robustness loss|Model operation / Technological / Correlated perception errors|Model operation / Technological / Dynamic topology|Model operation / Technological / Communication loss / swarm fragmentation,Model operation / Technological / Cascading error propagation|Model operation / Technological / Collective robustness loss|Model operation / Technological / Correlated perception errors|Model operation / Technological / Dynamic topology|Model operation / Technological / Communication loss / swarm fragmentation|Knowledge analysis / Technological / Correlated errors x interaction graph omission|Model operation / Human / Loss of situational awareness|Model training / Technological / Correlated error structure omission|Model training / Technological / Overfitting|Model training / Technological / Noise/blur/compression fragility
P2,9,18000051,True,0.02928386788882781,,,Model operation / Technological / Collective robustness loss|Model operation / Technological / Communication loss / swarm fragmentation|Model operation / Technological / Cascading error propagation,Model operation / Technological / Collective robustness loss|Model operation / Technological / Communication loss / swarm fragmentation|Model operation / Technological / Cascading error propagation|Model operation / Technological / Dynamic topology|Model operation / Technological / Correlated perception errors,Model operation / Technological / Collective robustness loss|Model operation / Technological / Communication loss / swarm fragmentation|Model operation / Technological / Cascading error propagation|Model operation / Technological / Dynamic topology|Model operation / Technological / Correlated perception errors|Model training / Technological / Correlated error structure omission|Knowledge analysis / Technological / Correlated errors x interaction graph omission|Model operation / Human / Loss of situational awareness|Model training / Technological / Domain shift as technological robustness failure|Model training / Technological / Noise/blur/compression fragility
P2,10,18000052,True,0.04296047757753561,,,Model operation / Technological / Cascading error propagation|Model operation / Technological / Dynamic topology|Model operation / Technological / Communication loss / swarm fragmentation,Model operation / Technological / Cascading error propagation|Model operation / Technological / Dynamic topology|Model operation / Technological / Communication loss / swarm fragmentation|Model operation / Technological / Correlated perception errors|Model operation / Technological / Collective robustness loss,Model operation / Technological / Cascading error propagation|Model operation / Technological / Dynamic topology|Model operation / Technological / Communication loss / swarm fragmentation|Model operation / Technological / Correlated perception errors|Model operation / Technological / Collective robustness loss|Model operation / Human / Loss of situational awareness|Model training / Technological / Correlated error structure omission|Knowledge analysis / Technological / Correlated errors x interaction graph omission|Model training / Technological / Noise/blur/compression fragility|Model training / Technological / Overfitting
P2,11,18000053,True,0.043369923287977445,,,Model operation / Technological / Communication loss / swarm fragmentation|Model operation / Technological / Dynamic topology|Model operation / Technological / Collective robustness loss,Model operation / Technological / Communication loss / swarm fragmentation|Model operation / Technological / Dynamic topology|Model operation / Technological / Collective robustness loss|Model operation / Technological / Correlated perception errors|Model operation / Technological / Cascading error propagation,Model operation / Technological / Communication loss / swarm fragmentation|Model operation / Technological / Dynamic topology|Model operation / Technological / Collective robustness loss|Model operation / Technological / Correlated perception errors|Model operation / Technological / Cascading error propagation|Model training / Technological / Correlated error structure omission|Model operation / Human / Loss of situational awareness|Knowledge analysis / Technological / Correlated errors x interaction graph omission|Model training / Technological / Noise/blur/compression fragility|Model training / Technological / Domain shift as technological robustness failure
P2,12,18000054,True,0.044402838710628924,,,Model operation / Technological / Dynamic topology|Model operation / Technological / Cascading error propagation|Model operation / Technological / Communication loss / swarm fragmentation,Model operation / Technological / Dynamic topology|Model operation / Technological / Cascading error propagation|Model operation / Technological / Communication loss / swarm fragmentation|Model operation / Technological / Correlated perception errors|Model operation / Technological / Collective robustness loss,Model operation / Technological / Dynamic topology|Model operation / Technological / Cascading error propagation|Model operation / Technological / Communication loss / swarm fragmentation|Model operation / Technological / Correlated perception errors|Model operation / Technological / Collective robustness loss|Model training / Technological / Correlated error structure omission|Knowledge analysis / Technological / Correlated errors x interaction graph omission|Model operation / Human / Loss of situational awareness|Model training / Technological / Noise/blur/compression fragility|Model training / Technological / Overfitting
P2,13,18000055,True,0.03943464078704411,,,Model operation / Technological / Cascading error propagation|Model operation / Technological / Dynamic topology|Model operation / Technological / Collective robustness loss,Model operation / Technological / Cascading error propagation|Model operation / Technological / Dynamic topology|Model operation / Technological / Collective robustness loss|Model operation / Technological / Communication loss / swarm fragmentation|Model operation / Technological / Correlated perception errors,Model operation / Technological / Cascading error propagation|Model operation / Technological / Dynamic topology|Model operation / Technological / Collective robustness loss|Model operation / Technological / Communication loss / swarm fragmentation|Model operation / Technological / Correlated perception errors|Knowledge analysis / Technological / Correlated errors x interaction graph omission|Model training / Technological / Correlated error structure omission|Model operation / Human / Loss of situational awareness|Knowledge analysis / Technological / Reliance on spurious features|Model training / Technological / Overfitting
P2,14,18000056,True,0.03587610790436165,,,Model operation / Technological / Communication loss / swarm fragmentation|Model operation / Technological / Cascading error propagation|Model operation / Technological / Collective robustness loss,Model operation / Technological / Communication loss / swarm fragmentation|Model operation / Technological / Cascading error propagation|Model operation / Technological / Collective robustness loss|Model operation / Technological / Dynamic topology|Model operation / Technological / Correlated perception errors,Model operation / Technological / Communication loss / swarm fragmentation|Model operation / Technological / Cascading error propagation|Model operation / Technological / Collective robustness loss|Model operation / Technological / Dynamic topology|Model operation / Technological / Correlated perception errors|Model operation / Human / Loss of situational awareness|Model training / Technological / Correlated error structure omission|Knowledge analysis / Technological / Correlated errors x interaction graph omission|Model training / Technological / Overfitting|Model training / Technological / Noise/blur/compression fragility
P2,15,18000057,True,0.04746071214375849,,,Model operation / Technological / Collective robustness loss|Model operation / Technological / Dynamic topology|Model operation / Technological / Correlated perception errors,Model operation / Technological / Collective robustness loss|Model operation / Technological / Dynamic topology|Model operation / Technological / Correlated perception errors|Model operation / Technological / Communication loss / swarm fragmentation|Model operation / Technological / Cascading error propagation,Model operation / Technological / Collective robustness loss|Model operation / Technological / Dynamic topology|Model operation / Technological / Correlated perception errors|Model operation / Technological / Communication loss / swarm fragmentation|Model operation / Technological / Cascading error propagation|Model training / Technological / Correlated error structure omission|Knowledge analysis / Technological / Correlated errors x interaction graph omission|Model operation / Human / Loss of situational awareness|Model training / Technological / Noise/blur/compression fragility|Model training / Technological / Overfitting
P2,16,18000058,True,0.04333272444966654,,,Model operation / Technological / Cascading error propagation|Model operation / Technological / Communication loss / swarm fragmentation|Model operation / Technological / Correlated perception errors,Model operation / Technological / Cascading error propagation|Model operation / Technological / Communication loss / swarm fragmentation|Model operation / Technological / Correlated perception errors|Model operation / Technological / Collective robustness loss|Model operation / Technological / Dynamic topology,Model operation / Technological / Cascading error propagation|Model operation / Technological / Communication loss / swarm fragmentation|Model operation / Technological / Correlated perception errors|Model operation / Technological / Collective robustness loss|Model operation / Technological / Dynamic topology|Knowledge analysis / Technological / Correlated errors x interaction graph omission|Model operation / Human / Loss of situational awareness|Model training / Technological / Correlated error structure omission|Knowledge analysis / Technological / Reliance on spurious features|Model training / Technological / Noise/blur/compression fragility
P2,17,18000059,True,0.04426704206029178,,,Model operation / Technological / Dynamic topology|Model operation / Technological / Collective robustness loss|Model operation / Technological / Communication loss / swarm fragmentation,Model operation / Technological / Dynamic topology|Model operation / Technological / Collective robustness loss|Model operation / Technological / Communication loss / swarm fragmentation|Model operation / Technological / Cascading error propagation|Model operation / Technological / Correlated perception errors,Model operation / Technological / Dynamic topology|Model operation / Technological / Collective robustness loss|Model operation / Technological / Communication loss / swarm fragmentation|Model operation / Technological / Cascading error propagation|Model operation / Technological / Correlated perception errors|Knowledge analysis / Technological / Correlated errors x interaction graph omission|Model operation / Human / Loss of situational awareness|Model training / Technological / Correlated error structure omission|Model training / Technological / Noise/blur/compression fragility|Model training / Technological / Domain shift as technological robustness failure
P2,18,18000060,True,0.030792814554109066,,,Model operation / Technological / Cascading error propagation|Model operation / Technological / Dynamic topology|Model operation / Technological / Communication loss / swarm fragmentation,Model operation / Technological / Cascading error propagation|Model operation / Technological / Dynamic topology|Model operation / Technological / Communication loss / swarm fragmentation|Model operation / Technological / Correlated perception errors|Model operation / Technological / Collective robustness loss,Model operation / Technological / Cascading error propagation|Model operation / Technological / Dynamic topology|Model operation / Technological / Communication loss / swarm fragmentation|Model operation / Technological / Correlated perception errors|Model operation / Technological / Collective robustness loss|Model training / Technological / Correlated error structure omission|Knowledge analysis / Technological / Correlated errors x interaction graph omission|Model operation / Human / Loss of situational awareness|Model training / Technological / Overfitting|Model training / Technological / Domain shift as technological robustness failure
P2,19,18000061,True,0.0396419069019369,,,Model operation / Technological / Collective robustness loss|Model operation / Technological / Dynamic topology|Model operation / Technological / Cascading error propagation,Model operation / Technological / Collective robustness loss|Model operation / Technological / Dynamic topology|Model operation / Technological / Cascading error propagation|Model operation / Technological / Correlated perception errors|Model operation / Technological / Communication loss / swarm fragmentation,Model operation / Technological / Collective robustness loss|Model operation / Technological / Dynamic topology|Model operation / Technological / Cascading error propagation|Model operation / Technological / Correlated perception errors|Model operation / Technological / Communication loss / swarm fragmentation|Model operation / Human / Loss of situational awareness|Knowledge analysis / Technological / Correlated errors x interaction graph omission|Model training / Technological / Correlated error structure omission|Knowledge analysis / Technological / Reliance on spurious features|Model training / Technological / Noise/blur/compression fragility
P2,20,18000062,True,0.03465675254706553,,,Model operation / Technological / Communication loss / swarm fragmentation|Model operation / Technological / Cascading error propagation|Model operation / Technological / Correlated perception errors,Model operation / Technological / Communication loss / swarm fragmentation|Model operation / Technological / Cascading error propagation|Model operation / Technological / Correlated perception errors|Model operation / Technological / Collective robustness loss|Model operation / Technological / Dynamic topology,Model operation / Technological / Communication loss / swarm fragmentation|Model operation / Technological / Cascading error propagation|Model operation / Technological / Correlated perception errors|Model operation / Technological / Collective robustness loss|Model operation / Technological / Dynamic topology|Model training / Technological / Correlated error structure omission|Knowledge analysis / Technological / Correlated errors x interaction graph omission|Model operation / Human / Loss of situational awareness|Model training / Technological / Noise/blur/compression fragility|Model training / Technological / Domain shift as technological robustness failure
P2,21,18000063,True,0.08569808980945146,,,Model operation / Technological / Dynamic topology|Model operation / Technological / Collective robustness loss|Model operation / Technological / Cascading error propagation,Model operation / Technological / Dynamic topology|Model operation / Technological / Collective robustness loss|Model operation / Technological / Cascading error propagation|Model operation / Technological / Correlated perception errors|Model operation / Technological / Communication loss / swarm fragmentation,Model operation / Technological / Dynamic topology|Model operation / Technological / Collective robustness loss|Model operation / Technological / Cascading error propagation|Model operation / Technological / Correlated perception errors|Model operation / Technological / Communication loss / swarm fragmentation|Model operation / Human / Loss of situational awareness|Knowledge analysis / Technological / Correlated errors x interaction graph omission|Model training / Technological / Correlated error structure omission|Model training / Technological / Noise/blur/compression fragility|Knowledge analysis / Technological / Reliance on spurious features
P2,22,18000064,True,0.046470299693644954,,,Model operation / Technological / Dynamic topology|Model operation / Technological / Cascading error propagation|Model operation / Technological / Correlated perception errors,Model operation / Technological / Dynamic topology|Model operation / Technological / Cascading error propagation|Model operation / Technological / Correlated perception errors|Model operation / Technological / Collective robustness loss|Model operation / Technological / Communication loss / swarm fragmentation,Model operation / Technological / Dynamic topology|Model operation / Technological / Cascading error propagation|Model operation / Technological / Correlated perception errors|Model operation / Technological / Collective robustness loss|Model operation / Technological / Communication loss / swarm fragmentation|Knowledge analysis / Technological / Correlated errors x interaction graph omission|Model training / Technological / Correlated error structure omission|Model operation / Human / Loss of situational awareness|Knowledge analysis / Technological / Reliance on spurious features|Model training / Technological / Overfitting
P2,23,18000065,True,0.051150979947605875,,,Model operation / Technological / Collective robustness loss|Model operation / Technological / Communication loss / swarm fragmentation|Model operation / Technological / Cascading error propagation,Model operation / Technological / Collective robustness loss|Model operation / Technological / Communication loss / swarm fragmentation|Model operation / Technological / Cascading error propagation|Model operation / Technological / Correlated perception errors|Model operation / Technological / Dynamic topology,Model operation / Technological / Collective robustness loss|Model operation / Technological / Communication loss / swarm fragmentation|Model operation / Technological / Cascading error propagation|Model operation / Technological / Correlated perception errors|Model operation / Technological / Dynamic topology|Knowledge analysis / Technological / Correlated errors x interaction graph omission|Model operation / Human / Loss of situational awareness|Model training / Technological / Correlated error structure omission|Model training / Technological / Overfitting|Model training / Technological / Noise/blur/compression fragility
P2,24,18000066,False,0.11463774720924746,,,Model operation / Technological / Cascading error propagation|Model operation / Technological / Collective robustness loss|Model operation / Technological / Dynamic topology,Model operation / Technological / Cascading error propagation|Model operation / Technological / Collective robustness loss|Model operation / Technological / Dynamic topology|Model operation / Technological / Communication loss / swarm fragmentation|Model operation / Technological / Correlated perception errors,Model operation / Technological / Cascading error propagation|Model operation / Technological / Collective robustness loss|Model operation / Technological / Dynamic topology|Model operation / Technological / Communication loss / swarm fragmentation|Model operation / Technological / Correlated perception errors|Knowledge analysis / Technological / Correlated errors x interaction graph omission|Model operation / Human / Loss of situational awareness|Model training / Technological / Correlated error structure omission|Knowledge analysis / Technological / Reliance on spurious features|Model training / Technological / Noise/blur/compression fragility
P2,25,18000067,True,0.02695536813858267,,,Model operation / Technological / Collective robustness loss|Model operation / Technological / Cascading error propagation|Model operation / Technological / Communication loss / swarm fragmentation,Model operation / Technological / Collective robustness loss|Model operation / Technological / Cascading error propagation|Model operation / Technological / Communication loss / swarm fragmentation|Model operation / Technological / Correlated perception errors|Model operation / Technological / Dynamic topology,Model operation / Technological / Collective robustness loss|Model operation / Technological / Cascading error propagation|Model operation / Technological / Communication loss / swarm fragmentation|Model operation / Technological / Correlated perception errors|Model operation / Technological / Dynamic topology|Model operation / Human / Loss of situational awareness|Knowledge analysis / Technological / Correlated errors x interaction graph omission|Model training / Technological / Correlated error structure omission|Model training / Technological / Overfitting|Knowledge analysis / Technological / Reliance on spurious features
P2,26,18000068,True,0.044980023162630715,,,Model operation / Technological / Communication loss / swarm fragmentation|Model operation / Technological / Collective robustness loss|Model operation / Technological / Dynamic topology,Model operation / Technological / Communication loss / swarm fragmentation|Model operation / Technological / Collective robustness loss|Model operation / Technological / Dynamic topology|Model operation / Technological / Correlated perception errors|Model operation / Technological / Cascading error propagation,Model operation / Technological / Communication loss / swarm fragmentation|Model operation / Technological / Collective robustness loss|Model operation / Technological / Dynamic topology|Model operation / Technological / Correlated perception errors|Model operation / Technological / Cascading error propagation|Model training / Technological / Correlated error structure omission|Knowledge analysis / Technological / Correlated errors x interaction graph omission|Model operation / Human / Loss of situational awareness|Model training / Technological / Domain shift as technological robustness failure|Model training / Technological / Overfitting
P2,27,18000069,True,0.047466098248495896,,,Model operation / Technological / Cascading error propagation|Model operation / Technological / Dynamic topology|Model operation / Technological / Collective robustness loss,Model operation / Technological / Cascading error propagation|Model operation / Technological / Dynamic topology|Model operation / Technological / Collective robustness loss|Model operation / Technological / Correlated perception errors|Model operation / Technological / Communication loss / swarm fragmentation,Model operation / Technological / Cascading error propagation|Model operation / Technological / Dynamic topology|Model operation / Technological / Collective robustness loss|Model operation / Technological / Correlated perception errors|Model operation / Technological / Communication loss / swarm fragmentation|Knowledge analysis / Technological / Correlated errors x interaction graph omission|Model operation / Human / Loss of situational awareness|Model training / Technological / Correlated error structure omission|Knowledge analysis / Technological / Reliance on spurious features|Model training / Technological / Domain shift as technological robustness failure
P2,28,18000070,True,0.03489870228109862,,,Model operation / Technological / Communication loss / swarm fragmentation|Model operation / Technological / Cascading error propagation|Model operation / Technological / Collective robustness loss,Model operation / Technological / Communication loss / swarm fragmentation|Model operation / Technological / Cascading error propagation|Model operation / Technological / Collective robustness loss|Model operation / Technological / Correlated perception errors|Model operation / Technological / Dynamic topology,Model operation / Technological / Communication loss / swarm fragmentation|Model operation / Technological / Cascading error propagation|Model operation / Technological / Collective robustness loss|Model operation / Technological / Correlated perception errors|Model operation / Technological / Dynamic topology|Knowledge analysis / Technological / Correlated errors x interaction graph omission|Model training / Technological / Correlated error structure omission|Model operation / Human / Loss of situational awareness|Model training / Technological / Overfitting|Model training / Technological / Noise/blur/compression fragility
P2,29,18000071,False,0.10787413161516114,,,Model operation / Technological / Dynamic topology|Model operation / Technological / Correlated perception errors|Model operation / Technological / Cascading error propagation,Model operation / Technological / Dynamic topology|Model operation / Technological / Correlated perception errors|Model operation / Technological / Cascading error propagation|Model operation / Technological / Communication loss / swarm fragmentation|Model operation / Technological / Collective robustness loss,Model operation / Technological / Dynamic topology|Model operation / Technological / Correlated perception errors|Model operation / Technological / Cascading error propagation|Model operation / Technological / Communication loss / swarm fragmentation|Model operation / Technological / Collective robustness loss|Knowledge analysis / Technological / Correlated errors x interaction graph omission|Model training / Technological / Correlated error structure omission|Model operation / Human / Loss of situational awareness|Model training / Technological / Overfitting|Model training / Technological / Noise/blur/compression fragility
P2,30,18000072,True,0.04958944510393879,,,Model operation / Technological / Dynamic topology|Model operation / Technological / Correlated perception errors|Model operation / Technological / Collective robustness loss,Model operation / Technological / Dynamic topology|Model operation / Technological / Correlated perception errors|Model operation / Technological / Collective robustness loss|Model operation / Technological / Communication loss / swarm fragmentation|Model operation / Technological / Cascading error propagation,Model operation / Technological / Dynamic topology|Model operation / Technological / Correlated perception errors|Model operation / Technological / Collective robustness loss|Model operation / Technological / Communication loss / swarm fragmentation|Model operation / Technological / Cascading error propagation|Model training / Technological / Correlated error structure omission|Model operation / Human / Loss of situational awareness|Knowledge analysis / Technological / Correlated errors x interaction graph omission|Model training / Technological / Noise/blur/compression fragility|Model training / Technological / Domain shift as technological robustness failure
P2,31,18000073,True,0.045612675469864875,,,Model operation / Technological / Cascading error propagation|Model operation / Technological / Dynamic topology|Model operation / Technological / Collective robustness loss,Model operation / Technological / Cascading error propagation|Model operation / Technological / Dynamic topology|Model operation / Technological / Collective robustness loss|Model operation / Technological / Communication loss / swarm fragmentation|Model operation / Technological / Correlated perception errors,Model operation / Technological / Cascading error propagation|Model operation / Technological / Dynamic topology|Model operation / Technological / Collective robustness loss|Model operation / Technological / Communication loss / swarm fragmentation|Model operation / Technological / Correlated perception errors|Knowledge analysis / Technological / Correlated errors x interaction graph omission|Model training / Technological / Correlated error structure omission|Model operation / Human / Loss of situational awareness|Model training / Technological / Overfitting|Model training / Technological / Domain shift as technological robustness failure
P2,32,18000074,True,0.05332938618304018,,,Model operation / Technological / Cascading error propagation|Model operation / Technological / Correlated perception errors|Model operation / Technological / Communication loss / swarm fragmentation,Model operation / Technological / Cascading error propagation|Model operation / Technological / Correlated perception errors|Model operation / Technological / Communication loss / swarm fragmentation|Model operation / Technological / Dynamic topology|Model operation / Technological / Collective robustness loss,Model operation / Technological / Cascading error propagation|Model operation / Technological / Correlated perception errors|Model operation / Technological / Communication loss / swarm fragmentation|Model operation / Technological / Dynamic topology|Model operation / Technological / Collective robustness loss|Knowledge analysis / Technological / Correlated errors x interaction graph omission|Model training / Technological / Correlated error structure omission|Model operation / Human / Loss of situational awareness|Knowledge analysis / Technological / Reliance on spurious features|Model training / Technological / Noise/blur/compression fragility
P2,33,18000075,True,0.056436217552837675,,,Model operation / Technological / Collective robustness loss|Model operation / Technological / Cascading error propagation|Model operation / Technological / Correlated perception errors,Model operation / Technological / Collective robustness loss|Model operation / Technological / Cascading error propagation|Model operation / Technological / Correlated perception errors|Model operation / Technological / Communication loss / swarm fragmentation|Model operation / Technological / Dynamic topology,Model operation / Technological / Collective robustness loss|Model operation / Technological / Cascading error propagation|Model operation / Technological / Correlated perception errors|Model operation / Technological / Communication loss / swarm fragmentation|Model operation / Technological / Dynamic topology|Knowledge analysis / Technological / Correlated errors x interaction graph omission|Model operation / Human / Loss of situational awareness|Model training / Technological / Correlated error structure omission|Knowledge analysis / Technological / Reliance on spurious features|Model training / Technological / Noise/blur/compression fragility
P2,34,18000076,True,0.048241990418020936,,,Model operation / Technological / Communication loss / swarm fragmentation|Model operation / Technological / Cascading error propagation|Model operation / Technological / Correlated perception errors,Model operation / Technological / Communication loss / swarm fragmentation|Model operation / Technological / Cascading error propagation|Model operation / Technological / Correlated perception errors|Model operation / Technological / Dynamic topology|Knowledge analysis / Technological / Correlated errors x interaction graph omission,Model operation / Technological / Communication loss / swarm fragmentation|Model operation / Technological / Cascading error propagation|Model operation / Technological / Correlated perception errors|Model operation / Technological / Dynamic topology|Knowledge analysis / Technological / Correlated errors x interaction graph omission|Model operation / Technological / Collective robustness loss|Model training / Technological / Correlated error structure omission|Model operation / Human / Loss of situational awareness|Knowledge analysis / Technological / Reliance on spurious features|Model training / Technological / Noise/blur/compression fragility
P2,35,18000077,True,0.040700096485614935,,,Model operation / Technological / Dynamic topology|Model operation / Technological / Communication loss / swarm fragmentation|Model operation / Technological / Cascading error propagation,Model operation / Technological / Dynamic topology|Model operation / Technological / Communication loss / swarm fragmentation|Model operation / Technological / Cascading error propagation|Model operation / Technological / Correlated perception errors|Model operation / Technological / Collective robustness loss,Model operation / Technological / Dynamic topology|Model operation / Technological / Communication loss / swarm fragmentation|Model operation / Technological / Cascading error propagation|Model operation / Technological / Correlated perception errors|Model operation / Technological / Collective robustness loss|Knowledge analysis / Technological / Correlated errors x interaction graph omission|Model training / Technological / Correlated error structure omission|Model operation / Human / Loss of situational awareness|Model training / Technological / Overfitting|Model training / Technological / Noise/blur/compression fragility
P2,36,18000078,True,0.04368232275717616,,,Model operation / Technological / Correlated perception errors|Model operation / Technological / Dynamic topology|Model operation / Technological / Cascading error propagation,Model operation / Technological / Correlated perception errors|Model operation / Technological / Dynamic topology|Model operation / Technological / Cascading error propagation|Model operation / Technological / Collective robustness loss|Model operation / Technological / Communication loss / swarm fragmentation,Model operation / Technological / Correlated perception errors|Model operation / Technological / Dynamic topology|Model operation / Technological / Cascading error propagation|Model operation / Technological / Collective robustness loss|Model operation / Technological / Communication loss / swarm fragmentation|Knowledge analysis / Technological / Correlated errors x interaction graph omission|Model operation / Human / Loss of situational awareness|Model training / Technological / Correlated error structure omission|Knowledge analysis / Technological / Reliance on spurious features|Model training / Technological / Domain shift as technological robustness failure
P2,37,18000079,True,0.03227031666275833,,,Model operation / Technological / Dynamic topology|Model operation / Technological / Cascading error propagation|Model operation / Technological / Correlated perception errors,Model operation / Technological / Dynamic topology|Model operation / Technological / Cascading error propagation|Model operation / Technological / Correlated perception errors|Model operation / Technological / Collective robustness loss|Model operation / Technological / Communication loss / swarm fragmentation,Model operation / Technological / Dynamic topology|Model operation / Technological / Cascading error propagation|Model operation / Technological / Correlated perception errors|Model operation / Technological / Collective robustness loss|Model operation / Technological / Communication loss / swarm fragmentation|Knowledge analysis / Technological / Correlated errors x interaction graph omission|Model operation / Human / Loss of situational awareness|Model training / Technological / Correlated error structure omission|Model training / Technological / Overfitting|Model training / Technological / Noise/blur/compression fragility
P2,38,18000080,True,0.05112859040711531,,,Model operation / Technological / Collective robustness loss|Model operation / Technological / Communication loss / swarm fragmentation|Model operation / Technological / Dynamic topology,Model operation / Technological / Collective robustness loss|Model operation / Technological / Communication loss / swarm fragmentation|Model operation / Technological / Dynamic topology|Model operation / Technological / Correlated perception errors|Model operation / Technological / Cascading error propagation,Model operation / Technological / Collective robustness loss|Model operation / Technological / Communication loss / swarm fragmentation|Model operation / Technological / Dynamic topology|Model operation / Technological / Correlated perception errors|Model operation / Technological / Cascading error propagation|Knowledge analysis / Technological / Correlated errors x interaction graph omission|Model operation / Human / Loss of situational awareness|Model training / Technological / Correlated error structure omission|Model training / Technological / Noise/blur/compression fragility|Model training / Technological / Domain shift as technological robustness failure
P2,39,18000081,True,0.04071778094657155,,,Model operation / Technological / Communication loss / swarm fragmentation|Model operation / Technological / Dynamic topology|Model operation / Technological / Correlated perception errors,Model operation / Technological / Communication loss / swarm fragmentation|Model operation / Technological / Dynamic topology|Model operation / Technological / Correlated perception errors|Model operation / Technological / Collective robustness loss|Model operation / Technological / Cascading error propagation,Model operation / Technological / Communication loss / swarm fragmentation|Model operation / Technological / Dynamic topology|Model operation / Technological / Correlated perception errors|Model operation / Technological / Collective robustness loss|Model operation / Technological / Cascading error propagation|Knowledge analysis / Technological / Correlated errors x interaction graph omission|Model operation / Human / Loss of situational awareness|Model training / Technological / Correlated error structure omission|Knowledge analysis / Technological / Reliance on spurious features|Model training / Technological / Domain shift as technological robustness failure
P2,40,18000082,True,0.06871020750789825,,,Model operation / Technological / Correlated perception errors|Model operation / Technological / Collective robustness loss|Model operation / Technological / Communication loss / swarm fragmentation,Model operation / Technological / Correlated perception errors|Model operation / Technological / Collective robustness loss|Model operation / Technological / Communication loss / swarm fragmentation|Model operation / Technological / Cascading error propagation|Model operation / Technological / Dynamic topology,Model operation / Technological / Correlated perception errors|Model operation / Technological / Collective robustness loss|Model operation / Technological / Communication loss / swarm fragmentation|Model operation / Technological / Cascading error propagation|Model operation / Technological / Dynamic topology|Knowledge analysis / Technological / Correlated errors x interaction graph omission|Model training / Technological / Correlated error structure omission|Model operation / Human / Loss of situational awareness|Knowledge analysis / Technological / Reliance on spurious features|Model training / Technological / Noise/blur/compression fragility
P2,41,18000083,True,0.052311043290686726,,,Model operation / Technological / Correlated perception errors|Model operation / Technological / Cascading error propagation|Model operation / Technological / Collective robustness loss,Model operation / Technological / Correlated perception errors|Model operation / Technological / Cascading error propagation|Model operation / Technological / Collective robustness loss|Model operation / Technological / Dynamic topology|Model operation / Technological / Communication loss / swarm fragmentation,Model operation / Technological / Correlated perception errors|Model operation / Technological / Cascading error propagation|Model operation / Technological / Collective robustness loss|Model operation / Technological / Dynamic topology|Model operation / Technological / Communication loss / swarm fragmentation|Knowledge analysis / Technological / Correlated errors x interaction graph omission|Model operation / Human / Loss of situational awareness|Model training / Technological / Correlated error structure omission|Knowledge analysis / Technological / Reliance on spurious features|Model training / Technological / Domain shift as technological robustness failure
P2,42,18000084,True,0.037783595488928366,,,Model operation / Technological / Dynamic topology|Model operation / Technological / Cascading error propagation|Model operation / Technological / Collective robustness loss,Model operation / Technological / Dynamic topology|Model operation / Technological / Cascading error propagation|Model operation / Technological / Collective robustness loss|Model operation / Technological / Correlated perception errors|Model operation / Technological / Communication loss / swarm fragmentation,Model operation / Technological / Dynamic topology|Model operation / Technological / Cascading error propagation|Model operation / Technological / Collective robustness loss|Model operation / Technological / Correlated perception errors|Model operation / Technological / Communication loss / swarm fragmentation|Knowledge analysis / Technological / Correlated errors x interaction graph omission|Model operation / Human / Loss of situational awareness|Model training / Technological / Correlated error structure omission|Knowledge analysis / Technological / Reliance on spurious features|Model training / Technological / Domain shift as technological robustness failure
P2,43,18000085,True,0.041159309625350055,,,Model operation / Technological / Cascading error propagation|Model operation / Technological / Correlated perception errors|Model operation / Technological / Communication loss / swarm fragmentation,Model operation / Technological / Cascading error propagation|Model operation / Technological / Correlated perception errors|Model operation / Technological / Communication loss / swarm fragmentation|Model operation / Technological / Collective robustness loss|Model operation / Technological / Dynamic topology,Model operation / Technological / Cascading error propagation|Model operation / Technological / Correlated perception errors|Model operation / Technological / Communication loss / swarm fragmentation|Model operation / Technological / Collective robustness loss|Model operation / Technological / Dynamic topology|Knowledge analysis / Technological / Correlated errors x interaction graph omission|Model operation / Human / Loss of situational awareness|Model training / Technological / Correlated error structure omission|Knowledge analysis / Technological / Reliance on spurious features|Model training / Technological / Domain shift as technological robustness failure
P2,44,18000086,True,0.034888797692630445,,,Model operation / Technological / Dynamic topology|Model operation / Technological / Cascading error propagation|Model operation / Technological / Collective robustness loss,Model operation / Technological / Dynamic topology|Model operation / Technological / Cascading error propagation|Model operation / Technological / Collective robustness loss|Model operation / Technological / Correlated perception errors|Model operation / Technological / Communication loss / swarm fragmentation,Model operation / Technological / Dynamic topology|Model operation / Technological / Cascading error propagation|Model operation / Technological / Collective robustness loss|Model operation / Technological / Correlated perception errors|Model operation / Technological / Communication loss / swarm fragmentation|Model operation / Human / Loss of situational awareness|Knowledge analysis / Technological / Correlated errors x interaction graph omission|Model training / Technological / Correlated error structure omission|Knowledge analysis / Technological / Reliance on spurious features|Model training / Technological / Overfitting
P2,45,18000087,True,0.06117453614950838,,,Model operation / Technological / Correlated perception errors|Model operation / Technological / Collective robustness loss|Model operation / Technological / Communication loss / swarm fragmentation,Model operation / Technological / Correlated perception errors|Model operation / Technological / Collective robustness loss|Model operation / Technological / Communication loss / swarm fragmentation|Model operation / Technological / Cascading error propagation|Model operation / Technological / Dynamic topology,Model operation / Technological / Correlated perception errors|Model operation / Technological / Collective robustness loss|Model operation / Technological / Communication loss / swarm fragmentation|Model operation / Technological / Cascading error propagation|Model operation / Technological / Dynamic topology|Model training / Technological / Correlated error structure omission|Knowledge analysis / Technological / Correlated errors x interaction graph omission|Model operation / Human / Loss of situational awareness|Model training / Technological / Noise/blur/compression fragility|Model training / Technological / Domain shift as technological robustness failure
P2,46,18000088,True,0.06247236730891178,,,Model operation / Technological / Cascading error propagation|Model operation / Technological / Dynamic topology|Model operation / Technological / Communication loss / swarm fragmentation,Model operation / Technological / Cascading error propagation|Model operation / Technological / Dynamic topology|Model operation / Technological / Communication loss / swarm fragmentation|Model operation / Technological / Collective robustness loss|Model operation / Technological / Correlated perception errors,Model operation / Technological / Cascading error propagation|Model operation / Technological / Dynamic topology|Model operation / Technological / Communication loss / swarm fragmentation|Model operation / Technological / Collective robustness loss|Model operation / Technological / Correlated perception errors|Knowledge analysis / Technological / Correlated errors x interaction graph omission|Model operation / Human / Loss of situational awareness|Model training / Technological / Correlated error structure omission|Knowledge analysis / Technological / Reliance on spurious features|Model training / Technological / Overfitting
P2,47,18000089,True,0.08851198721339758,,,Model operation / Technological / Cascading error propagation|Model operation / Technological / Collective robustness loss|Model operation / Technological / Dynamic topology,Model operation / Technological / Cascading error propagation|Model operation / Technological / Collective robustness loss|Model operation / Technological / Dynamic topology|Model operation / Technological / Communication loss / swarm fragmentation|Model operation / Technological / Correlated perception errors,Model operation / Technological / Cascading error propagation|Model operation / Technological / Collective robustness loss|Model operation / Technological / Dynamic topology|Model operation / Technological / Communication loss / swarm fragmentation|Model operation / Technological / Correlated perception errors|Knowledge analysis / Technological / Correlated errors x interaction graph omission|Model operation / Human / Loss of situational awareness|Model training / Technological / Correlated error structure omission|Model training / Technological / Domain shift as technological robustness failure|Model training / Technological / Overfitting
P2,48,18000090,True,0.038417019820024184,,,Model operation / Technological / Correlated perception errors|Model operation / Technological / Collective robustness loss|Model operation / Technological / Cascading error propagation,Model operation / Technological / Correlated perception errors|Model operation / Technological / Collective robustness loss|Model operation / Technological / Cascading error propagation|Model operation / Technological / Dynamic topology|Model operation / Technological / Communication loss / swarm fragmentation,Model operation / Technological / Correlated perception errors|Model operation / Technological / Collective robustness loss|Model operation / Technological / Cascading error propagation|Model operation / Technological / Dynamic topology|Model operation / Technological / Communication loss / swarm fragmentation|Model training / Technological / Correlated error structure omission|Model operation / Human / Loss of situational awareness|Knowledge analysis / Technological / Correlated errors x interaction graph omission|Model training / Technological / Noise/blur/compression fragility|Model training / Technological / Overfitting
P2,49,18000091,True,0.042752809174190096,,,Model operation / Technological / Cascading error propagation|Model operation / Technological / Communication loss / swarm fragmentation|Model operation / Technological / Correlated perception errors,Model operation / Technological / Cascading error propagation|Model operation / Technological / Communication loss / swarm fragmentation|Model operation / Technological / Correlated perception errors|Model operation / Technological / Collective robustness loss|Model operation / Technological / Dynamic topology,Model operation / Technological / Cascading error propagation|Model operation / Technological / Communication loss / swarm fragmentation|Model operation / Technological / Correlated perception errors|Model operation / Technological / Collective robustness loss|Model operation / Technological / Dynamic topology|Knowledge analysis / Technological / Correlated errors x interaction graph omission|Model operation / Human / Loss of situational awareness|Model training / Technological / Correlated error structure omission|Model training / Technological / Domain shift as technological robustness failure|Knowledge analysis / Technological / Reliance on spurious features
P2,50,18000092,False,0.16987324384658242,,,Model operation / Technological / Cascading error propagation|Model operation / Technological / Correlated perception errors|Model operation / Technological / Communication loss / swarm fragmentation,Model operation / Technological / Cascading error propagation|Model operation / Technological / Correlated perception errors|Model operation / Technological / Communication loss / swarm fragmentation|Model operation / Technological / Dynamic topology|Model operation / Technological / Collective robustness loss,Model operation / Technological / Cascading error propagation|Model operation / Technological / Correlated perception errors|Model operation / Technological / Communication loss / swarm fragmentation|Model operation / Technological / Dynamic topology|Model operation / Technological / Collective robustness loss|Knowledge analysis / Technological / Correlated errors x interaction graph omission|Model training / Technological / Correlated error structure omission|Model operation / Human / Loss of situational awareness|Model training / Technological / Domain shift as technological robustness failure|Model training / Technological / Noise/blur/compression fragility
P2,51,18000093,True,0.044210083346001225,,,Model operation / Technological / Dynamic topology|Model operation / Technological / Communication loss / swarm fragmentation|Model operation / Technological / Collective robustness loss,Model operation / Technological / Dynamic topology|Model operation / Technological / Communication loss / swarm fragmentation|Model operation / Technological / Collective robustness loss|Model operation / Technological / Correlated perception errors|Model operation / Technological / Cascading error propagation,Model operation / Technological / Dynamic topology|Model operation / Technological / Communication loss / swarm fragmentation|Model operation / Technological / Collective robustness loss|Model operation / Technological / Correlated perception errors|Model operation / Technological / Cascading error propagation|Knowledge analysis / Technological / Correlated errors x interaction graph omission|Model training / Technological / Correlated error structure omission|Model operation / Human / Loss of situational awareness|Model training / Technological / Domain shift as technological robustness failure|Model training / Technological / Noise/blur/compression fragility
P2,52,18000094,True,0.06508669644564967,,,Model operation / Technological / Dynamic topology|Model operation / Technological / Collective robustness loss|Model operation / Technological / Communication loss / swarm fragmentation,Model operation / Technological / Dynamic topology|Model operation / Technological / Collective robustness loss|Model operation / Technological / Communication loss / swarm fragmentation|Model operation / Technological / Cascading error propagation|Model operation / Technological / Correlated perception errors,Model operation / Technological / Dynamic topology|Model operation / Technological / Collective robustness loss|Model operation / Technological / Communication loss / swarm fragmentation|Model operation / Technological / Cascading error propagation|Model operation / Technological / Correlated perception errors|Model operation / Human / Loss of situational awareness|Model training / Technological / Correlated error structure omission|Knowledge analysis / Technological / Correlated errors x interaction graph omission|Knowledge analysis / Technological / Reliance on spurious features|Model training / Technological / Noise/blur/compression fragility
P2,53,18000095,True,0.074791307342055,,,Model operation / Technological / Collective robustness loss|Model operation / Technological / Cascading error propagation|Model operation / Technological / Dynamic topology,Model operation / Technological / Collective robustness loss|Model operation / Technological / Cascading error propagation|Model operation / Technological / Dynamic topology|Model operation / Technological / Communication loss / swarm fragmentation|Model operation / Technological / Correlated perception errors,Model operation / Technological / Collective robustness loss|Model operation / Technological / Cascading error propagation|Model operation / Technological / Dynamic topology|Model operation / Technological / Communication loss / swarm fragmentation|Model operation / Technological / Correlated perception errors|Knowledge analysis / Technological / Correlated errors x interaction graph omission|Model training / Technological / Correlated error structure omission|Model operation / Human / Loss of situational awareness|Knowledge analysis / Technological / Reliance on spurious features|Model training / Technological / Domain shift as technological robustness failure
P2,54,18000096,True,0.04828466153578213,,,Model operation / Technological / Correlated perception errors|Model operation / Technological / Dynamic topology|Model operation / Technological / Cascading error propagation,Model operation / Technological / Correlated perception errors|Model operation / Technological / Dynamic topology|Model operation / Technological / Cascading error propagation|Model operation / Technological / Collective robustness loss|Model operation / Technological / Communication loss / swarm fragmentation,Model operation / Technological / Correlated perception errors|Model operation / Technological / Dynamic topology|Model operation / Technological / Cascading error propagation|Model operation / Technological / Collective robustness loss|Model operation / Technological / Communication loss / swarm fragmentation|Model operation / Human / Loss of situational awareness|Knowledge analysis / Technological / Correlated errors x interaction graph omission|Model training / Technological / Correlated error structure omission|Knowledge selection / Human / Missing operational scenarios|Knowledge selection / Human / Dataset bias / spatial bias
P2,55,18000097,True,0.02925275008824048,,,Model operation / Technological / Dynamic topology|Model operation / Technological / Cascading error propagation|Model operation / Technological / Correlated perception errors,Model operation / Technological / Dynamic topology|Model operation / Technological / Cascading error propagation|Model operation / Technological / Correlated perception errors|Model operation / Technological / Collective robustness loss|Model operation / Technological / Communication loss / swarm fragmentation,Model operation / Technological / Dynamic topology|Model operation / Technological / Cascading error propagation|Model operation / Technological / Correlated perception errors|Model operation / Technological / Collective robustness loss|Model operation / Technological / Communication loss / swarm fragmentation|Model operation / Human / Loss of situational awareness|Model training / Technological / Correlated error structure omission|Knowledge analysis / Technological / Correlated errors x interaction graph omission|Model training / Technological / Noise/blur/compression fragility|Model training / Technological / Domain shift as technological robustness failure
P2,56,18000098,True,0.040976269286985424,,,Model operation / Technological / Communication loss / swarm fragmentation|Model operation / Technological / Correlated perception errors|Model operation / Technological / Collective robustness loss,Model operation / Technological / Communication loss / swarm fragmentation|Model operation / Technological / Correlated perception errors|Model operation / Technological / Collective robustness loss|Model operation / Technological / Cascading error propagation|Model operation / Technological / Dynamic topology,Model operation / Technological / Communication loss / swarm fragmentation|Model operation / Technological / Correlated perception errors|Model operation / Technological / Collective robustness loss|Model operation / Technological / Cascading error propagation|Model operation / Technological / Dynamic topology|Knowledge analysis / Technological / Correlated errors x interaction graph omission|Model training / Technological / Correlated error structure omission|Model operation / Human / Loss of situational awareness|Model training / Technological / Domain shift as technological robustness failure|Model training / Technological / Noise/blur/compression fragility
P2,57,18000099,True,0.03628658640159601,,,Model operation / Technological / Cascading error propagation|Model operation / Technological / Correlated perception errors|Model operation / Technological / Dynamic topology,Model operation / Technological / Cascading error propagation|Model operation / Technological / Correlated perception errors|Model operation / Technological / Dynamic topology|Model operation / Technological / Collective robustness loss|Model operation / Technological / Communication loss / swarm fragmentation,Model operation / Technological / Cascading error propagation|Model operation / Technological / Correlated perception errors|Model operation / Technological / Dynamic topology|Model operation / Technological / Collective robustness loss|Model operation / Technological / Communication loss / swarm fragmentation|Model operation / Human / Loss of situational awareness|Knowledge analysis / Technological / Correlated errors x interaction graph omission|Knowledge analysis / Technological / Reliance on spurious features|Model training / Technological / Correlated error structure omission|Model training / Technological / Domain shift as technological robustness failure
P2,58,18000100,True,0.04876154478691398,,,Model operation / Technological / Dynamic topology|Model operation / Technological / Collective robustness loss|Model operation / Technological / Correlated perception errors,Model operation / Technological / Dynamic topology|Model operation / Technological / Collective robustness loss|Model operation / Technological / Correlated perception errors|Model operation / Technological / Communication loss / swarm fragmentation|Model operation / Technological / Cascading error propagation,Model operation / Technological / Dynamic topology|Model operation / Technological / Collective robustness loss|Model operation / Technological / Correlated perception errors|Model operation / Technological / Communication loss / swarm fragmentation|Model operation / Technological / Cascading error propagation|Knowledge analysis / Technological / Correlated errors x interaction graph omission|Model training / Technological / Correlated error structure omission|Model operation / Human / Loss of situational awareness|Model training / Technological / Overfitting|Model training / Technological / Domain shift as technological robustness failure
P2,59,18000101,True,0.030723672349783085,,,Model operation / Technological / Correlated perception errors|Model operation / Technological / Dynamic topology|Model operation / Technological / Cascading error propagation,Model operation / Technological / Correlated perception errors|Model operation / Technological / Dynamic topology|Model operation / Technological / Cascading error propagation|Model operation / Technological / Communication loss / swarm fragmentation|Model operation / Technological / Collective robustness loss,Model operation / Technological / Correlated perception errors|Model operation / Technological / Dynamic topology|Model operation / Technological / Cascading error propagation|Model operation / Technological / Communication loss / swarm fragmentation|Model operation / Technological / Collective robustness loss|Model training / Technological / Correlated error structure omission|Knowledge analysis / Technological / Correlated errors x interaction graph omission|Model operation / Human / Loss of situational awareness|Model training / Technological / Noise/blur/compression fragility|Model training / Technological / Domain shift as technological robustness failure
P2,60,18000102,True,0.047172125866086045,,,Model operation / Technological / Cascading error propagation|Model operation / Technological / Communication loss / swarm fragmentation|Model operation / Technological / Correlated perception errors,Model operation / Technological / Cascading error propagation|Model operation / Technological / Communication loss / swarm fragmentation|Model operation / Technological / Correlated perception errors|Model operation / Technological / Collective robustness loss|Model operation / Technological / Dynamic topology,Model operation / Technological / Cascading error propagation|Model operation / Technological / Communication loss / swarm fragmentation|Model operation / Technological / Correlated perception errors|Model operation / Technological / Collective robustness loss|Model operation / Technological / Dynamic topology|Model operation / Human / Loss of situational awareness|Model training / Technological / Correlated error structure omission|Knowledge analysis / Technological / Correlated errors x interaction graph omission|Model training / Technological / Overfitting|Model training / Technological / Domain shift as technological robustness failure
P2,61,18000103,True,0.05301095251847455,,,Model operation / Technological / Collective robustness loss|Model operation / Technological / Dynamic topology|Model operation / Technological / Correlated perception errors,Model operation / Technological / Collective robustness loss|Model operation / Technological / Dynamic topology|Model operation / Technological / Correlated perception errors|Model operation / Technological / Communication loss / swarm fragmentation|Model operation / Technological / Cascading error propagation,Model operation / Technological / Collective robustness loss|Model operation / Technological / Dynamic topology|Model operation / Technological / Correlated perception errors|Model operation / Technological / Communication loss / swarm fragmentation|Model operation / Technological / Cascading error propagation|Knowledge analysis / Technological / Correlated errors x interaction graph omission|Model operation / Human / Loss of situational awareness|Model training / Technological / Correlated error structure omission|Knowledge analysis / Technological / Reliance on spurious features|Model training / Technological / Noise/blur/compression fragility
P2,62,18000104,True,0.08867044708518179,,,Model operation / Technological / Collective robustness loss|Model operation / Technological / Communication loss / swarm fragmentation|Model operation / Technological / Cascading error propagation,Model operation / Technological / Collective robustness loss|Model operation / Technological / Communication loss / swarm fragmentation|Model operation / Technological / Cascading error propagation|Model operation / Technological / Dynamic topology|Model operation / Technological / Correlated perception errors,Model operation / Technological / Collective robustness loss|Model operation / Technological / Communication loss / swarm fragmentation|Model operation / Technological / Cascading error propagation|Model operation / Technological / Dynamic topology|Model operation / Technological / Correlated perception errors|Knowledge analysis / Technological / Correlated errors x interaction graph omission|Model training / Technological / Correlated error structure omission|Model operation / Human / Loss of situational awareness|Model training / Technological / Overfitting|Model training / Technological / Noise/blur/compression fragility
P2,63,18000105,True,0.038200422524629525,,,Model operation / Technological / Cascading error propagation|Model operation / Technological / Dynamic topology|Model operation / Technological / Communication loss / swarm fragmentation,Model operation / Technological / Cascading error propagation|Model operation / Technological / Dynamic topology|Model operation / Technological / Communication loss / swarm fragmentation|Model operation / Technological / Collective robustness loss|Model operation / Technological / Correlated perception errors,Model operation / Technological / Cascading error propagation|Model operation / Technological / Dynamic topology|Model operation / Technological / Communication loss / swarm fragmentation|Model operation / Technological / Collective robustness loss|Model operation / Technological / Correlated perception errors|Model training / Technological / Correlated error structure omission|Knowledge analysis / Technological / Correlated errors x interaction graph omission|Model operation / Human / Loss of situational awareness|Model training / Technological / Domain shift as technological robustness failure|Model training / Technological / Noise/blur/compression fragility
P2,64,18000106,True,0.03495126793819136,,,Model operation / Technological / Cascading error propagation|Model operation / Technological / Communication loss / swarm fragmentation|Model operation / Technological / Dynamic topology,Model operation / Technological / Cascading error propagation|Model operation / Technological / Communication loss / swarm fragmentation|Model operation / Technological / Dynamic topology|Model operation / Technological / Correlated perception errors|Model operation / Technological / Collective robustness loss,Model operation / Technological / Cascading error propagation|Model operation / Technological / Communication loss / swarm fragmentation|Model operation / Technological / Dynamic topology|Model operation / Technological / Correlated perception errors|Model operation / Technological / Collective robustness loss|Knowledge analysis / Technological / Correlated errors x interaction graph omission|Model training / Technological / Correlated error structure omission|Model operation / Human / Loss of situational awareness|Model training / Technological / Noise/blur/compression fragility|Model training / Technological / Domain shift as technological robustness failure
P2,65,18000107,True,0.039814105872582196,,,Model operation / Technological / Collective robustness loss|Model operation / Technological / Cascading error propagation|Model operation / Technological / Dynamic topology,Model operation / Technological / Collective robustness loss|Model operation / Technological / Cascading error propagation|Model operation / Technological / Dynamic topology|Model operation / Technological / Correlated perception errors|Model operation / Technological / Communication loss / swarm fragmentation,Model operation / Technological / Collective robustness loss|Model operation / Technological / Cascading error propagation|Model operation / Technological / Dynamic topology|Model operation / Technological / Correlated perception errors|Model operation / Technological / Communication loss / swarm fragmentation|Model operation / Human / Loss of situational awareness|Knowledge analysis / Technological / Correlated errors x interaction graph omission|Model training / Technological / Correlated error structure omission|Knowledge analysis / Technological / Reliance on spurious features|Model training / Technological / Domain shift as technological robustness failure
P2,66,18000108,True,0.03103800395106235,,,Model operation / Technological / Communication loss / swarm fragmentation|Model operation / Technological / Dynamic topology|Model operation / Technological / Collective robustness loss,Model operation / Technological / Communication loss / swarm fragmentation|Model operation / Technological / Dynamic topology|Model operation / Technological / Collective robustness loss|Model operation / Technological / Correlated perception errors|Model operation / Technological / Cascading error propagation,Model operation / Technological / Communication loss / swarm fragmentation|Model operation / Technological / Dynamic topology|Model operation / Technological / Collective robustness loss|Model operation / Technological / Correlated perception errors|Model operation / Technological / Cascading error propagation|Model training / Technological / Correlated error structure omission|Model operation / Human / Loss of situational awareness|Knowledge analysis / Technological / Correlated errors x interaction graph omission|Model training / Technological / Domain shift as technological robustness failure|Model training / Technological / Noise/blur/compression fragility
P2,67,18000109,False,0.11218468571196209,Model operation / Human,,Model operation / Technological / Dynamic topology|Model operation / Technological / Cascading error propagation|Model operation / Technological / Communication loss / swarm fragmentation,Model operation / Technological / Dynamic topology|Model operation / Technological / Cascading error propagation|Model operation / Technological / Communication loss / swarm fragmentation|Model operation / Technological / Correlated perception errors|Model operation / Technological / Collective robustness loss,Model operation / Technological / Dynamic topology|Model operation / Technological / Cascading error propagation|Model operation / Technological / Communication loss / swarm fragmentation|Model operation / Technological / Correlated perception errors|Model operation / Technological / Collective robustness loss|Model operation / Human / Loss of situational awareness|Knowledge analysis / Technological / Correlated errors x interaction graph omission|Model training / Technological / Correlated error structure omission|Knowledge analysis / Technological / Reliance on spurious features|Model training / Technological / Domain shift as technological robustness failure
P2,68,18000110,True,0.08682590293457476,,,Model operation / Technological / Collective robustness loss|Model operation / Technological / Correlated perception errors|Model operation / Technological / Cascading error propagation,Model operation / Technological / Collective robustness loss|Model operation / Technological / Correlated perception errors|Model operation / Technological / Cascading error propagation|Model operation / Technological / Communication loss / swarm fragmentation|Model operation / Technological / Dynamic topology,Model operation / Technological / Collective robustness loss|Model operation / Technological / Correlated perception errors|Model operation / Technological / Cascading error propagation|Model operation / Technological / Communication loss / swarm fragmentation|Model operation / Technological / Dynamic topology|Model training / Technological / Correlated error structure omission|Knowledge analysis / Technological / Correlated errors x interaction graph omission|Model operation / Human / Loss of situational awareness|Model training / Technological / Domain shift as technological robustness failure|Model training / Technological / Overfitting
P2,69,18000111,False,0.10113867801940321,,,Model operation / Technological / Dynamic topology|Model operation / Technological / Communication loss / swarm fragmentation|Model operation / Technological / Cascading error propagation,Model operation / Technological / Dynamic topology|Model operation / Technological / Communication loss / swarm fragmentation|Model operation / Technological / Cascading error propagation|Model operation / Technological / Collective robustness loss|Model operation / Technological / Correlated perception errors,Model operation / Technological / Dynamic topology|Model operation / Technological / Communication loss / swarm fragmentation|Model operation / Technological / Cascading error propagation|Model operation / Technological / Collective robustness loss|Model operation / Technological / Correlated perception errors|Model training / Technological / Correlated error structure omission|Knowledge analysis / Technological / Correlated errors x interaction graph omission|Model operation / Human / Loss of situational awareness|Model training / Technological / Overfitting|Model training / Technological / Noise/blur/compression fragility
P2,70,18000112,False,0.13485371938276386,,,Model operation / Technological / Communication loss / swarm fragmentation|Model operation / Technological / Collective robustness loss|Model operation / Technological / Dynamic topology,Model operation / Technological / Communication loss / swarm fragmentation|Model operation / Technological / Collective robustness loss|Model operation / Technological / Dynamic topology|Model operation / Technological / Cascading error propagation|Model operation / Technological / Correlated perception errors,Model operation / Technological / Communication loss / swarm fragmentation|Model operation / Technological / Collective robustness loss|Model operation / Technological / Dynamic topology|Model operation / Technological / Cascading error propagation|Model operation / Technological / Correlated perception errors|Knowledge analysis / Technological / Correlated errors x interaction graph omission|Model operation / Human / Loss of situational awareness|Model training / Technological / Correlated error structure omission|Model training / Technological / Noise/blur/compression fragility|Model training / Technological / Overfitting
P2,71,18000113,True,0.03899344803940904,,,Model operation / Technological / Collective robustness loss|Model operation / Technological / Communication loss / swarm fragmentation|Model operation / Technological / Correlated perception errors,Model operation / Technological / Collective robustness loss|Model operation / Technological / Communication loss / swarm fragmentation|Model operation / Technological / Correlated perception errors|Model operation / Technological / Cascading error propagation|Model operation / Technological / Dynamic topology,Model operation / Technological / Collective robustness loss|Model operation / Technological / Communication loss / swarm fragmentation|Model operation / Technological / Correlated perception errors|Model operation / Technological / Cascading error propagation|Model operation / Technological / Dynamic topology|Model operation / Human / Loss of situational awareness|Knowledge analysis / Technological / Correlated errors x interaction graph omission|Model training / Technological / Correlated error structure omission|Model training / Technological / Noise/blur/compression fragility|Model training / Technological / Domain shift as technological robustness failure
P2,72,18000114,True,0.04658634814803973,,,Model operation / Technological / Cascading error propagation|Model operation / Technological / Communication loss / swarm fragmentation|Model operation / Technological / Dynamic topology,Model operation / Technological / Cascading error propagation|Model operation / Technological / Communication loss / swarm fragmentation|Model operation / Technological / Dynamic topology|Model operation / Technological / Correlated perception errors|Model operation / Technological / Collective robustness loss,Model operation / Technological / Cascading error propagation|Model operation / Technological / Communication loss / swarm fragmentation|Model operation / Technological / Dynamic topology|Model operation / Technological / Correlated perception errors|Model operation / Technological / Collective robustness loss|Knowledge analysis / Technological / Correlated errors x interaction graph omission|Model operation / Human / Loss of situational awareness|Model training / Technological / Correlated error structure omission|Knowledge analysis / Technological / Reliance on spurious features|Model training / Technological / Domain shift as technological robustness failure
P2,73,18000115,True,0.041838281419166616,,,Model operation / Technological / Collective robustness loss|Model operation / Technological / Dynamic topology|Model operation / Technological / Communication loss / swarm fragmentation,Model operation / Technological / Collective robustness loss|Model operation / Technological / Dynamic topology|Model operation / Technological / Communication loss / swarm fragmentation|Model operation / Technological / Correlated perception errors|Model operation / Technological / Cascading error propagation,Model operation / Technological / Collective robustness loss|Model operation / Technological / Dynamic topology|Model operation / Technological / Communication loss / swarm fragmentation|Model operation / Technological / Correlated perception errors|Model operation / Technological / Cascading error propagation|Knowledge analysis / Technological / Correlated errors x interaction graph omission|Model training / Technological / Correlated error structure omission|Model operation / Human / Loss of situational awareness|Model training / Technological / Domain shift as technological robustness failure|Knowledge analysis / Technological / Reliance on spurious features
P2,74,18000116,True,0.06702586148711882,,,Model operation / Technological / Cascading error propagation|Model operation / Technological / Collective robustness loss|Model operation / Technological / Correlated perception errors,Model operation / Technological / Cascading error propagation|Model operation / Technological / Collective robustness loss|Model operation / Technological / Correlated perception errors|Model operation / Technological / Dynamic topology|Model operation / Technological / Communication loss / swarm fragmentation,Model operation / Technological / Cascading error propagation|Model operation / Technological / Collective robustness loss|Model operation / Technological / Correlated perception errors|Model operation / Technological / Dynamic topology|Model operation / Technological / Communication loss / swarm fragmentation|Knowledge analysis / Technological / Correlated errors x interaction graph omission|Model operation / Human / Loss of situational awareness|Model training / Technological / Correlated error structure omission|Model training / Technological / Noise/blur/compression fragility|Model training / Technological / Overfitting
P2,75,18000117,True,0.04394354632637224,,,Model operation / Technological / Correlated perception errors|Model operation / Technological / Dynamic topology|Model operation / Technological / Cascading error propagation,Model operation / Technological / Correlated perception errors|Model operation / Technological / Dynamic topology|Model operation / Technological / Cascading error propagation|Model operation / Technological / Communication loss / swarm fragmentation|Model operation / Technological / Collective robustness loss,Model operation / Technological / Correlated perception errors|Model operation / Technological / Dynamic topology|Model operation / Technological / Cascading error propagation|Model operation / Technological / Communication loss / swarm fragmentation|Model operation / Technological / Collective robustness loss|Model training / Technological / Correlated error structure omission|Model operation / Human / Loss of situational awareness|Knowledge analysis / Technological / Correlated errors x interaction graph omission|Model training / Technological / Domain shift as technological robustness failure|Model training / Technological / Overfitting
P2,76,18000118,True,0.039691739092970475,,,Model operation / Technological / Dynamic topology|Model operation / Technological / Collective robustness loss|Model operation / Technological / Correlated perception errors,Model operation / Technological / Dynamic topology|Model operation / Technological / Collective robustness loss|Model operation / Technological / Correlated perception errors|Model operation / Technological / Communication loss / swarm fragmentation|Model operation / Technological / Cascading error propagation,Model operation / Technological / Dynamic topology|Model operation / Technological / Collective robustness loss|Model operation / Technological / Correlated perception errors|Model operation / Technological / Communication loss / swarm fragmentation|Model operation / Technological / Cascading error propagation|Knowledge analysis / Technological / Correlated errors x interaction graph omission|Model training / Technological / Correlated error structure omission|Model operation / Human / Loss of situational awareness|Model training / Technological / Noise/blur/compression fragility|Model training / Technological / Domain shift as technological robustness failure
P2,77,18000119,True,0.09683949763467889,,,Model operation / Technological / Dynamic topology|Model operation / Technological / Cascading error propagation|Model operation / Technological / Correlated perception errors,Model operation / Technological / Dynamic topology|Model operation / Technological / Cascading error propagation|Model operation / Technological / Correlated perception errors|Model operation / Technological / Collective robustness loss|Model operation / Technological / Communication loss / swarm fragmentation,Model operation / Technological / Dynamic topology|Model operation / Technological / Cascading error propagation|Model operation / Technological / Correlated perception errors|Model operation / Technological / Collective robustness loss|Model operation / Technological / Communication loss / swarm fragmentation|Knowledge analysis / Technological / Correlated errors x interaction graph omission|Model operation / Human / Loss of situational awareness|Model training / Technological / Correlated error structure omission|Model training / Technological / Overfitting|Model training / Technological / Domain shift as technological robustness failure
P2,78,18000120,False,0.11814556899617892,,,Model operation / Technological / Collective robustness loss|Model operation / Technological / Communication loss / swarm fragmentation|Model operation / Technological / Correlated perception errors,Model operation / Technological / Collective robustness loss|Model operation / Technological / Communication loss / swarm fragmentation|Model operation / Technological / Correlated perception errors|Model operation / Technological / Dynamic topology|Model operation / Technological / Cascading error propagation,Model operation / Technological / Collective robustness loss|Model operation / Technological / Communication loss / swarm fragmentation|Model operation / Technological / Correlated perception errors|Model operation / Technological / Dynamic topology|Model operation / Technological / Cascading error propagation|Model training / Technological / Correlated error structure omission|Model operation / Human / Loss of situational awareness|Knowledge analysis / Technological / Correlated errors x interaction graph omission|Model training / Technological / Overfitting|Model training / Technological / Noise/blur/compression fragility
P2,79,18000121,True,0.04163167664434289,,,Model operation / Technological / Dynamic topology|Model operation / Technological / Collective robustness loss|Model operation / Technological / Cascading error propagation,Model operation / Technological / Dynamic topology|Model operation / Technological / Collective robustness loss|Model operation / Technological / Cascading error propagation|Model operation / Technological / Correlated perception errors|Model operation / Technological / Communication loss / swarm fragmentation,Model operation / Technological / Dynamic topology|Model operation / Technological / Collective robustness loss|Model operation / Technological / Cascading error propagation|Model operation / Technological / Correlated perception errors|Model operation / Technological / Communication loss / swarm fragmentation|Knowledge analysis / Technological / Correlated errors x interaction graph omission|Model training / Technological / Correlated error structure omission|Model operation / Human / Loss of situational awareness|Model training / Technological / Overfitting|Model training / Technological / Noise/blur/compression fragility
P2,80,18000122,True,0.04368232275717714,,,Model operation / Technological / Collective robustness loss|Model operation / Technological / Correlated perception errors|Model operation / Technological / Dynamic topology,Model operation / Technological / Collective robustness loss|Model operation / Technological / Correlated perception errors|Model operation / Technological / Dynamic topology|Model operation / Technological / Communication loss / swarm fragmentation|Model operation / Technological / Cascading error propagation,Model operation / Technological / Collective robustness loss|Model operation / Technological / Correlated perception errors|Model operation / Technological / Dynamic topology|Model operation / Technological / Communication loss / swarm fragmentation|Model operation / Technological / Cascading error propagation|Knowledge analysis / Technological / Correlated errors x interaction graph omission|Model operation / Human / Loss of situational awareness|Model training / Technological / Correlated error structure omission|Knowledge analysis / Technological / Reliance on spurious features|Model training / Technological / Noise/blur/compression fragility
P2,81,18000123,True,0.04154550670516054,,,Model operation / Technological / Dynamic topology|Model operation / Technological / Correlated perception errors|Model operation / Technological / Communication loss / swarm fragmentation,Model operation / Technological / Dynamic topology|Model operation / Technological / Correlated perception errors|Model operation / Technological / Communication loss / swarm fragmentation|Model operation / Technological / Cascading error propagation|Model operation / Technological / Collective robustness loss,Model operation / Technological / Dynamic topology|Model operation / Technological / Correlated perception errors|Model operation / Technological / Communication loss / swarm fragmentation|Model operation / Technological / Cascading error propagation|Model operation / Technological / Collective robustness loss|Model operation / Human / Loss of situational awareness|Knowledge analysis / Technological / Correlated errors x interaction graph omission|Model training / Technological / Correlated error structure omission|Knowledge analysis / Technological / Reliance on spurious features|Knowledge selection / Human / Data representativeness / representativeness gap
P2,82,18000124,True,0.06264929430232026,,,Model operation / Technological / Correlated perception errors|Model operation / Technological / Collective robustness loss|Model operation / Technological / Communication loss / swarm fragmentation,Model operation / Technological / Correlated perception errors|Model operation / Technological / Collective robustness loss|Model operation / Technological / Communication loss / swarm fragmentation|Model operation / Technological / Cascading error propagation|Model operation / Technological / Dynamic topology,Model operation / Technological / Correlated perception errors|Model operation / Technological / Collective robustness loss|Model operation / Technological / Communication loss / swarm fragmentation|Model operation / Technological / Cascading error propagation|Model operation / Technological / Dynamic topology|Knowledge analysis / Technological / Correlated errors x interaction graph omission|Model operation / Human / Loss of situational awareness|Model training / Technological / Correlated error structure omission|Knowledge analysis / Technological / Reliance on spurious features|Model training / Technological / Overfitting
P2,83,18000125,True,0.05403729220814385,,,Model operation / Technological / Dynamic topology|Model operation / Technological / Cascading error propagation|Model operation / Technological / Communication loss / swarm fragmentation,Model operation / Technological / Dynamic topology|Model operation / Technological / Cascading error propagation|Model operation / Technological / Communication loss / swarm fragmentation|Model operation / Technological / Collective robustness loss|Model operation / Technological / Correlated perception errors,Model operation / Technological / Dynamic topology|Model operation / Technological / Cascading error propagation|Model operation / Technological / Communication loss / swarm fragmentation|Model operation / Technological / Collective robustness loss|Model operation / Technological / Correlated perception errors|Knowledge analysis / Technological / Correlated errors x interaction graph omission|Model training / Technological / Correlated error structure omission|Model operation / Human / Loss of situational awareness|Model training / Technological / Overfitting|Knowledge analysis / Technological / Reliance on spurious features
P2,84,18000126,True,0.038406546518423526,,,Model operation / Technological / Correlated perception errors|Model operation / Technological / Cascading error propagation|Model operation / Technological / Communication loss / swarm fragmentation,Model operation / Technological / Correlated perception errors|Model operation / Technological / Cascading error propagation|Model operation / Technological / Communication loss / swarm fragmentation|Model operation / Technological / Collective robustness loss|Model operation / Technological / Dynamic topology,Model operation / Technological / Correlated perception errors|Model operation / Technological / Cascading error propagation|Model operation / Technological / Communication loss / swarm fragmentation|Model operation / Technological / Collective robustness loss|Model operation / Technological / Dynamic topology|Knowledge analysis / Technological / Correlated errors x interaction graph omission|Model training / Technological / Correlated error structure omission|Model operation / Human / Loss of situational awareness|Model training / Technological / Noise/blur/compression fragility|Model training / Technological / Domain shift as technological robustness failure
P2,85,18000127,False,0.11739861206305471,,,Model operation / Technological / Collective robustness loss|Model operation / Technological / Communication loss / swarm fragmentation|Model operation / Technological / Correlated perception errors,Model operation / Technological / Collective robustness loss|Model operation / Technological / Communication loss / swarm fragmentation|Model operation / Technological / Correlated perception errors|Model operation / Technological / Dynamic topology|Model operation / Technological / Cascading error propagation,Model operation / Technological / Collective robustness loss|Model operation / Technological / Communication loss / swarm fragmentation|Model operation / Technological / Correlated perception errors|Model operation / Technological / Dynamic topology|Model operation / Technological / Cascading error propagation|Knowledge analysis / Technological / Correlated errors x interaction graph omission|Model operation / Human / Loss of situational awareness|Model training / Technological / Correlated error structure omission|Knowledge analysis / Technological / Reliance on spurious features|Model training / Technological / Noise/blur/compression fragility
P2,86,18000128,True,0.03544432578927128,,,Model operation / Technological / Communication loss / swarm fragmentation|Model operation / Technological / Cascading error propagation|Model operation / Technological / Collective robustness loss,Model operation / Technological / Communication loss / swarm fragmentation|Model operation / Technological / Cascading error propagation|Model operation / Technological / Collective robustness loss|Model operation / Technological / Dynamic topology|Model operation / Technological / Correlated perception errors,Model operation / Technological / Communication loss / swarm fragmentation|Model operation / Technological / Cascading error propagation|Model operation / Technological / Collective robustness loss|Model operation / Technological / Dynamic topology|Model operation / Technological / Correlated perception errors|Model training / Technological / Correlated error structure omission|Knowledge analysis / Technological / Correlated errors x interaction graph omission|Model operation / Human / Loss of situational awareness|Model training / Technological / Overfitting|Model training / Technological / Noise/blur/compression fragility
P2,87,18000129,True,0.039433532544847466,,,Model operation / Technological / Collective robustness loss|Model operation / Technological / Communication loss / swarm fragmentation|Model operation / Technological / Cascading error propagation,Model operation / Technological / Collective robustness loss|Model operation / Technological / Communication loss / swarm fragmentation|Model operation / Technological / Cascading error propagation|Model operation / Technological / Dynamic topology|Model operation / Technological / Correlated perception errors,Model operation / Technological / Collective robustness loss|Model operation / Technological / Communication loss / swarm fragmentation|Model operation / Technological / Cascading error propagation|Model operation / Technological / Dynamic topology|Model operation / Technological / Correlated perception errors|Model training / Technological / Correlated error structure omission|Knowledge analysis / Technological / Correlated errors x interaction graph omission|Model operation / Human / Loss of situational awareness|Model training / Technological / Domain shift as technological robustness failure|Model training / Technological / Noise/blur/compression fragility
P2,88,18000130,True,0.05417134619718949,,,Model operation / Technological / Correlated perception errors|Model operation / Technological / Dynamic topology|Model operation / Technological / Cascading error propagation,Model operation / Technological / Correlated perception errors|Model operation / Technological / Dynamic topology|Model operation / Technological / Cascading error propagation|Model operation / Technological / Communication loss / swarm fragmentation|Model operation / Technological / Collective robustness loss,Model operation / Technological / Correlated perception errors|Model operation / Technological / Dynamic topology|Model operation / Technological / Cascading error propagation|Model operation / Technological / Communication loss / swarm fragmentation|Model operation / Technological / Collective robustness loss|Knowledge analysis / Technological / Correlated errors x interaction graph omission|Model training / Technological / Correlated error structure omission|Model operation / Human / Loss of situational awareness|Model training / Technological / Noise/blur/compression fragility|Model training / Technological / Overfitting
P2,89,18000131,True,0.04371757057400848,,,Model operation / Technological / Cascading error propagation|Model operation / Technological / Correlated perception errors|Model operation / Technological / Communication loss / swarm fragmentation,Model operation / Technological / Cascading error propagation|Model operation / Technological / Correlated perception errors|Model operation / Technological / Communication loss / swarm fragmentation|Model operation / Technological / Collective robustness loss|Model operation / Technological / Dynamic topology,Model operation / Technological / Cascading error propagation|Model operation / Technological / Correlated perception errors|Model operation / Technological / Communication loss / swarm fragmentation|Model operation / Technological / Collective robustness loss|Model operation / Technological / Dynamic topology|Model training / Technological / Correlated error structure omission|Knowledge analysis / Technological / Correlated errors x interaction graph omission|Model operation / Human / Loss of situational awareness|Knowledge analysis / Technological / Reliance on spurious features|Model training / Technological / Overfitting
P2,90,18000132,True,0.06441019992204461,,,Model operation / Technological / Collective robustness loss|Model operation / Technological / Dynamic topology|Model operation / Technological / Cascading error propagation,Model operation / Technological / Collective robustness loss|Model operation / Technological / Dynamic topology|Model operation / Technological / Cascading error propagation|Model operation / Technological / Communication loss / swarm fragmentation|Model operation / Technological / Correlated perception errors,Model operation / Technological / Collective robustness loss|Model operation / Technological / Dynamic topology|Model operation / Technological / Cascading error propagation|Model operation / Technological / Communication loss / swarm fragmentation|Model operation / Technological / Correlated perception errors|Knowledge analysis / Technological / Correlated errors x interaction graph omission|Model operation / Human / Loss of situational awareness|Model training / Technological / Correlated error structure omission|Knowledge analysis / Technological / Reliance on spurious features|Model training / Technological / Overfitting
P2,91,18000133,True,0.07130863866288115,,,Model operation / Technological / Dynamic topology|Model operation / Technological / Cascading error propagation|Model operation / Technological / Correlated perception errors,Model operation / Technological / Dynamic topology|Model operation / Technological / Cascading error propagation|Model operation / Technological / Correlated perception errors|Model operation / Technological / Communication loss / swarm fragmentation|Model operation / Technological / Collective robustness loss,Model operation / Technological / Dynamic topology|Model operation / Technological / Cascading error propagation|Model operation / Technological / Correlated perception errors|Model operation / Technological / Communication loss / swarm fragmentation|Model operation / Technological / Collective robustness loss|Model operation / Human / Loss of situational awareness|Knowledge analysis / Technological / Correlated errors x interaction graph omission|Model training / Technological / Correlated error structure omission|Knowledge analysis / Technological / Reliance on spurious features|Model training / Technological / Noise/blur/compression fragility
P2,92,18000134,True,0.048577678180069375,,,Model operation / Technological / Dynamic topology|Model operation / Technological / Correlated perception errors|Model operation / Technological / Collective robustness loss,Model operation / Technological / Dynamic topology|Model operation / Technological / Correlated perception errors|Model operation / Technological / Collective robustness loss|Model operation / Technological / Communication loss / swarm fragmentation|Model operation / Technological / Cascading error propagation,Model operation / Technological / Dynamic topology|Model operation / Technological / Correlated perception errors|Model operation / Technological / Collective robustness loss|Model operation / Technological / Communication loss / swarm fragmentation|Model operation / Technological / Cascading error propagation|Knowledge analysis / Technological / Correlated errors x interaction graph omission|Model operation / Human / Loss of situational awareness|Model training / Technological / Correlated error structure omission|Knowledge analysis / Technological / Reliance on spurious features|Model training / Technological / Domain shift as technological robustness failure
P2,93,18000135,True,0.0631131699325342,,,Model operation / Technological / Correlated perception errors|Model operation / Technological / Dynamic topology|Model operation / Technological / Cascading error propagation,Model operation / Technological / Correlated perception errors|Model operation / Technological / Dynamic topology|Model operation / Technological / Cascading error propagation|Model operation / Technological / Collective robustness loss|Model operation / Technological / Communication loss / swarm fragmentation,Model operation / Technological / Correlated perception errors|Model operation / Technological / Dynamic topology|Model operation / Technological / Cascading error propagation|Model operation / Technological / Collective robustness loss|Model operation / Technological / Communication loss / swarm fragmentation|Knowledge analysis / Technological / Correlated errors x interaction graph omission|Model training / Technological / Correlated error structure omission|Model operation / Human / Loss of situational awareness|Model training / Technological / Overfitting|Model training / Technological / Noise/blur/compression fragility
P2,94,18000136,True,0.04712483168947321,,,Model operation / Technological / Communication loss / swarm fragmentation|Model operation / Technological / Cascading error propagation|Model operation / Technological / Dynamic topology,Model operation / Technological / Communication loss / swarm fragmentation|Model operation / Technological / Cascading error propagation|Model operation / Technological / Dynamic topology|Model operation / Technological / Collective robustness loss|Model operation / Technological / Correlated perception errors,Model operation / Technological / Communication loss / swarm fragmentation|Model operation / Technological / Cascading error propagation|Model operation / Technological / Dynamic topology|Model operation / Technological / Collective robustness loss|Model operation / Technological / Correlated perception errors|Model operation / Human / Loss of situational awareness|Model training / Technological / Correlated error structure omission|Knowledge analysis / Technological / Correlated errors x interaction graph omission|Model training / Technological / Domain shift as technological robustness failure|Model training / Technological / Noise/blur/compression fragility
P2,95,18000137,True,0.036356219327461574,,,Model operation / Technological / Correlated perception errors|Model operation / Technological / Collective robustness loss|Model operation / Technological / Cascading error propagation,Model operation / Technological / Correlated perception errors|Model operation / Technological / Collective robustness loss|Model operation / Technological / Cascading error propagation|Model operation / Technological / Communication loss / swarm fragmentation|Model operation / Technological / Dynamic topology,Model operation / Technological / Correlated perception errors|Model operation / Technological / Collective robustness loss|Model operation / Technological / Cascading error propagation|Model operation / Technological / Communication loss / swarm fragmentation|Model operation / Technological / Dynamic topology|Model training / Technological / Correlated error structure omission|Knowledge analysis / Technological / Correlated errors x interaction graph omission|Model operation / Human / Loss of situational awareness|Model training / Technological / Domain shift as technological robustness failure|Model training / Technological / Noise/blur/compression fragility
P2,96,18000138,True,0.053010952518472244,,,Model operation / Technological / Communication loss / swarm fragmentation|Model operation / Technological / Dynamic topology|Model operation / Technological / Collective robustness loss,Model operation / Technological / Communication loss / swarm fragmentation|Model operation / Technological / Dynamic topology|Model operation / Technological / Collective robustness loss|Model operation / Technological / Cascading error propagation|Model operation / Technological / Correlated perception errors,Model operation / Technological / Communication loss / swarm fragmentation|Model operation / Technological / Dynamic topology|Model operation / Technological / Collective robustness loss|Model operation / Technological / Cascading error propagation|Model operation / Technological / Correlated perception errors|Model operation / Human / Loss of situational awareness|Knowledge analysis / Technological / Correlated errors x interaction graph omission|Model training / Technological / Correlated error structure omission|Model training / Technological / Domain shift as technological robustness failure|Model training / Technological / Overfitting
P2,97,18000139,True,0.05368824687241507,,,Model operation / Technological / Correlated perception errors|Model operation / Technological / Dynamic topology|Model operation / Technological / Communication loss / swarm fragmentation,Model operation / Technological / Correlated perception errors|Model operation / Technological / Dynamic topology|Model operation / Technological / Communication loss / swarm fragmentation|Model operation / Technological / Cascading error propagation|Model operation / Technological / Collective robustness loss,Model operation / Technological / Correlated perception errors|Model operation / Technological / Dynamic topology|Model operation / Technological / Communication loss / swarm fragmentation|Model operation / Technological / Cascading error propagation|Model operation / Technological / Collective robustness loss|Model training / Technological / Correlated error structure omission|Knowledge analysis / Technological / Correlated errors x interaction graph omission|Model operation / Human / Loss of situational awareness|Model training / Technological / Domain shift as technological robustness failure|Model training / Technological / Noise/blur/compression fragility
P2,98,18000140,False,0.10384349865337333,,,Model operation / Technological / Correlated perception errors|Model operation / Technological / Collective robustness loss|Model operation / Technological / Dynamic topology,Model operation / Technological / Correlated perception errors|Model operation / Technological / Collective robustness loss|Model operation / Technological / Dynamic topology|Model operation / Technological / Communication loss / swarm fragmentation|Model operation / Technological / Cascading error propagation,Model operation / Technological / Correlated perception errors|Model operation / Technological / Collective robustness loss|Model operation / Technological / Dynamic topology|Model operation / Technological / Communication loss / swarm fragmentation|Model operation / Technological / Cascading error propagation|Knowledge analysis / Technological / Correlated errors x interaction graph omission|Model operation / Human / Loss of situational awareness|Model training / Technological / Correlated error structure omission|Model training / Technological / Noise/blur/compression fragility|Model training / Technological / Overfitting
P2,99,18000141,True,0.03444254759995982,,,Model operation / Technological / Dynamic topology|Model operation / Technological / Communication loss / swarm fragmentation|Model operation / Technological / Correlated perception errors,Model operation / Technological / Dynamic topology|Model operation / Technological / Communication loss / swarm fragmentation|Model operation / Technological / Correlated perception errors|Model operation / Technological / Collective robustness loss|Model operation / Technological / Cascading error propagation,Model operation / Technological / Dynamic topology|Model operation / Technological / Communication loss / swarm fragmentation|Model operation / Technological / Correlated perception errors|Model operation / Technological / Collective robustness loss|Model operation / Technological / Cascading error propagation|Model training / Technological / Correlated error structure omission|Knowledge analysis / Technological / Correlated errors x interaction graph omission|Model operation / Human / Loss of situational awareness|Model training / Technological / Noise/blur/compression fragility|Model training / Technological / Domain shift as technological robustness failure
P2,100,18000142,True,0.05467010571368228,,,Model operation / Technological / Communication loss / swarm fragmentation|Model operation / Technological / Dynamic topology|Model operation / Technological / Collective robustness loss,Model operation / Technological / Communication loss / swarm fragmentation|Model operation / Technological / Dynamic topology|Model operation / Technological / Collective robustness loss|Model operation / Technological / Cascading error propagation|Model operation / Technological / Correlated perception errors,Model operation / Technological / Communication loss / swarm fragmentation|Model operation / Technological / Dynamic topology|Model operation / Technological / Collective robustness loss|Model operation / Technological / Cascading error propagation|Model operation / Technological / Correlated perception errors|Knowledge analysis / Technological / Correlated errors x interaction graph omission|Model operation / Human / Loss of situational awareness|Model training / Technological / Correlated error structure omission|Knowledge analysis / Technological / Reliance on spurious features|Model training / Technological / Overfitting
P2,101,18000143,True,0.049545630490321256,,,Model operation / Technological / Correlated perception errors|Model operation / Technological / Communication loss / swarm fragmentation|Model operation / Technological / Dynamic topology,Model operation / Technological / Correlated perception errors|Model operation / Technological / Communication loss / swarm fragmentation|Model operation / Technological / Dynamic topology|Model operation / Technological / Collective robustness loss|Model operation / Technological / Cascading error propagation,Model operation / Technological / Correlated perception errors|Model operation / Technological / Communication loss / swarm fragmentation|Model operation / Technological / Dynamic topology|Model operation / Technological / Collective robustness loss|Model operation / Technological / Cascading error propagation|Knowledge analysis / Technological / Correlated errors x interaction graph omission|Model operation / Human / Loss of situational awareness|Model training / Technological / Correlated error structure omission|Knowledge analysis / Technological / Reliance on spurious features|Model training / Technological / Overfitting
P2,102,18000144,True,0.06338939678352648,,,Model operation / Technological / Correlated perception errors|Model operation / Technological / Collective robustness loss|Model operation / Technological / Dynamic topology,Model operation / Technological / Correlated perception errors|Model operation / Technological / Collective robustness loss|Model operation / Technological / Dynamic topology|Model operation / Technological / Cascading error propagation|Model operation / Technological / Communication loss / swarm fragmentation,Model operation / Technological / Correlated perception errors|Model operation / Technological / Collective robustness loss|Model operation / Technological / Dynamic topology|Model operation / Technological / Cascading error propagation|Model operation / Technological / Communication loss / swarm fragmentation|Model training / Technological / Correlated error structure omission|Model operation / Human / Loss of situational awareness|Knowledge analysis / Technological / Correlated errors x interaction graph omission|Model training / Technological / Domain shift as technological robustness failure|Model training / Technological / Overfitting
P2,103,18000145,True,0.059533285311214906,,,Model operation / Technological / Correlated perception errors|Model operation / Technological / Communication loss / swarm fragmentation|Model operation / Technological / Dynamic topology,Model operation / Technological / Correlated perception errors|Model operation / Technological / Communication loss / swarm fragmentation|Model operation / Technological / Dynamic topology|Model operation / Technological / Cascading error propagation|Model operation / Technological / Collective robustness loss,Model operation / Technological / Correlated perception errors|Model operation / Technological / Communication loss / swarm fragmentation|Model operation / Technological / Dynamic topology|Model operation / Technological / Cascading error propagation|Model operation / Technological / Collective robustness loss|Knowledge analysis / Technological / Correlated errors x interaction graph omission|Model operation / Human / Loss of situational awareness|Model training / Technological / Correlated error structure omission|Knowledge analysis / Technological / Reliance on spurious features|Model training / Technological / Domain shift as technological robustness failure
P2,104,18000146,True,0.06726099135730695,,,Model operation / Technological / Correlated perception errors|Model operation / Technological / Communication loss / swarm fragmentation|Model operation / Technological / Collective robustness loss,Model operation / Technological / Correlated perception errors|Model operation / Technological / Communication loss / swarm fragmentation|Model operation / Technological / Collective robustness loss|Model operation / Technological / Dynamic topology|Model operation / Technological / Cascading error propagation,Model operation / Technological / Correlated perception errors|Model operation / Technological / Communication loss / swarm fragmentation|Model operation / Technological / Collective robustness loss|Model operation / Technological / Dynamic topology|Model operation / Technological / Cascading error propagation|Knowledge analysis / Technological / Correlated errors x interaction graph omission|Model operation / Human / Loss of situational awareness|Model training / Technological / Correlated error structure omission|Knowledge analysis / Technological / Reliance on spurious features|Model training / Technological / Domain shift as technological robustness failure
P2,105,18000147,True,0.03419722565276254,,,Model operation / Technological / Dynamic topology|Model operation / Technological / Cascading error propagation|Model operation / Technological / Communication loss / swarm fragmentation,Model operation / Technological / Dynamic topology|Model operation / Technological / Cascading error propagation|Model operation / Technological / Communication loss / swarm fragmentation|Model operation / Technological / Collective robustness loss|Model operation / Technological / Correlated perception errors,Model operation / Technological / Dynamic topology|Model operation / Technological / Cascading error propagation|Model operation / Technological / Communication loss / swarm fragmentation|Model operation / Technological / Collective robustness loss|Model operation / Technological / Correlated perception errors|Knowledge analysis / Technological / Correlated errors x interaction graph omission|Model operation / Human / Loss of situational awareness|Model training / Technological / Correlated error structure omission|Knowledge analysis / Technological / Reliance on spurious features|Model training / Technological / Overfitting
P2,106,18000148,True,0.05272675025312438,,,Model operation / Technological / Cascading error propagation|Model operation / Technological / Dynamic topology|Model operation / Technological / Collective robustness loss,Model operation / Technological / Cascading error propagation|Model operation / Technological / Dynamic topology|Model operation / Technological / Collective robustness loss|Model operation / Technological / Communication loss / swarm fragmentation|Model operation / Technological / Correlated perception errors,Model operation / Technological / Cascading error propagation|Model operation / Technological / Dynamic topology|Model operation / Technological / Collective robustness loss|Model operation / Technological / Communication loss / swarm fragmentation|Model operation / Technological / Correlated perception errors|Knowledge analysis / Technological / Correlated errors x interaction graph omission|Model operation / Human / Loss of situational awareness|Model training / Technological / Correlated error structure omission|Knowledge analysis / Technological / Reliance on spurious features|Model training / Technological / Domain shift as technological robustness failure
P2,107,18000149,True,0.09528603756442172,,,Model operation / Technological / Cascading error propagation|Model operation / Technological / Dynamic topology|Model operation / Technological / Collective robustness loss,Model operation / Technological / Cascading error propagation|Model operation / Technological / Dynamic topology|Model operation / Technological / Collective robustness loss|Model operation / Technological / Correlated perception errors|Model operation / Technological / Communication loss / swarm fragmentation,Model operation / Technological / Cascading error propagation|Model operation / Technological / Dynamic topology|Model operation / Technological / Collective robustness loss|Model operation / Technological / Correlated perception errors|Model operation / Technological / Communication loss / swarm fragmentation|Model operation / Human / Loss of situational awareness|Model training / Technological / Correlated error structure omission|Knowledge analysis / Technological / Correlated errors x interaction graph omission|Model training / Technological / Overfitting|Model training / Technological / Noise/blur/compression fragility
P2,108,18000150,True,0.0754157070644756,,,Model operation / Technological / Communication loss / swarm fragmentation|Model operation / Technological / Correlated perception errors|Model operation / Technological / Cascading error propagation,Model operation / Technological / Communication loss / swarm fragmentation|Model operation / Technological / Correlated perception errors|Model operation / Technological / Cascading error propagation|Model operation / Technological / Collective robustness loss|Model operation / Technological / Dynamic topology,Model operation / Technological / Communication loss / swarm fragmentation|Model operation / Technological / Correlated perception errors|Model operation / Technological / Cascading error propagation|Model operation / Technological / Collective robustness loss|Model operation / Technological / Dynamic topology|Model training / Technological / Correlated error structure omission|Knowledge analysis / Technological / Correlated errors x interaction graph omission|Model operation / Human / Loss of situational awareness|Model training / Technological / Overfitting|Model training / Technological / Domain shift as technological robustness failure
P2,109,18000151,True,0.051941697351830476,,,Model operation / Technological / Collective robustness loss|Model operation / Technological / Communication loss / swarm fragmentation|Model operation / Technological / Dynamic topology,Model operation / Technological / Collective robustness loss|Model operation / Technological / Communication loss / swarm fragmentation|Model operation / Technological / Dynamic topology|Model operation / Technological / Cascading error propagation|Model operation / Technological / Correlated perception errors,Model operation / Technological / Collective robustness loss|Model operation / Technological / Communication loss / swarm fragmentation|Model operation / Technological / Dynamic topology|Model operation / Technological / Cascading error propagation|Model operation / Technological / Correlated perception errors|Knowledge analysis / Technological / Correlated errors x interaction graph omission|Model operation / Human / Loss of situational awareness|Model training / Technological / Correlated error structure omission|Knowledge analysis / Technological / Reliance on spurious features|Model training / Technological / Domain shift as technological robustness failure
P2,110,18000152,True,0.07490262213628578,,,Model operation / Technological / Collective robustness loss|Model operation / Technological / Correlated perception errors|Model operation / Technological / Cascading error propagation,Model operation / Technological / Collective robustness loss|Model operation / Technological / Correlated perception errors|Model operation / Technological / Cascading error propagation|Model operation / Technological / Communication loss / swarm fragmentation|Model operation / Technological / Dynamic topology,Model operation / Technological / Collective robustness loss|Model operation / Technological / Correlated perception errors|Model operation / Technological / Cascading error propagation|Model operation / Technological / Communication loss / swarm fragmentation|Model operation / Technological / Dynamic topology|Knowledge analysis / Technological / Correlated errors x interaction graph omission|Model training / Technological / Correlated error structure omission|Model operation / Human / Loss of situational awareness|Model training / Technological / Overfitting|Model training / Technological / Domain shift as technological robustness failure
P2,111,18000153,True,0.035362868580866645,,,Model operation / Technological / Cascading error propagation|Model operation / Technological / Communication loss / swarm fragmentation|Model operation / Technological / Collective robustness loss,Model operation / Technological / Cascading error propagation|Model operation / Technological / Communication loss / swarm fragmentation|Model operation / Technological / Collective robustness loss|Model operation / Technological / Correlated perception errors|Model operation / Technological / Dynamic topology,Model operation / Technological / Cascading error propagation|Model operation / Technological / Communication loss / swarm fragmentation|Model operation / Technological / Collective robustness loss|Model operation / Technological / Correlated perception errors|Model operation / Technological / Dynamic topology|Knowledge analysis / Technological / Correlated errors x interaction graph omission|Model operation / Human / Loss of situational awareness|Model training / Technological / Correlated error structure omission|Model training / Technological / Overfitting|Model training / Technological / Domain shift as technological robustness failure
P2,112,18000154,True,0.04891691696965475,,,Model operation / Technological / Cascading error propagation|Model operation / Technological / Communication loss / swarm fragmentation|Model operation / Technological / Correlated perception errors,Model operation / Technological / Cascading error propagation|Model operation / Technological / Communication loss / swarm fragmentation|Model operation / Technological / Correlated perception errors|Model operation / Technological / Collective robustness loss|Model operation / Technological / Dynamic topology,Model operation / Technological / Cascading error propagation|Model operation / Technological / Communication loss / swarm fragmentation|Model operation / Technological / Correlated perception errors|Model operation / Technological / Collective robustness loss|Model operation / Technological / Dynamic topology|Knowledge analysis / Technological / Correlated errors x interaction graph omission|Model operation / Human / Loss of situational awareness|Model training / Technological / Correlated error structure omission|Model training / Technological / Overfitting|Knowledge analysis / Technological / Reliance on spurious features
P2,113,18000155,True,0.04063863716121167,,,Model operation / Technological / Dynamic topology|Model operation / Technological / Communication loss / swarm fragmentation|Model operation / Technological / Cascading error propagation,Model operation / Technological / Dynamic topology|Model operation / Technological / Communication loss / swarm fragmentation|Model operation / Technological / Cascading error propagation|Model operation / Technological / Correlated perception errors|Model operation / Technological / Collective robustness loss,Model operation / Technological / Dynamic topology|Model operation / Technological / Communication loss / swarm fragmentation|Model operation / Technological / Cascading error propagation|Model operation / Technological / Correlated perception errors|Model operation / Technological / Collective robustness loss|Knowledge analysis / Technological / Correlated errors x interaction graph omission|Model operation / Human / Loss of situational awareness|Model training / Technological / Correlated error structure omission|Knowledge analysis / Technological / Reliance on spurious features|Model training / Technological / Noise/blur/compression fragility
P2,114,18000156,True,0.035996986373039164,,,Model operation / Technological / Cascading error propagation|Model operation / Technological / Communication loss / swarm fragmentation|Model operation / Technological / Correlated perception errors,Model operation / Technological / Cascading error propagation|Model operation / Technological / Communication loss / swarm fragmentation|Model operation / Technological / Correlated perception errors|Model operation / Technological / Dynamic topology|Model operation / Technological / Collective robustness loss,Model operation / Technological / Cascading error propagation|Model operation / Technological / Communication loss / swarm fragmentation|Model operation / Technological / Correlated perception errors|Model operation / Technological / Dynamic topology|Model operation / Technological / Collective robustness loss|Model training / Technological / Correlated error structure omission|Knowledge analysis / Technological / Correlated errors x interaction graph omission|Model operation / Human / Loss of situational awareness|Model training / Technological / Domain shift as technological robustness failure|Model training / Technological / Overfitting
P2,115,18000157,False,0.12631047548053528,,,Model operation / Technological / Cascading error propagation|Model operation / Technological / Correlated perception errors|Model operation / Technological / Dynamic topology,Model operation / Technological / Cascading error propagation|Model operation / Technological / Correlated perception errors|Model operation / Technological / Dynamic topology|Model operation / Technological / Collective robustness loss|Model operation / Technological / Communication loss / swarm fragmentation,Model operation / Technological / Cascading error propagation|Model operation / Technological / Correlated perception errors|Model operation / Technological / Dynamic topology|Model operation / Technological / Collective robustness loss|Model operation / Technological / Communication loss / swarm fragmentation|Model training / Technological / Correlated error structure omission|Knowledge analysis / Technological / Correlated errors x interaction graph omission|Model operation / Human / Loss of situational awareness|Model training / Technological / Noise/blur/compression fragility|Model training / Technological / Overfitting
P2,116,18000158,True,0.0935616630766611,,,Model operation / Technological / Communication loss / swarm fragmentation|Model operation / Technological / Dynamic topology|Model operation / Technological / Collective robustness loss,Model operation / Technological / Communication loss / swarm fragmentation|Model operation / Technological / Dynamic topology|Model operation / Technological / Collective robustness loss|Model operation / Technological / Cascading error propagation|Model operation / Technological / Correlated perception errors,Model operation / Technological / Communication loss / swarm fragmentation|Model operation / Technological / Dynamic topology|Model operation / Technological / Collective robustness loss|Model operation / Technological / Cascading error propagation|Model operation / Technological / Correlated perception errors|Knowledge analysis / Technological / Correlated errors x interaction graph omission|Model operation / Human / Loss of situational awareness|Model training / Technological / Correlated error structure omission|Model training / Technological / Overfitting|Model training / Technological / Noise/blur/compression fragility
P2,117,18000159,True,0.07801161077012359,,,Model operation / Technological / Dynamic topology|Model operation / Technological / Communication loss / swarm fragmentation|Model operation / Technological / Cascading error propagation,Model operation / Technological / Dynamic topology|Model operation / Technological / Communication loss / swarm fragmentation|Model operation / Technological / Cascading error propagation|Model operation / Technological / Correlated perception errors|Model operation / Technological / Collective robustness loss,Model operation / Technological / Dynamic topology|Model operation / Technological / Communication loss / swarm fragmentation|Model operation / Technological / Cascading error propagation|Model operation / Technological / Correlated perception errors|Model operation / Technological / Collective robustness loss|Knowledge analysis / Technological / Correlated errors x interaction graph omission|Model operation / Human / Loss of situational awareness|Model training / Technological / Correlated error structure omission|Model training / Technological / Overfitting|Knowledge analysis / Technological / Reliance on spurious features
P2,118,18000160,True,0.044484160840821796,,,Model operation / Technological / Collective robustness loss|Model operation / Technological / Cascading error propagation|Model operation / Technological / Dynamic topology,Model operation / Technological / Collective robustness loss|Model operation / Technological / Cascading error propagation|Model operation / Technological / Dynamic topology|Model operation / Technological / Communication loss / swarm fragmentation|Model operation / Technological / Correlated perception errors,Model operation / Technological / Collective robustness loss|Model operation / Technological / Cascading error propagation|Model operation / Technological / Dynamic topology|Model operation / Technological / Communication loss / swarm fragmentation|Model operation / Technological / Correlated perception errors|Knowledge analysis / Technological / Correlated errors x interaction graph omission|Model operation / Human / Loss of situational awareness|Model training / Technological / Correlated error structure omission|Knowledge analysis / Technological / Reliance on spurious features|Model training / Technological / Overfitting
P2,119,18000161,True,0.042046909365695585,,,Model operation / Technological / Dynamic topology|Model operation / Technological / Communication loss / swarm fragmentation|Model operation / Technological / Correlated perception errors,Model operation / Technological / Dynamic topology|Model operation / Technological / Communication loss / swarm fragmentation|Model operation / Technological / Correlated perception errors|Model operation / Technological / Cascading error propagation|Model operation / Technological / Collective robustness loss,Model operation / Technological / Dynamic topology|Model operation / Technological / Communication loss / swarm fragmentation|Model operation / Technological / Correlated perception errors|Model operation / Technological / Cascading error propagation|Model operation / Technological / Collective robustness loss|Model operation / Human / Loss of situational awareness|Knowledge analysis / Technological / Correlated errors x interaction graph omission|Model training / Technological / Correlated error structure omission|Knowledge analysis / Technological / Reliance on spurious features|Model training / Technological / Overfitting
P2,120,18000162,True,0.042765792094111986,,,Model operation / Technological / Cascading error propagation|Model operation / Technological / Dynamic topology|Model operation / Technological / Correlated perception errors,Model operation / Technological / Cascading error propagation|Model operation / Technological / Dynamic topology|Model operation / Technological / Correlated perception errors|Model operation / Technological / Collective robustness loss|Model operation / Technological / Communication loss / swarm fragmentation,Model operation / Technological / Cascading error propagation|Model operation / Technological / Dynamic topology|Model operation / Technological / Correlated perception errors|Model operation / Technological / Collective robustness loss|Model operation / Technological / Communication loss / swarm fragmentation|Knowledge analysis / Technological / Correlated errors x interaction graph omission|Model operation / Human / Loss of situational awareness|Model training / Technological / Correlated error structure omission|Model training / Technological / Overfitting|Knowledge analysis / Technological / Reliance on spurious features
P2,121,18000163,True,0.035057281711281044,,,Model operation / Technological / Cascading error propagation|Model operation / Technological / Dynamic topology|Model operation / Technological / Communication loss / swarm fragmentation,Model operation / Technological / Cascading error propagation|Model operation / Technological / Dynamic topology|Model operation / Technological / Communication loss / swarm fragmentation|Model operation / Technological / Collective robustness loss|Model operation / Technological / Correlated perception errors,Model operation / Technological / Cascading error propagation|Model operation / Technological / Dynamic topology|Model operation / Technological / Communication loss / swarm fragmentation|Model operation / Technological / Collective robustness loss|Model operation / Technological / Correlated perception errors|Knowledge analysis / Technological / Correlated errors x interaction graph omission|Model training / Technological / Correlated error structure omission|Model operation / Human / Loss of situational awareness|Model training / Technological / Overfitting|Knowledge analysis / Technological / Reliance on spurious features
P2,122,18000164,True,0.049427604368047176,,,Model operation / Technological / Dynamic topology|Model operation / Technological / Communication loss / swarm fragmentation|Model operation / Technological / Correlated perception errors,Model operation / Technological / Dynamic topology|Model operation / Technological / Communication loss / swarm fragmentation|Model operation / Technological / Correlated perception errors|Model operation / Technological / Cascading error propagation|Model operation / Technological / Collective robustness loss,Model operation / Technological / Dynamic topology|Model operation / Technological / Communication loss / swarm fragmentation|Model operation / Technological / Correlated perception errors|Model operation / Technological / Cascading error propagation|Model operation / Technological / Collective robustness loss|Model training / Technological / Correlated error structure omission|Model operation / Human / Loss of situational awareness|Knowledge analysis / Technological / Correlated errors x interaction graph omission|Model training / Technological / Noise/blur/compression fragility|Model training / Technological / Domain shift as technological robustness failure
P2,123,18000165,True,0.058108518636140374,,,Model operation / Technological / Communication loss / swarm fragmentation|Model operation / Technological / Cascading error propagation|Model operation / Technological / Dynamic topology,Model operation / Technological / Communication loss / swarm fragmentation|Model operation / Technological / Cascading error propagation|Model operation / Technological / Dynamic topology|Model operation / Technological / Correlated perception errors|Model operation / Technological / Collective robustness loss,Model operation / Technological / Communication loss / swarm fragmentation|Model operation / Technological / Cascading error propagation|Model operation / Technological / Dynamic topology|Model operation / Technological / Correlated perception errors|Model operation / Technological / Collective robustness loss|Knowledge analysis / Technological / Correlated errors x interaction graph omission|Model training / Technological / Correlated error structure omission|Model operation / Human / Loss of situational awareness|Model training / Technological / Overfitting|Model training / Technological / Noise/blur/compression fragility
P2,124,18000166,True,0.05656282398041452,,,Model operation / Technological / Collective robustness loss|Model operation / Technological / Cascading error propagation|Model operation / Technological / Dynamic topology,Model operation / Technological / Collective robustness loss|Model operation / Technological / Cascading error propagation|Model operation / Technological / Dynamic topology|Model operation / Technological / Communication loss / swarm fragmentation|Model operation / Technological / Correlated perception errors,Model operation / Technological / Collective robustness loss|Model operation / Technological / Cascading error propagation|Model operation / Technological / Dynamic topology|Model operation / Technological / Communication loss / swarm fragmentation|Model operation / Technological / Correlated perception errors|Model training / Technological / Correlated error structure omission|Model operation / Human / Loss of situational awareness|Knowledge analysis / Technological / Correlated errors x interaction graph omission|Model training / Technological / Noise/blur/compression fragility|Model training / Technological / Domain shift as technological robustness failure
P2,125,18000167,True,0.09505082893199142,,,Model operation / Technological / Dynamic topology|Model operation / Technological / Communication loss / swarm fragmentation|Model operation / Technological / Cascading error propagation,Model operation / Technological / Dynamic topology|Model operation / Technological / Communication loss / swarm fragmentation|Model operation / Technological / Cascading error propagation|Model operation / Technological / Collective robustness loss|Model operation / Technological / Correlated perception errors,Model operation / Technological / Dynamic topology|Model operation / Technological / Communication loss / swarm fragmentation|Model operation / Technological / Cascading error propagation|Model operation / Technological / Collective robustness loss|Model operation / Technological / Correlated perception errors|Knowledge analysis / Technological / Correlated errors x interaction graph omission|Model operation / Human / Loss of situational awareness|Model training / Technological / Correlated error structure omission|Model training / Technological / Noise/blur/compression fragility|Model training / Technological / Overfitting
P2,126,18000168,True,0.03996996290438847,,,Model operation / Technological / Correlated perception errors|Model operation / Technological / Collective robustness loss|Model operation / Technological / Cascading error propagation,Model operation / Technological / Correlated perception errors|Model operation / Technological / Collective robustness loss|Model operation / Technological / Cascading error propagation|Model operation / Technological / Communication loss / swarm fragmentation|Model operation / Technological / Dynamic topology,Model operation / Technological / Correlated perception errors|Model operation / Technological / Collective robustness loss|Model operation / Technological / Cascading error propagation|Model operation / Technological / Communication loss / swarm fragmentation|Model operation / Technological / Dynamic topology|Model operation / Human / Loss of situational awareness|Knowledge analysis / Technological / Correlated errors x interaction graph omission|Model training / Technological / Correlated error structure omission|Model training / Technological / Overfitting|Model training / Technological / Domain shift as technological robustness failure
P2,127,18000169,True,0.037652163334500846,,,Model operation / Technological / Correlated perception errors|Model operation / Technological / Communication loss / swarm fragmentation|Model operation / Technological / Collective robustness loss,Model operation / Technological / Correlated perception errors|Model operation / Technological / Communication loss / swarm fragmentation|Model operation / Technological / Collective robustness loss|Model operation / Technological / Cascading error propagation|Model operation / Technological / Dynamic topology,Model operation / Technological / Correlated perception errors|Model operation / Technological / Communication loss / swarm fragmentation|Model operation / Technological / Collective robustness loss|Model operation / Technological / Cascading error propagation|Model operation / Technological / Dynamic topology|Model training / Technological / Correlated error structure omission|Knowledge analysis / Technological / Correlated errors x interaction graph omission|Model operation / Human / Loss of situational awareness|Model training / Technological / Domain shift as technological robustness failure|Model training / Technological / Noise/blur/compression fragility
P2,128,18000170,True,0.04900021357491507,,,Model operation / Technological / Collective robustness loss|Model operation / Technological / Dynamic topology|Model operation / Technological / Cascading error propagation,Model operation / Technological / Collective robustness loss|Model operation / Technological / Dynamic topology|Model operation / Technological / Cascading error propagation|Model operation / Technological / Correlated perception errors|Model operation / Technological / Communication loss / swarm fragmentation,Model operation / Technological / Collective robustness loss|Model operation / Technological / Dynamic topology|Model operation / Technological / Cascading error propagation|Model operation / Technological / Correlated perception errors|Model operation / Technological / Communication loss / swarm fragmentation|Model training / Technological / Correlated error structure omission|Knowledge analysis / Technological / Correlated errors x interaction graph omission|Model operation / Human / Loss of situational awareness|Model training / Technological / Domain shift as technological robustness failure|Model training / Technological / Overfitting
P2,129,18000171,True,0.04602557898082317,,,Model operation / Technological / Dynamic topology|Model operation / Technological / Cascading error propagation|Model operation / Technological / Collective robustness loss,Model operation / Technological / Dynamic topology|Model operation / Technological / Cascading error propagation|Model operation / Technological / Collective robustness loss|Model operation / Technological / Communication loss / swarm fragmentation|Model operation / Technological / Correlated perception errors,Model operation / Technological / Dynamic topology|Model operation / Technological / Cascading error propagation|Model operation / Technological / Collective robustness loss|Model operation / Technological / Communication loss / swarm fragmentation|Model operation / Technological / Correlated perception errors|Knowledge analysis / Technological / Correlated errors x interaction graph omission|Model training / Technological / Correlated error structure omission|Model operation / Human / Loss of situational awareness|Model training / Technological / Domain shift as technological robustness failure|Knowledge selection / Human / Missing operational scenarios
P2,130,18000172,True,0.044943182501836425,,,Model operation / Technological / Cascading error propagation|Model operation / Technological / Collective robustness loss|Model operation / Technological / Dynamic topology,Model operation / Technological / Cascading error propagation|Model operation / Technological / Collective robustness loss|Model operation / Technological / Dynamic topology|Model operation / Technological / Communication loss / swarm fragmentation|Model operation / Technological / Correlated perception errors,Model operation / Technological / Cascading error propagation|Model operation / Technological / Collective robustness loss|Model operation / Technological / Dynamic topology|Model operation / Technological / Communication loss / swarm fragmentation|Model operation / Technological / Correlated perception errors|Model training / Technological / Correlated error structure omission|Knowledge analysis / Technological / Correlated errors x interaction graph omission|Model operation / Human / Loss of situational awareness|Model training / Technological / Domain shift as technological robustness failure|Model training / Technological / Noise/blur/compression fragility
P2,131,18000173,True,0.033949549603496984,,,Model operation / Technological / Correlated perception errors|Model operation / Technological / Cascading error propagation|Model operation / Technological / Collective robustness loss,Model operation / Technological / Correlated perception errors|Model operation / Technological / Cascading error propagation|Model operation / Technological / Collective robustness loss|Model operation / Technological / Communication loss / swarm fragmentation|Model operation / Technological / Dynamic topology,Model operation / Technological / Correlated perception errors|Model operation / Technological / Cascading error propagation|Model operation / Technological / Collective robustness loss|Model operation / Technological / Communication loss / swarm fragmentation|Model operation / Technological / Dynamic topology|Model training / Technological / Correlated error structure omission|Model operation / Human / Loss of situational awareness|Knowledge analysis / Technological / Correlated errors x interaction graph omission|Model training / Technological / Noise/blur/compression fragility|Model training / Technological / Domain shift as technological robustness failure
P2,132,18000174,True,0.030798540560780036,,,Model operation / Technological / Communication loss / swarm fragmentation|Model operation / Technological / Cascading error propagation|Model operation / Technological / Collective robustness loss,Model operation / Technological / Communication loss / swarm fragmentation|Model operation / Technological / Cascading error propagation|Model operation / Technological / Collective robustness loss|Model operation / Technological / Correlated perception errors|Model operation / Technological / Dynamic topology,Model operation / Technological / Communication loss / swarm fragmentation|Model operation / Technological / Cascading error propagation|Model operation / Technological / Collective robustness loss|Model operation / Technological / Correlated perception errors|Model operation / Technological / Dynamic topology|Model training / Technological / Correlated error structure omission|Knowledge analysis / Technological / Correlated errors x interaction graph omission|Model operation / Human / Loss of situational awareness|Model training / Technological / Domain shift as technological robustness failure|Model training / Technological / Noise/blur/compression fragility
P2,133,18000175,True,0.07774136603037947,,,Model operation / Technological / Correlated perception errors|Model operation / Technological / Collective robustness loss|Model operation / Technological / Cascading error propagation,Model operation / Technological / Correlated perception errors|Model operation / Technological / Collective robustness loss|Model operation / Technological / Cascading error propagation|Model operation / Technological / Communication loss / swarm fragmentation|Model operation / Technological / Dynamic topology,Model operation / Technological / Correlated perception errors|Model operation / Technological / Collective robustness loss|Model operation / Technological / Cascading error propagation|Model operation / Technological / Communication loss / swarm fragmentation|Model operation / Technological / Dynamic topology|Model operation / Human / Loss of situational awareness|Knowledge analysis / Technological / Correlated errors x interaction graph omission|Model training / Technological / Correlated error structure omission|Knowledge analysis / Technological / Reliance on spurious features|Model training / Technological / Noise/blur/compression fragility
P2,134,18000176,True,0.035835217015774155,,,Model operation / Technological / Correlated perception errors|Model operation / Technological / Communication loss / swarm fragmentation|Model operation / Technological / Cascading error propagation,Model operation / Technological / Correlated perception errors|Model operation / Technological / Communication loss / swarm fragmentation|Model operation / Technological / Cascading error propagation|Model operation / Technological / Collective robustness loss|Model operation / Technological / Dynamic topology,Model operation / Technological / Correlated perception errors|Model operation / Technological / Communication loss / swarm fragmentation|Model operation / Technological / Cascading error propagation|Model operation / Technological / Collective robustness loss|Model operation / Technological / Dynamic topology|Knowledge analysis / Technological / Correlated errors x interaction graph omission|Model training / Technological / Correlated error structure omission|Model operation / Human / Loss of situational awareness|Model training / Technological / Noise/blur/compression fragility|Model training / Technological / Domain shift as technological robustness failure
P2,135,18000177,True,0.06050580498632549,,,Model operation / Technological / Dynamic topology|Model operation / Technological / Correlated perception errors|Model operation / Technological / Collective robustness loss,Model operation / Technological / Dynamic topology|Model operation / Technological / Correlated perception errors|Model operation / Technological / Collective robustness loss|Model operation / Technological / Communication loss / swarm fragmentation|Model operation / Technological / Cascading error propagation,Model operation / Technological / Dynamic topology|Model operation / Technological / Correlated perception errors|Model operation / Technological / Collective robustness loss|Model operation / Technological / Communication loss / swarm fragmentation|Model operation / Technological / Cascading error propagation|Knowledge analysis / Technological / Correlated errors x interaction graph omission|Model operation / Human / Loss of situational awareness|Model training / Technological / Correlated error structure omission|Knowledge analysis / Technological / Reliance on spurious features|Model training / Technological / Overfitting
P2,136,18000178,True,0.05838597446706841,,,Model operation / Technological / Cascading error propagation|Model operation / Technological / Correlated perception errors|Model operation / Technological / Collective robustness loss,Model operation / Technological / Cascading error propagation|Model operation / Technological / Correlated perception errors|Model operation / Technological / Collective robustness loss|Model operation / Technological / Communication loss / swarm fragmentation|Model operation / Technological / Dynamic topology,Model operation / Technological / Cascading error propagation|Model operation / Technological / Correlated perception errors|Model operation / Technological / Collective robustness loss|Model operation / Technological / Communication loss / swarm fragmentation|Model operation / Technological / Dynamic topology|Knowledge analysis / Technological / Correlated errors x interaction graph omission|Model training / Technological / Correlated error structure omission|Model operation / Human / Loss of situational awareness|Knowledge analysis / Technological / Reliance on spurious features|Model training / Technological / Overfitting
P2,137,18000179,True,0.03915784087736856,,,Model operation / Technological / Dynamic topology|Model operation / Technological / Cascading error propagation|Model operation / Technological / Correlated perception errors,Model operation / Technological / Dynamic topology|Model operation / Technological / Cascading error propagation|Model operation / Technological / Correlated perception errors|Model operation / Technological / Communication loss / swarm fragmentation|Model operation / Technological / Collective robustness loss,Model operation / Technological / Dynamic topology|Model operation / Technological / Cascading error propagation|Model operation / Technological / Correlated perception errors|Model operation / Technological / Communication loss / swarm fragmentation|Model operation / Technological / Collective robustness loss|Model training / Technological / Correlated error structure omission|Model operation / Human / Loss of situational awareness|Knowledge analysis / Technological / Correlated errors x interaction graph omission|Model training / Technological / Noise/blur/compression fragility|Model training / Technological / Domain shift as technological robustness failure
P2,138,18000180,True,0.06158199336974542,,,Model operation / Technological / Communication loss / swarm fragmentation|Model operation / Technological / Cascading error propagation|Model operation / Technological / Dynamic topology,Model operation / Technological / Communication loss / swarm fragmentation|Model operation / Technological / Cascading error propagation|Model operation / Technological / Dynamic topology|Model operation / Technological / Correlated perception errors|Model operation / Technological / Collective robustness loss,Model operation / Technological / Communication loss / swarm fragmentation|Model operation / Technological / Cascading error propagation|Model operation / Technological / Dynamic topology|Model operation / Technological / Correlated perception errors|Model operation / Technological / Collective robustness loss|Knowledge analysis / Technological / Correlated errors x interaction graph omission|Model operation / Human / Loss of situational awareness|Model training / Technological / Correlated error structure omission|Knowledge analysis / Technological / Reliance on spurious features|Model training / Technological / Domain shift as technological robustness failure
P2,139,18000181,True,0.05315573148608812,,,Model operation / Technological / Cascading error propagation|Model operation / Technological / Correlated perception errors|Model operation / Technological / Communication loss / swarm fragmentation,Model operation / Technological / Cascading error propagation|Model operation / Technological / Correlated perception errors|Model operation / Technological / Communication loss / swarm fragmentation|Model operation / Technological / Dynamic topology|Model operation / Technological / Collective robustness loss,Model operation / Technological / Cascading error propagation|Model operation / Technological / Correlated perception errors|Model operation / Technological / Communication loss / swarm fragmentation|Model operation / Technological / Dynamic topology|Model operation / Technological / Collective robustness loss|Knowledge analysis / Technological / Correlated errors x interaction graph omission|Model training / Technological / Correlated error structure omission|Model operation / Human / Loss of situational awareness|Knowledge analysis / Technological / Reliance on spurious features|Model training / Technological / Domain shift as technological robustness failure
P2,140,18000182,True,0.08402994059130463,,,Model operation / Technological / Correlated perception errors|Model operation / Technological / Collective robustness loss|Model operation / Technological / Cascading error propagation,Model operation / Technological / Correlated perception errors|Model operation / Technological / Collective robustness loss|Model operation / Technological / Cascading error propagation|Model operation / Technological / Communication loss / swarm fragmentation|Model operation / Technological / Dynamic topology,Model operation / Technological / Correlated perception errors|Model operation / Technological / Collective robustness loss|Model operation / Technological / Cascading error propagation|Model operation / Technological / Communication loss / swarm fragmentation|Model operation / Technological / Dynamic topology|Model operation / Human / Loss of situational awareness|Knowledge analysis / Technological / Correlated errors x interaction graph omission|Model training / Technological / Correlated error structure omission|Model training / Technological / Overfitting|Knowledge analysis / Technological / Reliance on spurious features
P2,141,18000183,True,0.048770174316240214,,,Model operation / Technological / Collective robustness loss|Model operation / Technological / Communication loss / swarm fragmentation|Model operation / Technological / Dynamic topology,Model operation / Technological / Collective robustness loss|Model operation / Technological / Communication loss / swarm fragmentation|Model operation / Technological / Dynamic topology|Model operation / Technological / Correlated perception errors|Model operation / Technological / Cascading error propagation,Model operation / Technological / Collective robustness loss|Model operation / Technological / Communication loss / swarm fragmentation|Model operation / Technological / Dynamic topology|Model operation / Technological / Correlated perception errors|Model operation / Technological / Cascading error propagation|Knowledge analysis / Technological / Correlated errors x interaction graph omission|Model operation / Human / Loss of situational awareness|Model training / Technological / Correlated error structure omission|Model training / Technological / Domain shift as technological robustness failure|Model training / Technological / Overfitting
P2,142,18000184,True,0.0476566773323896,,,Model operation / Technological / Dynamic topology|Model operation / Technological / Cascading error propagation|Model operation / Technological / Communication loss / swarm fragmentation,Model operation / Technological / Dynamic topology|Model operation / Technological / Cascading error propagation|Model operation / Technological / Communication loss / swarm fragmentation|Model operation / Technological / Correlated perception errors|Model operation / Technological / Collective robustness loss,Model operation / Technological / Dynamic topology|Model operation / Technological / Cascading error propagation|Model operation / Technological / Communication loss / swarm fragmentation|Model operation / Technological / Correlated perception errors|Model operation / Technological / Collective robustness loss|Model training / Technological / Correlated error structure omission|Knowledge analysis / Technological / Correlated errors x interaction graph omission|Model operation / Human / Loss of situational awareness|Model training / Technological / Overfitting|Model training / Technological / Domain shift as technological robustness failure
P2,143,18000185,True,0.02954301154462545,,,Model operation / Technological / Collective robustness loss|Model operation / Technological / Correlated perception errors|Model operation / Technological / Dynamic topology,Model operation / Technological / Collective robustness loss|Model operation / Technological / Correlated perception errors|Model operation / Technological / Dynamic topology|Model operation / Technological / Cascading error propagation|Model operation / Technological / Communication loss / swarm fragmentation,Model operation / Technological / Collective robustness loss|Model operation / Technological / Correlated perception errors|Model operation / Technological / Dynamic topology|Model operation / Technological / Cascading error propagation|Model operation / Technological / Communication loss / swarm fragmentation|Model operation / Human / Loss of situational awareness|Knowledge analysis / Technological / Correlated errors x interaction graph omission|Model training / Technological / Correlated error structure omission|Model training / Technological / Domain shift as technological robustness failure|Model training / Technological / Overfitting
P2,144,18000186,True,0.06145284254625482,,,Model operation / Technological / Cascading error propagation|Knowledge analysis / Technological / Correlated errors x interaction graph omission|Model operation / Technological / Communication loss / swarm fragmentation,Model operation / Technological / Cascading error propagation|Knowledge analysis / Technological / Correlated errors x interaction graph omission|Model operation / Technological / Communication loss / swarm fragmentation|Model operation / Technological / Collective robustness loss|Model operation / Technological / Dynamic topology,Model operation / Technological / Cascading error propagation|Knowledge analysis / Technological / Correlated errors x interaction graph omission|Model operation / Technological / Communication loss / swarm fragmentation|Model operation / Technological / Collective robustness loss|Model operation / Technological / Dynamic topology|Model operation / Technological / Correlated perception errors|Model operation / Human / Loss of situational awareness|Model training / Technological / Correlated error structure omission|Knowledge analysis / Technological / Reliance on spurious features|Model training / Technological / Overfitting
P2,145,18000187,True,0.04473445921897975,,,Model operation / Technological / Cascading error propagation|Model operation / Technological / Dynamic topology|Model operation / Technological / Collective robustness loss,Model operation / Technological / Cascading error propagation|Model operation / Technological / Dynamic topology|Model operation / Technological / Collective robustness loss|Model operation / Technological / Communication loss / swarm fragmentation|Model operation / Technological / Correlated perception errors,Model operation / Technological / Cascading error propagation|Model operation / Technological / Dynamic topology|Model operation / Technological / Collective robustness loss|Model operation / Technological / Communication loss / swarm fragmentation|Model operation / Technological / Correlated perception errors|Model training / Technological / Correlated error structure omission|Model operation / Human / Loss of situational awareness|Knowledge analysis / Technological / Correlated errors x interaction graph omission|Model training / Technological / Noise/blur/compression fragility|Model training / Technological / Domain shift as technological robustness failure
P2,146,18000188,False,0.11463774720924746,,,Model operation / Technological / Communication loss / swarm fragmentation|Model operation / Technological / Cascading error propagation|Model operation / Technological / Correlated perception errors,Model operation / Technological / Communication loss / swarm fragmentation|Model operation / Technological / Cascading error propagation|Model operation / Technological / Correlated perception errors|Model operation / Technological / Collective robustness loss|Model operation / Technological / Dynamic topology,Model operation / Technological / Communication loss / swarm fragmentation|Model operation / Technological / Cascading error propagation|Model operation / Technological / Correlated perception errors|Model operation / Technological / Collective robustness loss|Model operation / Technological / Dynamic topology|Knowledge analysis / Technological / Correlated errors x interaction graph omission|Model operation / Human / Loss of situational awareness|Model training / Technological / Correlated error structure omission|Model training / Technological / Overfitting|Knowledge analysis / Technological / Reliance on spurious features
P2,147,18000189,True,0.09715466456654948,,,Model operation / Technological / Collective robustness loss|Model operation / Technological / Communication loss / swarm fragmentation|Model operation / Technological / Cascading error propagation,Model operation / Technological / Collective robustness loss|Model operation / Technological / Communication loss / swarm fragmentation|Model operation / Technological / Cascading error propagation|Model operation / Technological / Correlated perception errors|Model operation / Technological / Dynamic topology,Model operation / Technological / Collective robustness loss|Model operation / Technological / Communication loss / swarm fragmentation|Model operation / Technological / Cascading error propagation|Model operation / Technological / Correlated perception errors|Model operation / Technological / Dynamic topology|Model training / Technological / Correlated error structure omission|Knowledge analysis / Technological / Correlated errors x interaction graph omission|Model operation / Human / Loss of situational awareness|Model training / Technological / Domain shift as technological robustness failure|Model training / Technological / Noise/blur/compression fragility
P2,148,18000190,True,0.06544227444071618,,,Model operation / Technological / Communication loss / swarm fragmentation|Model operation / Technological / Collective robustness loss|Model operation / Technological / Dynamic topology,Model operation / Technological / Communication loss / swarm fragmentation|Model operation / Technological / Collective robustness loss|Model operation / Technological / Dynamic topology|Model operation / Technological / Correlated perception errors|Model operation / Technological / Cascading error propagation,Model operation / Technological / Communication loss / swarm fragmentation|Model operation / Technological / Collective robustness loss|Model operation / Technological / Dynamic topology|Model operation / Technological / Correlated perception errors|Model operation / Technological / Cascading error propagation|Knowledge analysis / Technological / Correlated errors x interaction graph omission|Model training / Technological / Correlated error structure omission|Model operation / Human / Loss of situational awareness|Knowledge analysis / Technological / Reliance on spurious features|Model training / Technological / Noise/blur/compression fragility
P2,149,18000191,True,0.07672391085915899,,,Model operation / Technological / Correlated perception errors|Model operation / Technological / Dynamic topology|Model operation / Technological / Cascading error propagation,Model operation / Technological / Correlated perception errors|Model operation / Technological / Dynamic topology|Model operation / Technological / Cascading error propagation|Model operation / Technological / Communication loss / swarm fragmentation|Model operation / Technological / Collective robustness loss,Model operation / Technological / Correlated perception errors|Model operation / Technological / Dynamic topology|Model operation / Technological / Cascading error propagation|Model operation / Technological / Communication loss / swarm fragmentation|Model operation / Technological / Collective robustness loss|Knowledge analysis / Technological / Correlated errors x interaction graph omission|Model training / Technological / Correlated error structure omission|Model operation / Human / Loss of situational awareness|Model training / Technological / Overfitting|Knowledge analysis / Technological / Reliance on spurious features
P2,150,18000192,True,0.03509983280103816,,,Model operation / Technological / Communication loss / swarm fragmentation|Model operation / Technological / Correlated perception errors|Model operation / Technological / Cascading error propagation,Model operation / Technological / Communication loss / swarm fragmentation|Model operation / Technological / Correlated perception errors|Model operation / Technological / Cascading error propagation|Model operation / Technological / Collective robustness loss|Model operation / Technological / Dynamic topology,Model operation / Technological / Communication loss / swarm fragmentation|Model operation / Technological / Correlated perception errors|Model operation / Technological / Cascading error propagation|Model operation / Technological / Collective robustness loss|Model operation / Technological / Dynamic topology|Knowledge analysis / Technological / Correlated errors x interaction graph omission|Model training / Technological / Correlated error structure omission|Model operation / Human / Loss of situational awareness|Model training / Technological / Overfitting|Model training / Technological / Domain shift as technological robustness failure
P2,151,18000193,True,0.036710829422457,,,Model operation / Technological / Correlated perception errors|Model operation / Technological / Cascading error propagation|Model operation / Technological / Communication loss / swarm fragmentation,Model operation / Technological / Correlated perception errors|Model operation / Technological / Cascading error propagation|Model operation / Technological / Communication loss / swarm fragmentation|Model operation / Technological / Dynamic topology|Model operation / Technological / Collective robustness loss,Model operation / Technological / Correlated perception errors|Model operation / Technological / Cascading error propagation|Model operation / Technological / Communication loss / swarm fragmentation|Model operation / Technological / Dynamic topology|Model operation / Technological / Collective robustness loss|Knowledge analysis / Technological / Correlated errors x interaction graph omission|Model training / Technological / Correlated error structure omission|Model operation / Human / Loss of situational awareness|Model training / Technological / Domain shift as technological robustness failure|Model training / Technological / Noise/blur/compression fragility
P2,152,18000194,True,0.03453664031261203,,,Model operation / Technological / Correlated perception errors|Model operation / Technological / Dynamic topology|Model operation / Technological / Collective robustness loss,Model operation / Technological / Correlated perception errors|Model operation / Technological / Dynamic topology|Model operation / Technological / Collective robustness loss|Model operation / Technological / Cascading error propagation|Model operation / Technological / Communication loss / swarm fragmentation,Model operation / Technological / Correlated perception errors|Model operation / Technological / Dynamic topology|Model operation / Technological / Collective robustness loss|Model operation / Technological / Cascading error propagation|Model operation / Technological / Communication loss / swarm fragmentation|Knowledge analysis / Technological / Correlated errors x interaction graph omission|Model operation / Human / Loss of situational awareness|Model training / Technological / Correlated error structure omission|Knowledge analysis / Technological / Reliance on spurious features|Model training / Technological / Domain shift as technological robustness failure
P2,153,18000195,True,0.03292298512392894,,,Model operation / Technological / Cascading error propagation|Model operation / Technological / Correlated perception errors|Model operation / Technological / Communication loss / swarm fragmentation,Model operation / Technological / Cascading error propagation|Model operation / Technological / Correlated perception errors|Model operation / Technological / Communication loss / swarm fragmentation|Model operation / Technological / Dynamic topology|Model operation / Technological / Collective robustness loss,Model operation / Technological / Cascading error propagation|Model operation / Technological / Correlated perception errors|Model operation / Technological / Communication loss / swarm fragmentation|Model operation / Technological / Dynamic topology|Model operation / Technological / Collective robustness loss|Model training / Technological / Correlated error structure omission|Knowledge analysis / Technological / Correlated errors x interaction graph omission|Model operation / Human / Loss of situational awareness|Model training / Technological / Noise/blur/compression fragility|Model training / Technological / Overfitting
P2,154,18000196,True,0.053910731245518186,,,Model operation / Technological / Communication loss / swarm fragmentation|Model operation / Technological / Dynamic topology|Model operation / Technological / Correlated perception errors,Model operation / Technological / Communication loss / swarm fragmentation|Model operation / Technological / Dynamic topology|Model operation / Technological / Correlated perception errors|Model operation / Technological / Cascading error propagation|Model operation / Technological / Collective robustness loss,Model operation / Technological / Communication loss / swarm fragmentation|Model operation / Technological / Dynamic topology|Model operation / Technological / Correlated perception errors|Model operation / Technological / Cascading error propagation|Model operation / Technological / Collective robustness loss|Model training / Technological / Correlated error structure omission|Knowledge analysis / Technological / Correlated errors x interaction graph omission|Model operation / Human / Loss of situational awareness|Model training / Technological / Domain shift as technological robustness failure|Model training / Technological / Overfitting
P2,155,18000197,True,0.03921126094158209,,,Model operation / Technological / Correlated perception errors|Model operation / Technological / Collective robustness loss|Model operation / Technological / Communication loss / swarm fragmentation,Model operation / Technological / Correlated perception errors|Model operation / Technological / Collective robustness loss|Model operation / Technological / Communication loss / swarm fragmentation|Model operation / Technological / Cascading error propagation|Model operation / Technological / Dynamic topology,Model operation / Technological / Correlated perception errors|Model operation / Technological / Collective robustness loss|Model operation / Technological / Communication loss / swarm fragmentation|Model operation / Technological / Cascading error propagation|Model operation / Technological / Dynamic topology|Knowledge analysis / Technological / Correlated errors x interaction graph omission|Model operation / Human / Loss of situational awareness|Model training / Technological / Correlated error structure omission|Model training / Technological / Noise/blur/compression fragility|Model training / Technological / Overfitting
P2,156,18000198,True,0.04094736169817144,,,Model operation / Technological / Communication loss / swarm fragmentation|Model operation / Technological / Collective robustness loss|Model operation / Technological / Correlated perception errors,Model operation / Technological / Communication loss / swarm fragmentation|Model operation / Technological / Collective robustness loss|Model operation / Technological / Correlated perception errors|Model operation / Technological / Cascading error propagation|Model operation / Technological / Dynamic topology,Model operation / Technological / Communication loss / swarm fragmentation|Model operation / Technological / Collective robustness loss|Model operation / Technological / Correlated perception errors|Model operation / Technological / Cascading error propagation|Model operation / Technological / Dynamic topology|Model training / Technological / Correlated error structure omission|Model operation / Human / Loss of situational awareness|Knowledge analysis / Technological / Correlated errors x interaction graph omission|Model training / Technological / Noise/blur/compression fragility|Model training / Technological / Domain shift as technological robustness failure
P2,157,18000199,True,0.0316155730356746,,,Model operation / Technological / Communication loss / swarm fragmentation|Model operation / Technological / Dynamic topology|Model operation / Technological / Cascading error propagation,Model operation / Technological / Communication loss / swarm fragmentation|Model operation / Technological / Dynamic topology|Model operation / Technological / Cascading error propagation|Model operation / Technological / Correlated perception errors|Model operation / Technological / Collective robustness loss,Model operation / Technological / Communication loss / swarm fragmentation|Model operation / Technological / Dynamic topology|Model operation / Technological / Cascading error propagation|Model operation / Technological / Correlated perception errors|Model operation / Technological / Collective robustness loss|Model training / Technological / Correlated error structure omission|Knowledge analysis / Technological / Correlated errors x interaction graph omission|Model operation / Human / Loss of situational awareness|Knowledge analysis / Technological / Reliance on spurious features|Model training / Technological / Domain shift as technological robustness failure
P2,158,18000200,True,0.060864992697011816,,,Model operation / Technological / Correlated perception errors|Model operation / Technological / Dynamic topology|Model operation / Technological / Communication loss / swarm fragmentation,Model operation / Technological / Correlated perception errors|Model operation / Technological / Dynamic topology|Model operation / Technological / Communication loss / swarm fragmentation|Model operation / Technological / Collective robustness loss|Model operation / Technological / Cascading error propagation,Model operation / Technological / Correlated perception errors|Model operation / Technological / Dynamic topology|Model operation / Technological / Communication loss / swarm fragmentation|Model operation / Technological / Collective robustness loss|Model operation / Technological / Cascading error propagation|Model training / Technological / Correlated error structure omission|Model operation / Human / Loss of situational awareness|Knowledge analysis / Technological / Correlated errors x interaction graph omission|Model training / Technological / Noise/blur/compression fragility|Model training / Technological / Domain shift as technological robustness failure
P2,159,18000201,True,0.06760272265581842,,,Model operation / Technological / Cascading error propagation|Model operation / Technological / Dynamic topology|Model operation / Technological / Collective robustness loss,Model operation / Technological / Cascading error propagation|Model operation / Technological / Dynamic topology|Model operation / Technological / Collective robustness loss|Model operation / Technological / Correlated perception errors|Model operation / Technological / Communication loss / swarm fragmentation,Model operation / Technological / Cascading error propagation|Model operation / Technological / Dynamic topology|Model operation / Technological / Collective robustness loss|Model operation / Technological / Correlated perception errors|Model operation / Technological / Communication loss / swarm fragmentation|Knowledge analysis / Technological / Correlated errors x interaction graph omission|Model operation / Human / Loss of situational awareness|Model training / Technological / Correlated error structure omission|Model training / Technological / Domain shift as technological robustness failure|Model training / Technological / Overfitting
P2,160,18000202,True,0.073617517489427,,,Model operation / Technological / Dynamic topology|Model operation / Technological / Communication loss / swarm fragmentation|Model operation / Technological / Correlated perception errors,Model operation / Technological / Dynamic topology|Model operation / Technological / Communication loss / swarm fragmentation|Model operation / Technological / Correlated perception errors|Model operation / Technological / Collective robustness loss|Model operation / Technological / Cascading error propagation,Model operation / Technological / Dynamic topology|Model operation / Technological / Communication loss / swarm fragmentation|Model operation / Technological / Correlated perception errors|Model operation / Technological / Collective robustness loss|Model operation / Technological / Cascading error propagation|Knowledge analysis / Technological / Correlated errors x interaction graph omission|Model training / Technological / Correlated error structure omission|Model operation / Human / Loss of situational awareness|Knowledge analysis / Technological / Reliance on spurious features|Model training / Technological / Domain shift as technological robustness failure
P2,161,18000203,True,0.0438877700450895,,,Model operation / Technological / Cascading error propagation|Model operation / Technological / Correlated perception errors|Model operation / Technological / Collective robustness loss,Model operation / Technological / Cascading error propagation|Model operation / Technological / Correlated perception errors|Model operation / Technological / Collective robustness loss|Model operation / Technological / Communication loss / swarm fragmentation|Model operation / Technological / Dynamic topology,Model operation / Technological / Cascading error propagation|Model operation / Technological / Correlated perception errors|Model operation / Technological / Collective robustness loss|Model operation / Technological / Communication loss / swarm fragmentation|Model operation / Technological / Dynamic topology|Knowledge analysis / Technological / Correlated errors x interaction graph omission|Model operation / Human / Loss of situational awareness|Model training / Technological / Correlated error structure omission|Model training / Technological / Overfitting|Model training / Technological / Noise/blur/compression fragility
P2,162,18000204,True,0.0414681080092755,,,Model operation / Technological / Collective robustness loss|Model operation / Technological / Correlated perception errors|Model operation / Technological / Dynamic topology,Model operation / Technological / Collective robustness loss|Model operation / Technological / Correlated perception errors|Model operation / Technological / Dynamic topology|Model operation / Technological / Cascading error propagation|Model operation / Technological / Communication loss / swarm fragmentation,Model operation / Technological / Collective robustness loss|Model operation / Technological / Correlated perception errors|Model operation / Technological / Dynamic topology|Model operation / Technological / Cascading error propagation|Model operation / Technological / Communication loss / swarm fragmentation|Model training / Technological / Correlated error structure omission|Knowledge analysis / Technological / Correlated errors x interaction graph omission|Model operation / Human / Loss of situational awareness|Model training / Technological / Overfitting|Model training / Technological / Noise/blur/compression fragility
P2,163,18000205,True,0.03512764115996307,,,Model operation / Technological / Correlated perception errors|Model operation / Technological / Cascading error propagation|Model operation / Technological / Dynamic topology,Model operation / Technological / Correlated perception errors|Model operation / Technological / Cascading error propagation|Model operation / Technological / Dynamic topology|Model operation / Technological / Communication loss / swarm fragmentation|Model operation / Technological / Collective robustness loss,Model operation / Technological / Correlated perception errors|Model operation / Technological / Cascading error propagation|Model operation / Technological / Dynamic topology|Model operation / Technological / Communication loss / swarm fragmentation|Model operation / Technological / Collective robustness loss|Model operation / Human / Loss of situational awareness|Knowledge analysis / Technological / Correlated errors x interaction graph omission|Model training / Technological / Correlated error structure omission|Model training / Technological / Overfitting|Model training / Technological / Domain shift as technological robustness failure
P2,164,18000206,True,0.04800828214550054,,,Model operation / Technological / Collective robustness loss|Model operation / Technological / Dynamic topology|Model operation / Technological / Correlated perception errors,Model operation / Technological / Collective robustness loss|Model operation / Technological / Dynamic topology|Model operation / Technological / Correlated perception errors|Model operation / Technological / Cascading error propagation|Model operation / Technological / Communication loss / swarm fragmentation,Model operation / Technological / Collective robustness loss|Model operation / Technological / Dynamic topology|Model operation / Technological / Correlated perception errors|Model operation / Technological / Cascading error propagation|Model operation / Technological / Communication loss / swarm fragmentation|Knowledge analysis / Technological / Correlated errors x interaction graph omission|Model operation / Human / Loss of situational awareness|Model training / Technological / Correlated error structure omission|Knowledge analysis / Technological / Reliance on spurious features|Model training / Technological / Noise/blur/compression fragility
P2,165,18000207,True,0.044933460577648784,,,Model operation / Technological / Collective robustness loss|Model operation / Technological / Communication loss / swarm fragmentation|Model operation / Technological / Cascading error propagation,Model operation / Technological / Collective robustness loss|Model operation / Technological / Communication loss / swarm fragmentation|Model operation / Technological / Cascading error propagation|Model operation / Technological / Dynamic topology|Model operation / Technological / Correlated perception errors,Model operation / Technological / Collective robustness loss|Model operation / Technological / Communication loss / swarm fragmentation|Model operation / Technological / Cascading error propagation|Model operation / Technological / Dynamic topology|Model operation / Technological / Correlated perception errors|Model training / Technological / Correlated error structure omission|Model operation / Human / Loss of situational awareness|Knowledge analysis / Technological / Correlated errors x interaction graph omission|Model training / Technological / Domain shift as technological robustness failure|Model training / Technological / Overfitting
P2,166,18000208,True,0.03656910012523923,,,Model operation / Technological / Cascading error propagation|Model operation / Technological / Collective robustness loss|Model operation / Technological / Correlated perception errors,Model operation / Technological / Cascading error propagation|Model operation / Technological / Collective robustness loss|Model operation / Technological / Correlated perception errors|Model operation / Technological / Dynamic topology|Model operation / Technological / Communication loss / swarm fragmentation,Model operation / Technological / Cascading error propagation|Model operation / Technological / Collective robustness loss|Model operation / Technological / Correlated perception errors|Model operation / Technological / Dynamic topology|Model operation / Technological / Communication loss / swarm fragmentation|Knowledge analysis / Technological / Correlated errors x interaction graph omission|Model training / Technological / Correlated error structure omission|Model operation / Human / Loss of situational awareness|Model training / Technological / Domain shift as technological robustness failure|Model training / Technological / Noise/blur/compression fragility
P2,167,18000209,True,0.05277129795786391,,,Model operation / Technological / Collective robustness loss|Model operation / Technological / Communication loss / swarm fragmentation|Model operation / Technological / Correlated perception errors,Model operation / Technological / Collective robustness loss|Model operation / Technological / Communication loss / swarm fragmentation|Model operation / Technological / Correlated perception errors|Model operation / Technological / Dynamic topology|Model operation / Technological / Cascading error propagation,Model operation / Technological / Collective robustness loss|Model operation / Technological / Communication loss / swarm fragmentation|Model operation / Technological / Correlated perception errors|Model operation / Technological / Dynamic topology|Model operation / Technological / Cascading error propagation|Model operation / Human / Loss of situational awareness|Knowledge analysis / Technological / Correlated errors x interaction graph omission|Model training / Technological / Correlated error structure omission|Model training / Technological / Domain shift as technological robustness failure|Model training / Technological / Noise/blur/compression fragility
P2,168,18000210,False,0.133544220065379,,,Model operation / Technological / Communication loss / swarm fragmentation|Model operation / Technological / Dynamic topology|Model operation / Technological / Cascading error propagation,Model operation / Technological / Communication loss / swarm fragmentation|Model operation / Technological / Dynamic topology|Model operation / Technological / Cascading error propagation|Model operation / Technological / Collective robustness loss|Model operation / Technological / Correlated perception errors,Model operation / Technological / Communication loss / swarm fragmentation|Model operation / Technological / Dynamic topology|Model operation / Technological / Cascading error propagation|Model operation / Technological / Collective robustness loss|Model operation / Technological / Correlated perception errors|Knowledge analysis / Technological / Correlated errors x interaction graph omission|Model training / Technological / Correlated error structure omission|Model operation / Human / Loss of situational awareness|Knowledge analysis / Technological / Reliance on spurious features|Model training / Technological / Domain shift as technological robustness failure
P2,169,18000211,True,0.07766796681354826,,,Model operation / Technological / Correlated perception errors|Model operation / Technological / Collective robustness loss|Model operation / Technological / Dynamic topology,Model operation / Technological / Correlated perception errors|Model operation / Technological / Collective robustness loss|Model operation / Technological / Dynamic topology|Model operation / Technological / Communication loss / swarm fragmentation|Model operation / Technological / Cascading error propagation,Model operation / Technological / Correlated perception errors|Model operation / Technological / Collective robustness loss|Model operation / Technological / Dynamic topology|Model operation / Technological / Communication loss / swarm fragmentation|Model operation / Technological / Cascading error propagation|Knowledge analysis / Technological / Correlated errors x interaction graph omission|Model training / Technological / Correlated error structure omission|Model operation / Human / Loss of situational awareness|Model training / Technological / Domain shift as technological robustness failure|Model training / Technological / Overfitting
P2,170,18000212,True,0.050030283705728054,,,Model operation / Technological / Communication loss / swarm fragmentation|Model operation / Technological / Collective robustness loss|Model operation / Technological / Dynamic topology,Model operation / Technological / Communication loss / swarm fragmentation|Model operation / Technological / Collective robustness loss|Model operation / Technological / Dynamic topology|Model operation / Technological / Cascading error propagation|Model operation / Technological / Correlated perception errors,Model operation / Technological / Communication loss / swarm fragmentation|Model operation / Technological / Collective robustness loss|Model operation / Technological / Dynamic topology|Model operation / Technological / Cascading error propagation|Model operation / Technological / Correlated perception errors|Knowledge analysis / Technological / Correlated errors x interaction graph omission|Model operation / Human / Loss of situational awareness|Model training / Technological / Correlated error structure omission|Knowledge analysis / Technological / Reliance on spurious features|Model training / Technological / Noise/blur/compression fragility
P2,171,18000213,True,0.06675354932730453,,,Model operation / Technological / Collective robustness loss|Model operation / Technological / Dynamic topology|Model operation / Technological / Communication loss / swarm fragmentation,Model operation / Technological / Collective robustness loss|Model operation / Technological / Dynamic topology|Model operation / Technological / Communication loss / swarm fragmentation|Model operation / Technological / Correlated perception errors|Model operation / Technological / Cascading error propagation,Model operation / Technological / Collective robustness loss|Model operation / Technological / Dynamic topology|Model operation / Technological / Communication loss / swarm fragmentation|Model operation / Technological / Correlated perception errors|Model operation / Technological / Cascading error propagation|Model training / Technological / Correlated error structure omission|Model operation / Human / Loss of situational awareness|Knowledge analysis / Technological / Correlated errors x interaction graph omission|Model training / Technological / Domain shift as technological robustness failure|Model training / Technological / Noise/blur/compression fragility
P2,172,18000214,True,0.08579005216950246,,,Model operation / Technological / Communication loss / swarm fragmentation|Model operation / Technological / Correlated perception errors|Model operation / Technological / Collective robustness loss,Model operation / Technological / Communication loss / swarm fragmentation|Model operation / Technological / Correlated perception errors|Model operation / Technological / Collective robustness loss|Model operation / Technological / Cascading error propagation|Model operation / Technological / Dynamic topology,Model operation / Technological / Communication loss / swarm fragmentation|Model operation / Technological / Correlated perception errors|Model operation / Technological / Collective robustness loss|Model operation / Technological / Cascading error propagation|Model operation / Technological / Dynamic topology|Knowledge analysis / Technological / Correlated errors x interaction graph omission|Model operation / Human / Loss of situational awareness|Model training / Technological / Correlated error structure omission|Model training / Technological / Noise/blur/compression fragility|Model training / Technological / Overfitting
P2,173,18000215,True,0.054171346197187845,,,Model operation / Technological / Collective robustness loss|Model operation / Technological / Cascading error propagation|Model operation / Technological / Communication loss / swarm fragmentation,Model operation / Technological / Collective robustness loss|Model operation / Technological / Cascading error propagation|Model operation / Technological / Communication loss / swarm fragmentation|Model operation / Technological / Correlated perception errors|Model operation / Technological / Dynamic topology,Model operation / Technological / Collective robustness loss|Model operation / Technological / Cascading error propagation|Model operation / Technological / Communication loss / swarm fragmentation|Model operation / Technological / Correlated perception errors|Model operation / Technological / Dynamic topology|Knowledge analysis / Technological / Correlated errors x interaction graph omission|Model operation / Human / Loss of situational awareness|Model training / Technological / Correlated error structure omission|Knowledge analysis / Technological / Reliance on spurious features|Model training / Technological / Domain shift as technological robustness failure
P2,174,18000216,True,0.04392817333431496,,,Model operation / Technological / Cascading error propagation|Model operation / Technological / Collective robustness loss|Model operation / Technological / Communication loss / swarm fragmentation,Model operation / Technological / Cascading error propagation|Model operation / Technological / Collective robustness loss|Model operation / Technological / Communication loss / swarm fragmentation|Model operation / Technological / Dynamic topology|Model operation / Technological / Correlated perception errors,Model operation / Technological / Cascading error propagation|Model operation / Technological / Collective robustness loss|Model operation / Technological / Communication loss / swarm fragmentation|Model operation / Technological / Dynamic topology|Model operation / Technological / Correlated perception errors|Model operation / Human / Loss of situational awareness|Model training / Technological / Correlated error structure omission|Knowledge analysis / Technological / Correlated errors x interaction graph omission|Model training / Technological / Overfitting|Model training / Technological / Domain shift as technological robustness failure
P2,175,18000217,True,0.041283151631165874,,,Model operation / Technological / Collective robustness loss|Model operation / Technological / Cascading error propagation|Model operation / Technological / Communication loss / swarm fragmentation,Model operation / Technological / Collective robustness loss|Model operation / Technological / Cascading error propagation|Model operation / Technological / Communication loss / swarm fragmentation|Model operation / Technological / Dynamic topology|Model operation / Technological / Correlated perception errors,Model operation / Technological / Collective robustness loss|Model operation / Technological / Cascading error propagation|Model operation / Technological / Communication loss / swarm fragmentation|Model operation / Technological / Dynamic topology|Model operation / Technological / Correlated perception errors|Model training / Technological / Correlated error structure omission|Knowledge analysis / Technological / Correlated errors x interaction graph omission|Model operation / Human / Loss of situational awareness|Model training / Technological / Domain shift as technological robustness failure|Model training / Technological / Noise/blur/compression fragility
P2,176,18000218,True,0.03987465333721218,,,Model operation / Technological / Collective robustness loss|Model operation / Technological / Communication loss / swarm fragmentation|Model operation / Technological / Cascading error propagation,Model operation / Technological / Collective robustness loss|Model operation / Technological / Communication loss / swarm fragmentation|Model operation / Technological / Cascading error propagation|Model operation / Technological / Correlated perception errors|Model operation / Technological / Dynamic topology,Model operation / Technological / Collective robustness loss|Model operation / Technological / Communication loss / swarm fragmentation|Model operation / Technological / Cascading error propagation|Model operation / Technological / Correlated perception errors|Model operation / Technological / Dynamic topology|Knowledge analysis / Technological / Correlated errors x interaction graph omission|Model operation / Human / Loss of situational awareness|Model training / Technological / Correlated error structure omission|Knowledge selection / Human / Missing operational scenarios|Knowledge selection / Human / Dataset bias / spatial bias
P2,177,18000219,True,0.05894135265201361,,,Model operation / Technological / Correlated perception errors|Model operation / Technological / Dynamic topology|Model operation / Technological / Cascading error propagation,Model operation / Technological / Correlated perception errors|Model operation / Technological / Dynamic topology|Model operation / Technological / Cascading error propagation|Model operation / Technological / Collective robustness loss|Model operation / Technological / Communication loss / swarm fragmentation,Model operation / Technological / Correlated perception errors|Model operation / Technological / Dynamic topology|Model operation / Technological / Cascading error propagation|Model operation / Technological / Collective robustness loss|Model operation / Technological / Communication loss / swarm fragmentation|Knowledge analysis / Technological / Correlated errors x interaction graph omission|Model operation / Human / Loss of situational awareness|Model training / Technological / Correlated error structure omission|Model training / Technological / Overfitting|Knowledge analysis / Technological / Reliance on spurious features
P2,178,18000220,True,0.046206797548404545,,,Model operation / Technological / Dynamic topology|Model operation / Technological / Cascading error propagation|Model operation / Technological / Correlated perception errors,Model operation / Technological / Dynamic topology|Model operation / Technological / Cascading error propagation|Model operation / Technological / Correlated perception errors|Model operation / Technological / Collective robustness loss|Model operation / Technological / Communication loss / swarm fragmentation,Model operation / Technological / Dynamic topology|Model operation / Technological / Cascading error propagation|Model operation / Technological / Correlated perception errors|Model operation / Technological / Collective robustness loss|Model operation / Technological / Communication loss / swarm fragmentation|Model training / Technological / Correlated error structure omission|Model operation / Human / Loss of situational awareness|Knowledge analysis / Technological / Correlated errors x interaction graph omission|Model training / Technological / Noise/blur/compression fragility|Model training / Technological / Domain shift as technological robustness failure
P2,179,18000221,True,0.043369923287977445,,,Model operation / Technological / Correlated perception errors|Model operation / Technological / Cascading error propagation|Model operation / Technological / Dynamic topology,Model operation / Technological / Correlated perception errors|Model operation / Technological / Cascading error propagation|Model operation / Technological / Dynamic topology|Model operation / Technological / Communication loss / swarm fragmentation|Model operation / Technological / Collective robustness loss,Model operation / Technological / Correlated perception errors|Model operation / Technological / Cascading error propagation|Model operation / Technological / Dynamic topology|Model operation / Technological / Communication loss / swarm fragmentation|Model operation / Technological / Collective robustness loss|Model training / Technological / Correlated error structure omission|Knowledge analysis / Technological / Correlated errors x interaction graph omission|Model operation / Human / Loss of situational awareness|Model training / Technological / Noise/blur/compression fragility|Model training / Technological / Overfitting
P2,180,18000222,True,0.04608994536320838,,,Model operation / Technological / Communication loss / swarm fragmentation|Model operation / Technological / Collective robustness loss|Model operation / Technological / Correlated perception errors,Model operation / Technological / Communication loss / swarm fragmentation|Model operation / Technological / Collective robustness loss|Model operation / Technological / Correlated perception errors|Model operation / Technological / Cascading error propagation|Model operation / Technological / Dynamic topology,Model operation / Technological / Communication loss / swarm fragmentation|Model operation / Technological / Collective robustness loss|Model operation / Technological / Correlated perception errors|Model operation / Technological / Cascading error propagation|Model operation / Technological / Dynamic topology|Knowledge analysis / Technological / Correlated errors x interaction graph omission|Model operation / Human / Loss of situational awareness|Model training / Technological / Correlated error structure omission|Knowledge analysis / Technological / Reliance on spurious features|Model training / Technological / Domain shift as technological robustness failure
P2,181,18000223,True,0.03156010108894889,,,Model operation / Technological / Collective robustness loss|Model operation / Technological / Correlated perception errors|Model operation / Technological / Communication loss / swarm fragmentation,Model operation / Technological / Collective robustness loss|Model operation / Technological / Correlated perception errors|Model operation / Technological / Communication loss / swarm fragmentation|Model operation / Technological / Cascading error propagation|Model operation / Technological / Dynamic topology,Model operation / Technological / Collective robustness loss|Model operation / Technological / Correlated perception errors|Model operation / Technological / Communication loss / swarm fragmentation|Model operation / Technological / Cascading error propagation|Model operation / Technological / Dynamic topology|Knowledge analysis / Technological / Correlated errors x interaction graph omission|Model operation / Human / Loss of situational awareness|Model training / Technological / Correlated error structure omission|Knowledge analysis / Technological / Reliance on spurious features|Knowledge selection / Human / Dataset bias / spatial bias
P2,182,18000224,True,0.04437786856334945,,,Model operation / Technological / Dynamic topology|Model operation / Technological / Correlated perception errors|Model operation / Technological / Collective robustness loss,Model operation / Technological / Dynamic topology|Model operation / Technological / Correlated perception errors|Model operation / Technological / Collective robustness loss|Model operation / Technological / Communication loss / swarm fragmentation|Model operation / Technological / Cascading error propagation,Model operation / Technological / Dynamic topology|Model operation / Technological / Correlated perception errors|Model operation / Technological / Collective robustness loss|Model operation / Technological / Communication loss / swarm fragmentation|Model operation / Technological / Cascading error propagation|Model training / Technological / Correlated error structure omission|Knowledge analysis / Technological / Correlated errors x interaction graph omission|Model operation / Human / Loss of situational awareness|Model training / Technological / Domain shift as technological robustness failure|Model training / Technological / Noise/blur/compression fragility
P2,183,18000225,True,0.04054795954053451,,,Model operation / Technological / Communication loss / swarm fragmentation|Model operation / Technological / Dynamic topology|Model operation / Technological / Correlated perception errors,Model operation / Technological / Communication loss / swarm fragmentation|Model operation / Technological / Dynamic topology|Model operation / Technological / Correlated perception errors|Model operation / Technological / Collective robustness loss|Model operation / Technological / Cascading error propagation,Model operation / Technological / Communication loss / swarm fragmentation|Model operation / Technological / Dynamic topology|Model operation / Technological / Correlated perception errors|Model operation / Technological / Collective robustness loss|Model operation / Technological / Cascading error propagation|Knowledge analysis / Technological / Correlated errors x interaction graph omission|Model operation / Human / Loss of situational awareness|Model training / Technological / Correlated error structure omission|Knowledge analysis / Technological / Reliance on spurious features|Model training / Technological / Domain shift as technological robustness failure
P2,184,18000226,True,0.05968678022035025,,,Model operation / Technological / Collective robustness loss|Model operation / Technological / Cascading error propagation|Model operation / Technological / Correlated perception errors,Model operation / Technological / Collective robustness loss|Model operation / Technological / Cascading error propagation|Model operation / Technological / Correlated perception errors|Model operation / Technological / Dynamic topology|Model operation / Technological / Communication loss / swarm fragmentation,Model operation / Technological / Collective robustness loss|Model operation / Technological / Cascading error propagation|Model operation / Technological / Correlated perception errors|Model operation / Technological / Dynamic topology|Model operation / Technological / Communication loss / swarm fragmentation|Knowledge analysis / Technological / Correlated errors x interaction graph omission|Model operation / Human / Loss of situational awareness|Model training / Technological / Correlated error structure omission|Knowledge analysis / Technological / Reliance on spurious features|Model training / Technological / Domain shift as technological robustness failure
P2,185,18000227,True,0.05716592585660711,,,Model operation / Technological / Dynamic topology|Model operation / Technological / Cascading error propagation|Model operation / Technological / Correlated perception errors,Model operation / Technological / Dynamic topology|Model operation / Technological / Cascading error propagation|Model operation / Technological / Correlated perception errors|Model operation / Technological / Communication loss / swarm fragmentation|Model operation / Technological / Collective robustness loss,Model operation / Technological / Dynamic topology|Model operation / Technological / Cascading error propagation|Model operation / Technological / Correlated perception errors|Model operation / Technological / Communication loss / swarm fragmentation|Model operation / Technological / Collective robustness loss|Knowledge analysis / Technological / Correlated errors x interaction graph omission|Model operation / Human / Loss of situational awareness|Model training / Technological / Correlated error structure omission|Model training / Technological / Domain shift as technological robustness failure|Knowledge analysis / Technological / Reliance on spurious features
P2,186,18000228,True,0.03486242840559644,,,Model operation / Technological / Communication loss / swarm fragmentation|Model operation / Technological / Correlated perception errors|Model operation / Technological / Collective robustness loss,Model operation / Technological / Communication loss / swarm fragmentation|Model operation / Technological / Correlated perception errors|Model operation / Technological / Collective robustness loss|Model operation / Technological / Dynamic topology|Model operation / Technological / Cascading error propagation,Model operation / Technological / Communication loss / swarm fragmentation|Model operation / Technological / Correlated perception errors|Model operation / Technological / Collective robustness loss|Model operation / Technological / Dynamic topology|Model operation / Technological / Cascading error propagation|Knowledge analysis / Technological / Correlated errors x interaction graph omission|Model operation / Human / Loss of situational awareness|Model training / Technological / Correlated error structure omission|Knowledge analysis / Technological / Reliance on spurious features|Model training / Technological / Domain shift as technological robustness failure
P2,187,18000229,True,0.04325994644068337,,,Model operation / Technological / Correlated perception errors|Model operation / Technological / Collective robustness loss|Model operation / Technological / Communication loss / swarm fragmentation,Model operation / Technological / Correlated perception errors|Model operation / Technological / Collective robustness loss|Model operation / Technological / Communication loss / swarm fragmentation|Model operation / Technological / Dynamic topology|Model operation / Technological / Cascading error propagation,Model operation / Technological / Correlated perception errors|Model operation / Technological / Collective robustness loss|Model operation / Technological / Communication loss / swarm fragmentation|Model operation / Technological / Dynamic topology|Model operation / Technological / Cascading error propagation|Model training / Technological / Correlated error structure omission|Model operation / Human / Loss of situational awareness|Knowledge analysis / Technological / Correlated errors x interaction graph omission|Model training / Technological / Overfitting|Model training / Technological / Noise/blur/compression fragility
P2,188,18000230,True,0.0411331763061798,,,Model operation / Technological / Dynamic topology|Model operation / Technological / Correlated perception errors|Model operation / Technological / Communication loss / swarm fragmentation,Model operation / Technological / Dynamic topology|Model operation / Technological / Correlated perception errors|Model operation / Technological / Communication loss / swarm fragmentation|Model operation / Technological / Cascading error propagation|Model operation / Technological / Collective robustness loss,Model operation / Technological / Dynamic topology|Model operation / Technological / Correlated perception errors|Model operation / Technological / Communication loss / swarm fragmentation|Model operation / Technological / Cascading error propagation|Model operation / Technological / Collective robustness loss|Model operation / Human / Loss of situational awareness|Model training / Technological / Correlated error structure omission|Knowledge analysis / Technological / Correlated errors x interaction graph omission|Model training / Technological / Noise/blur/compression fragility|Model training / Technological / Domain shift as technological robustness failure
P2,189,18000231,True,0.03597280851848031,,,Model operation / Technological / Correlated perception errors|Model operation / Technological / Cascading error propagation|Model operation / Technological / Dynamic topology,Model operation / Technological / Correlated perception errors|Model operation / Technological / Cascading error propagation|Model operation / Technological / Dynamic topology|Model operation / Technological / Collective robustness loss|Model operation / Technological / Communication loss / swarm fragmentation,Model operation / Technological / Correlated perception errors|Model operation / Technological / Cascading error propagation|Model operation / Technological / Dynamic topology|Model operation / Technological / Collective robustness loss|Model operation / Technological / Communication loss / swarm fragmentation|Model training / Technological / Correlated error structure omission|Knowledge analysis / Technological / Correlated errors x interaction graph omission|Model operation / Human / Loss of situational awareness|Model training / Technological / Overfitting|Model training / Technological / Noise/blur/compression fragility
P2,190,18000232,True,0.05051579973437594,,,Model operation / Technological / Correlated perception errors|Model operation / Technological / Dynamic topology|Model operation / Technological / Cascading error propagation,Model operation / Technological / Correlated perception errors|Model operation / Technological / Dynamic topology|Model operation / Technological / Cascading error propagation|Model operation / Technological / Collective robustness loss|Model operation / Technological / Communication loss / swarm fragmentation,Model operation / Technological / Correlated perception errors|Model operation / Technological / Dynamic topology|Model operation / Technological / Cascading error propagation|Model operation / Technological / Collective robustness loss|Model operation / Technological / Communication loss / swarm fragmentation|Knowledge analysis / Technological / Correlated errors x interaction graph omission|Model operation / Human / Loss of situational awareness|Model training / Technological / Correlated error structure omission|Knowledge analysis / Technological / Reliance on spurious features|Model training / Technological / Overfitting
P2,191,18000233,True,0.057959193788668234,,,Model operation / Technological / Correlated perception errors|Model operation / Technological / Communication loss / swarm fragmentation|Model operation / Technological / Dynamic topology,Model operation / Technological / Correlated perception errors|Model operation / Technological / Communication loss / swarm fragmentation|Model operation / Technological / Dynamic topology|Model operation / Technological / Collective robustness loss|Model operation / Technological / Cascading error propagation,Model operation / Technological / Correlated perception errors|Model operation / Technological / Communication loss / swarm fragmentation|Model operation / Technological / Dynamic topology|Model operation / Technological / Collective robustness loss|Model operation / Technological / Cascading error propagation|Knowledge analysis / Technological / Correlated errors x interaction graph omission|Model operation / Human / Loss of situational awareness|Model training / Technological / Correlated error structure omission|Model training / Technological / Noise/blur/compression fragility|Model training / Technological / Overfitting
P2,192,18000234,True,0.034691554818583284,,,Model operation / Technological / Correlated perception errors|Model operation / Technological / Cascading error propagation|Model operation / Technological / Communication loss / swarm fragmentation,Model operation / Technological / Correlated perception errors|Model operation / Technological / Cascading error propagation|Model operation / Technological / Communication loss / swarm fragmentation|Model operation / Technological / Dynamic topology|Model operation / Technological / Collective robustness loss,Model operation / Technological / Correlated perception errors|Model operation / Technological / Cascading error propagation|Model operation / Technological / Communication loss / swarm fragmentation|Model operation / Technological / Dynamic topology|Model operation / Technological / Collective robustness loss|Knowledge analysis / Technological / Correlated errors x interaction graph omission|Model operation / Human / Loss of situational awareness|Model training / Technological / Correlated error structure omission|Knowledge analysis / Technological / Reliance on spurious features|Model training / Technological / Domain shift as technological robustness failure
P2,193,18000235,True,0.03266314567613554,,,Model operation / Technological / Dynamic topology|Model operation / Technological / Correlated perception errors|Model operation / Technological / Communication loss / swarm fragmentation,Model operation / Technological / Dynamic topology|Model operation / Technological / Correlated perception errors|Model operation / Technological / Communication loss / swarm fragmentation|Model operation / Technological / Collective robustness loss|Model operation / Technological / Cascading error propagation,Model operation / Technological / Dynamic topology|Model operation / Technological / Correlated perception errors|Model operation / Technological / Communication loss / swarm fragmentation|Model operation / Technological / Collective robustness loss|Model operation / Technological / Cascading error propagation|Knowledge analysis / Technological / Correlated errors x interaction graph omission|Model training / Technological / Correlated error structure omission|Model operation / Human / Loss of situational awareness|Model training / Technological / Noise/blur/compression fragility|Model training / Technological / Overfitting
P2,194,18000236,True,0.08206925638169948,,,Model operation / Technological / Dynamic topology|Model operation / Technological / Collective robustness loss|Model operation / Technological / Cascading error propagation,Model operation / Technological / Dynamic topology|Model operation / Technological / Collective robustness loss|Model operation / Technological / Cascading error propagation|Model operation / Technological / Communication loss / swarm fragmentation|Model operation / Technological / Correlated perception errors,Model operation / Technological / Dynamic topology|Model operation / Technological / Collective robustness loss|Model operation / Technological / Cascading error propagation|Model operation / Technological / Communication loss / swarm fragmentation|Model operation / Technological / Correlated perception errors|Model training / Technological / Correlated error structure omission|Model operation / Human / Loss of situational awareness|Knowledge analysis / Technological / Correlated errors x interaction graph omission|Model training / Technological / Overfitting|Model training / Technological / Noise/blur/compression fragility
P2,195,18000237,True,0.03695570128514356,,,Model operation / Technological / Correlated perception errors|Model operation / Technological / Cascading error propagation|Model operation / Technological / Communication loss / swarm fragmentation,Model operation / Technological / Correlated perception errors|Model operation / Technological / Cascading error propagation|Model operation / Technological / Communication loss / swarm fragmentation|Model operation / Technological / Dynamic topology|Model operation / Technological / Collective robustness loss,Model operation / Technological / Correlated perception errors|Model operation / Technological / Cascading error propagation|Model operation / Technological / Communication loss / swarm fragmentation|Model operation / Technological / Dynamic topology|Model operation / Technological / Collective robustness loss|Model operation / Human / Loss of situational awareness|Knowledge analysis / Technological / Correlated errors x interaction graph omission|Model training / Technological / Correlated error structure omission|Model training / Technological / Noise/blur/compression fragility|Model training / Technological / Overfitting
P2,196,18000238,True,0.04439817748341864,,,Model operation / Technological / Correlated perception errors|Model operation / Technological / Collective robustness loss|Model operation / Technological / Communication loss / swarm fragmentation,Model operation / Technological / Correlated perception errors|Model operation / Technological / Collective robustness loss|Model operation / Technological / Communication loss / swarm fragmentation|Model operation / Technological / Cascading error propagation|Model operation / Technological / Dynamic topology,Model operation / Technological / Correlated perception errors|Model operation / Technological / Collective robustness loss|Model operation / Technological / Communication loss / swarm fragmentation|Model operation / Technological / Cascading error propagation|Model operation / Technological / Dynamic topology|Model operation / Human / Loss of situational awareness|Knowledge analysis / Technological / Correlated errors x interaction graph omission|Model training / Technological / Correlated error structure omission|Model training / Technological / Overfitting|Model training / Technological / Noise/blur/compression fragility
P2,197,18000239,True,0.03055885925462294,,,Model operation / Technological / Dynamic topology|Model operation / Technological / Collective robustness loss|Model operation / Technological / Correlated perception errors,Model operation / Technological / Dynamic topology|Model operation / Technological / Collective robustness loss|Model operation / Technological / Correlated perception errors|Model operation / Technological / Cascading error propagation|Model operation / Technological / Communication loss / swarm fragmentation,Model operation / Technological / Dynamic topology|Model operation / Technological / Collective robustness loss|Model operation / Technological / Correlated perception errors|Model operation / Technological / Cascading error propagation|Model operation / Technological / Communication loss / swarm fragmentation|Model operation / Human / Loss of situational awareness|Model training / Technological / Correlated error structure omission|Knowledge analysis / Technological / Correlated errors x interaction graph omission|Model training / Technological / Overfitting|Model training / Technological / Noise/blur/compression fragility
P2,198,18000240,True,0.05355287727970773,,,Model operation / Technological / Dynamic topology|Model operation / Technological / Cascading error propagation|Model operation / Technological / Communication loss / swarm fragmentation,Model operation / Technological / Dynamic topology|Model operation / Technological / Cascading error propagation|Model operation / Technological / Communication loss / swarm fragmentation|Model operation / Technological / Collective robustness loss|Model operation / Technological / Correlated perception errors,Model operation / Technological / Dynamic topology|Model operation / Technological / Cascading error propagation|Model operation / Technological / Communication loss / swarm fragmentation|Model operation / Technological / Collective robustness loss|Model operation / Technological / Correlated perception errors|Knowledge analysis / Technological / Correlated errors x interaction graph omission|Model training / Technological / Correlated error structure omission|Model operation / Human / Loss of situational awareness|Model training / Technological / Domain shift as technological robustness failure|Model training / Technological / Overfitting
P2,199,18000241,True,0.044092779476877016,,,Model operation / Technological / Dynamic topology|Model operation / Technological / Communication loss / swarm fragmentation|Model operation / Technological / Collective robustness loss,Model operation / Technological / Dynamic topology|Model operation / Technological / Communication loss / swarm fragmentation|Model operation / Technological / Collective robustness loss|Model operation / Technological / Correlated perception errors|Model operation / Technological / Cascading error propagation,Model operation / Technological / Dynamic topology|Model operation / Technological / Communication loss / swarm fragmentation|Model operation / Technological / Collective robustness loss|Model operation / Technological / Correlated perception errors|Model operation / Technological / Cascading error propagation|Model operation / Human / Loss of situational awareness|Model training / Technological / Correlated error structure omission|Knowledge analysis / Technological / Correlated errors x interaction graph omission|Model training / Technological / Noise/blur/compression fragility|Model training / Technological / Overfitting
