profile_id,sample_index,sample_seed,accepted,max_cr,offending_paths,error,top3,top5,top10
P1,0,17800042,True,0.07915606301660763,,,Knowledge analysis / Technological / Pseudo-quantification risk|Knowledge analysis / Technological / Incorrect spatial-geometric interpretation|Model training / Technological / Confidence miscalibration,Knowledge analysis / Technological / Pseudo-quantification risk|Knowledge analysis / Technological / Incorrect spatial-geometric interpretation|Model training / Technological / Confidence miscalibration|Model training / Technological / Confabulations|Model operation / Technological / Security robustness / spoofing,Knowledge analysis / Technological / Pseudo-quantification risk|Knowledge analysis / Technological / Incorrect spatial-geometric interpretation|Model training / Technological / Confidence miscalibration|Model training / Technological / Confabulations|Model operation / Technological / Security robustness / spoofing|Model operation / Technological / Map inconsistency|Model operation / Technological / Concept drift|Model operation / Technological / Sensor artifacts|Model training / Technological / Selective prediction / refusal failure|Model training / Technological / Domain shift as technological robustness failure
P1,1,17800043,True,0.027658123914658647,,,Knowledge analysis / Technological / Pseudo-quantification risk|Knowledge analysis / Technological / Incorrect spatial-geometric interpretation|Model training / Technological / Confidence miscalibration,Knowledge analysis / Technological / Pseudo-quantification risk|Knowledge analysis / Technological / Incorrect spatial-geometric interpretation|Model training / Technological / Confidence miscalibration|Model training / Technological / Confabulations|Model training / Technological / Metric gaming,Knowledge analysis / Technological / Pseudo-quantification risk|Knowledge analysis / Technological / Incorrect spatial-geometric interpretation|Model training / Technological / Confidence miscalibration|Model training / Technological / Confabulations|Model training / Technological / Metric gaming|Model training / Technological / Correlated error structure omission|Model training / Technological / Noise/blur/compression fragility|Model training / Technological / Overfitting|Model training / Technological / Training instability|Model training / Technological / Preprocessing and augmentation pipeline defects
P1,2,17800044,True,0.06789056984696878,,,Knowledge analysis / Technological / Pseudo-quantification risk|Knowledge analysis / Technological / Incorrect spatial-geometric interpretation|Model training / Technological / Confabulations,Knowledge analysis / Technological / Pseudo-quantification risk|Knowledge analysis / Technological / Incorrect spatial-geometric interpretation|Model training / Technological / Confabulations|Model training / Technological / Confidence miscalibration|Model training / Technological / Preprocessing and augmentation pipeline defects,Knowledge analysis / Technological / Pseudo-quantification risk|Knowledge analysis / Technological / Incorrect spatial-geometric interpretation|Model training / Technological / Confabulations|Model training / Technological / Confidence miscalibration|Model training / Technological / Preprocessing and augmentation pipeline defects|Model training / Technological / Correlated error structure omission|Model training / Technological / Training instability|Model training / Technological / Latency/compute budget breach|Model training / Technological / Metric gaming|Model training / Technological / Domain shift as technological robustness failure
P1,3,17800045,True,0.07469979147107621,,,Knowledge analysis / Technological / Pseudo-quantification risk|Knowledge analysis / Technological / Incorrect spatial-geometric interpretation|Model training / Technological / Confidence miscalibration,Knowledge analysis / Technological / Pseudo-quantification risk|Knowledge analysis / Technological / Incorrect spatial-geometric interpretation|Model training / Technological / Confidence miscalibration|Model training / Technological / Confabulations|Knowledge analysis / Technological / Spatial frame / map mismatch,Knowledge analysis / Technological / Pseudo-quantification risk|Knowledge analysis / Technological / Incorrect spatial-geometric interpretation|Model training / Technological / Confidence miscalibration|Model training / Technological / Confabulations|Knowledge analysis / Technological / Spatial frame / map mismatch|Model training / Technological / Metric gaming|Model training / Technological / Domain shift as technological robustness failure|Knowledge analysis / Human / Lack of uncertainty estimation|Model training / Technological / Training instability|Model training / Technological / Latency/compute budget breach
P1,4,17800046,True,0.03387133571239183,,,Knowledge analysis / Technological / Pseudo-quantification risk|Knowledge analysis / Technological / Incorrect spatial-geometric interpretation|Model training / Technological / Confidence miscalibration,Knowledge analysis / Technological / Pseudo-quantification risk|Knowledge analysis / Technological / Incorrect spatial-geometric interpretation|Model training / Technological / Confidence miscalibration|Model training / Technological / Confabulations|Model training / Technological / Domain shift as technological robustness failure,Knowledge analysis / Technological / Pseudo-quantification risk|Knowledge analysis / Technological / Incorrect spatial-geometric interpretation|Model training / Technological / Confidence miscalibration|Model training / Technological / Confabulations|Model training / Technological / Domain shift as technological robustness failure|Model training / Technological / Training instability|Model training / Technological / Latency/compute budget breach|Model training / Technological / Selective prediction / refusal failure|Model operation / Technological / Security robustness / spoofing|Model training / Human / Domain shift underestimation
P1,5,17800047,True,0.03344450095276727,,,Knowledge analysis / Technological / Pseudo-quantification risk|Knowledge analysis / Technological / Incorrect spatial-geometric interpretation|Model training / Technological / Confabulations,Knowledge analysis / Technological / Pseudo-quantification risk|Knowledge analysis / Technological / Incorrect spatial-geometric interpretation|Model training / Technological / Confabulations|Model training / Technological / Confidence miscalibration|Model training / Technological / Noise/blur/compression fragility,Knowledge analysis / Technological / Pseudo-quantification risk|Knowledge analysis / Technological / Incorrect spatial-geometric interpretation|Model training / Technological / Confabulations|Model training / Technological / Confidence miscalibration|Model training / Technological / Noise/blur/compression fragility|Model operation / Technological / Security robustness / spoofing|Model training / Technological / Domain shift as technological robustness failure|Model training / Technological / Metric gaming|Model training / Technological / Selective prediction / refusal failure|Model training / Technological / Training instability
P1,6,17800048,True,0.03271611978194824,,,Knowledge analysis / Technological / Pseudo-quantification risk|Knowledge analysis / Technological / Incorrect spatial-geometric interpretation|Model training / Technological / Confabulations,Knowledge analysis / Technological / Pseudo-quantification risk|Knowledge analysis / Technological / Incorrect spatial-geometric interpretation|Model training / Technological / Confabulations|Model training / Technological / Confidence miscalibration|Model training / Technological / Overfitting,Knowledge analysis / Technological / Pseudo-quantification risk|Knowledge analysis / Technological / Incorrect spatial-geometric interpretation|Model training / Technological / Confabulations|Model training / Technological / Confidence miscalibration|Model training / Technological / Overfitting|Model training / Technological / Training instability|Model training / Technological / Noise/blur/compression fragility|Model training / Technological / Preprocessing and augmentation pipeline defects|Model training / Technological / Metric gaming|Model training / Technological / Domain shift as technological robustness failure
P1,7,17800049,True,0.043331938853427295,,,Knowledge analysis / Technological / Incorrect spatial-geometric interpretation|Knowledge analysis / Technological / Pseudo-quantification risk|Model training / Technological / Confabulations,Knowledge analysis / Technological / Incorrect spatial-geometric interpretation|Knowledge analysis / Technological / Pseudo-quantification risk|Model training / Technological / Confabulations|Model training / Technological / Confidence miscalibration|Model training / Technological / Latency/compute budget breach,Knowledge analysis / Technological / Incorrect spatial-geometric interpretation|Knowledge analysis / Technological / Pseudo-quantification risk|Model training / Technological / Confabulations|Model training / Technological / Confidence miscalibration|Model training / Technological / Latency/compute budget breach|Model training / Technological / Domain shift as technological robustness failure|Model training / Technological / Correlated error structure omission|Model training / Technological / Overfitting|Model training / Technological / Noise/blur/compression fragility|Model training / Technological / Metric gaming
P1,8,17800050,True,0.029213734222870793,,,Knowledge analysis / Technological / Incorrect spatial-geometric interpretation|Knowledge analysis / Technological / Pseudo-quantification risk|Model training / Technological / Confabulations,Knowledge analysis / Technological / Incorrect spatial-geometric interpretation|Knowledge analysis / Technological / Pseudo-quantification risk|Model training / Technological / Confabulations|Model training / Technological / Confidence miscalibration|Model training / Technological / Noise/blur/compression fragility,Knowledge analysis / Technological / Incorrect spatial-geometric interpretation|Knowledge analysis / Technological / Pseudo-quantification risk|Model training / Technological / Confabulations|Model training / Technological / Confidence miscalibration|Model training / Technological / Noise/blur/compression fragility|Model operation / Technological / Sensor artifacts|Model operation / Technological / Security robustness / spoofing|Model operation / Technological / Map inconsistency|Model training / Technological / Correlated error structure omission|Knowledge analysis / Technological / Spatial frame / map mismatch
P1,9,17800051,True,0.035935000954838134,,,Knowledge analysis / Technological / Pseudo-quantification risk|Knowledge analysis / Technological / Incorrect spatial-geometric interpretation|Model training / Technological / Confidence miscalibration,Knowledge analysis / Technological / Pseudo-quantification risk|Knowledge analysis / Technological / Incorrect spatial-geometric interpretation|Model training / Technological / Confidence miscalibration|Model training / Technological / Confabulations|Model training / Technological / Selective prediction / refusal failure,Knowledge analysis / Technological / Pseudo-quantification risk|Knowledge analysis / Technological / Incorrect spatial-geometric interpretation|Model training / Technological / Confidence miscalibration|Model training / Technological / Confabulations|Model training / Technological / Selective prediction / refusal failure|Model training / Technological / Correlated error structure omission|Model training / Technological / Noise/blur/compression fragility|Model training / Technological / Domain shift as technological robustness failure|Model training / Technological / Latency/compute budget breach|Model training / Technological / Metric gaming
P1,10,17800052,True,0.03755995222473073,,,Knowledge analysis / Technological / Incorrect spatial-geometric interpretation|Knowledge analysis / Technological / Pseudo-quantification risk|Model training / Technological / Confabulations,Knowledge analysis / Technological / Incorrect spatial-geometric interpretation|Knowledge analysis / Technological / Pseudo-quantification risk|Model training / Technological / Confabulations|Model training / Technological / Confidence miscalibration|Model training / Technological / Selective prediction / refusal failure,Knowledge analysis / Technological / Incorrect spatial-geometric interpretation|Knowledge analysis / Technological / Pseudo-quantification risk|Model training / Technological / Confabulations|Model training / Technological / Confidence miscalibration|Model training / Technological / Selective prediction / refusal failure|Model training / Technological / Training instability|Model training / Technological / Correlated error structure omission|Model training / Technological / Preprocessing and augmentation pipeline defects|Model training / Technological / Metric gaming|Model training / Technological / Noise/blur/compression fragility
P1,11,17800053,True,0.07267571176653713,,,Knowledge analysis / Technological / Pseudo-quantification risk|Knowledge analysis / Technological / Incorrect spatial-geometric interpretation|Model training / Technological / Confidence miscalibration,Knowledge analysis / Technological / Pseudo-quantification risk|Knowledge analysis / Technological / Incorrect spatial-geometric interpretation|Model training / Technological / Confidence miscalibration|Model training / Technological / Confabulations|Model training / Technological / Overfitting,Knowledge analysis / Technological / Pseudo-quantification risk|Knowledge analysis / Technological / Incorrect spatial-geometric interpretation|Model training / Technological / Confidence miscalibration|Model training / Technological / Confabulations|Model training / Technological / Overfitting|Model training / Technological / Noise/blur/compression fragility|Model training / Technological / Correlated error structure omission|Model training / Technological / Latency/compute budget breach|Model training / Technological / Metric gaming|Model training / Technological / Preprocessing and augmentation pipeline defects
P1,12,17800054,True,0.07652277073657959,,,Knowledge analysis / Technological / Incorrect spatial-geometric interpretation|Knowledge analysis / Technological / Pseudo-quantification risk|Model training / Technological / Confabulations,Knowledge analysis / Technological / Incorrect spatial-geometric interpretation|Knowledge analysis / Technological / Pseudo-quantification risk|Model training / Technological / Confabulations|Model training / Technological / Confidence miscalibration|Model training / Technological / Preprocessing and augmentation pipeline defects,Knowledge analysis / Technological / Incorrect spatial-geometric interpretation|Knowledge analysis / Technological / Pseudo-quantification risk|Model training / Technological / Confabulations|Model training / Technological / Confidence miscalibration|Model training / Technological / Preprocessing and augmentation pipeline defects|Model training / Technological / Selective prediction / refusal failure|Model training / Technological / Overfitting|Model training / Technological / Metric gaming|Model training / Technological / Correlated error structure omission|Model training / Technological / Latency/compute budget breach
P1,13,17800055,True,0.06588870995677241,,,Knowledge analysis / Technological / Pseudo-quantification risk|Knowledge analysis / Technological / Incorrect spatial-geometric interpretation|Model training / Technological / Confabulations,Knowledge analysis / Technological / Pseudo-quantification risk|Knowledge analysis / Technological / Incorrect spatial-geometric interpretation|Model training / Technological / Confabulations|Model training / Technological / Confidence miscalibration|Knowledge analysis / Technological / Representation mismatch for swarm needs,Knowledge analysis / Technological / Pseudo-quantification risk|Knowledge analysis / Technological / Incorrect spatial-geometric interpretation|Model training / Technological / Confabulations|Model training / Technological / Confidence miscalibration|Knowledge analysis / Technological / Representation mismatch for swarm needs|Model training / Technological / Correlated error structure omission|Model training / Technological / Domain shift as technological robustness failure|Model operation / Technological / Concept drift|Model training / Technological / Metric gaming|Model training / Technological / Preprocessing and augmentation pipeline defects
P1,14,17800056,True,0.05175987012073237,,,Knowledge analysis / Technological / Incorrect spatial-geometric interpretation|Knowledge analysis / Technological / Pseudo-quantification risk|Model training / Technological / Confabulations,Knowledge analysis / Technological / Incorrect spatial-geometric interpretation|Knowledge analysis / Technological / Pseudo-quantification risk|Model training / Technological / Confabulations|Model training / Technological / Confidence miscalibration|Model training / Technological / Overfitting,Knowledge analysis / Technological / Incorrect spatial-geometric interpretation|Knowledge analysis / Technological / Pseudo-quantification risk|Model training / Technological / Confabulations|Model training / Technological / Confidence miscalibration|Model training / Technological / Overfitting|Model training / Technological / Domain shift as technological robustness failure|Model training / Technological / Preprocessing and augmentation pipeline defects|Model training / Technological / Training instability|Model training / Technological / Selective prediction / refusal failure|Model training / Technological / Latency/compute budget breach
P1,15,17800057,True,0.03424592278045903,,,Knowledge analysis / Technological / Pseudo-quantification risk|Knowledge analysis / Technological / Incorrect spatial-geometric interpretation|Model training / Technological / Confidence miscalibration,Knowledge analysis / Technological / Pseudo-quantification risk|Knowledge analysis / Technological / Incorrect spatial-geometric interpretation|Model training / Technological / Confidence miscalibration|Model training / Technological / Confabulations|Model training / Technological / Noise/blur/compression fragility,Knowledge analysis / Technological / Pseudo-quantification risk|Knowledge analysis / Technological / Incorrect spatial-geometric interpretation|Model training / Technological / Confidence miscalibration|Model training / Technological / Confabulations|Model training / Technological / Noise/blur/compression fragility|Model training / Technological / Preprocessing and augmentation pipeline defects|Model training / Technological / Metric gaming|Model training / Technological / Training instability|Model training / Technological / Overfitting|Model training / Technological / Correlated error structure omission
P1,16,17800058,True,0.0429011980213616,,,Knowledge analysis / Technological / Pseudo-quantification risk|Knowledge analysis / Technological / Incorrect spatial-geometric interpretation|Model training / Technological / Confabulations,Knowledge analysis / Technological / Pseudo-quantification risk|Knowledge analysis / Technological / Incorrect spatial-geometric interpretation|Model training / Technological / Confabulations|Model training / Technological / Confidence miscalibration|Model training / Technological / Selective prediction / refusal failure,Knowledge analysis / Technological / Pseudo-quantification risk|Knowledge analysis / Technological / Incorrect spatial-geometric interpretation|Model training / Technological / Confabulations|Model training / Technological / Confidence miscalibration|Model training / Technological / Selective prediction / refusal failure|Model training / Technological / Correlated error structure omission|Model training / Technological / Noise/blur/compression fragility|Model training / Technological / Metric gaming|Model training / Technological / Overfitting|Model training / Technological / Latency/compute budget breach
P1,17,17800059,True,0.029394386098823916,,,Knowledge analysis / Technological / Incorrect spatial-geometric interpretation|Knowledge analysis / Technological / Pseudo-quantification risk|Model training / Technological / Confabulations,Knowledge analysis / Technological / Incorrect spatial-geometric interpretation|Knowledge analysis / Technological / Pseudo-quantification risk|Model training / Technological / Confabulations|Model training / Technological / Confidence miscalibration|Model training / Technological / Metric gaming,Knowledge analysis / Technological / Incorrect spatial-geometric interpretation|Knowledge analysis / Technological / Pseudo-quantification risk|Model training / Technological / Confabulations|Model training / Technological / Confidence miscalibration|Model training / Technological / Metric gaming|Model operation / Technological / Sensor artifacts|Model training / Technological / Preprocessing and augmentation pipeline defects|Model operation / Technological / Map inconsistency|Model training / Technological / Noise/blur/compression fragility|Model operation / Technological / Security robustness / spoofing
P1,18,17800060,True,0.03624059425002326,,,Knowledge analysis / Technological / Pseudo-quantification risk|Knowledge analysis / Technological / Incorrect spatial-geometric interpretation|Model training / Technological / Confidence miscalibration,Knowledge analysis / Technological / Pseudo-quantification risk|Knowledge analysis / Technological / Incorrect spatial-geometric interpretation|Model training / Technological / Confidence miscalibration|Model training / Technological / Confabulations|Model training / Technological / Correlated error structure omission,Knowledge analysis / Technological / Pseudo-quantification risk|Knowledge analysis / Technological / Incorrect spatial-geometric interpretation|Model training / Technological / Confidence miscalibration|Model training / Technological / Confabulations|Model training / Technological / Correlated error structure omission|Model training / Technological / Preprocessing and augmentation pipeline defects|Model training / Technological / Training instability|Model training / Technological / Overfitting|Model training / Technological / Latency/compute budget breach|Model training / Technological / Selective prediction / refusal failure
P1,19,17800061,True,0.05897635320695119,,,Knowledge analysis / Technological / Incorrect spatial-geometric interpretation|Knowledge analysis / Technological / Pseudo-quantification risk|Model training / Technological / Confidence miscalibration,Knowledge analysis / Technological / Incorrect spatial-geometric interpretation|Knowledge analysis / Technological / Pseudo-quantification risk|Model training / Technological / Confidence miscalibration|Model training / Technological / Confabulations|Model training / Technological / Noise/blur/compression fragility,Knowledge analysis / Technological / Incorrect spatial-geometric interpretation|Knowledge analysis / Technological / Pseudo-quantification risk|Model training / Technological / Confidence miscalibration|Model training / Technological / Confabulations|Model training / Technological / Noise/blur/compression fragility|Model training / Technological / Latency/compute budget breach|Model training / Technological / Correlated error structure omission|Model training / Technological / Training instability|Model training / Technological / Domain shift as technological robustness failure|Model training / Technological / Selective prediction / refusal failure
P1,20,17800062,True,0.06782301348000504,,,Knowledge analysis / Technological / Incorrect spatial-geometric interpretation|Knowledge analysis / Technological / Pseudo-quantification risk|Model training / Technological / Confidence miscalibration,Knowledge analysis / Technological / Incorrect spatial-geometric interpretation|Knowledge analysis / Technological / Pseudo-quantification risk|Model training / Technological / Confidence miscalibration|Model training / Technological / Confabulations|Model training / Technological / Noise/blur/compression fragility,Knowledge analysis / Technological / Incorrect spatial-geometric interpretation|Knowledge analysis / Technological / Pseudo-quantification risk|Model training / Technological / Confidence miscalibration|Model training / Technological / Confabulations|Model training / Technological / Noise/blur/compression fragility|Model training / Technological / Preprocessing and augmentation pipeline defects|Model training / Technological / Training instability|Model training / Technological / Overfitting|Model training / Technological / Domain shift as technological robustness failure|Model training / Technological / Metric gaming
P1,21,17800063,True,0.07151774183016878,,,Knowledge analysis / Technological / Pseudo-quantification risk|Knowledge analysis / Technological / Incorrect spatial-geometric interpretation|Model training / Technological / Confidence miscalibration,Knowledge analysis / Technological / Pseudo-quantification risk|Knowledge analysis / Technological / Incorrect spatial-geometric interpretation|Model training / Technological / Confidence miscalibration|Model training / Technological / Confabulations|Model training / Technological / Metric gaming,Knowledge analysis / Technological / Pseudo-quantification risk|Knowledge analysis / Technological / Incorrect spatial-geometric interpretation|Model training / Technological / Confidence miscalibration|Model training / Technological / Confabulations|Model training / Technological / Metric gaming|Model training / Technological / Preprocessing and augmentation pipeline defects|Model training / Technological / Training instability|Model training / Technological / Correlated error structure omission|Model training / Technological / Domain shift as technological robustness failure|Model training / Technological / Latency/compute budget breach
P1,22,17800064,True,0.04336992328797679,,,Knowledge analysis / Technological / Incorrect spatial-geometric interpretation|Knowledge analysis / Technological / Pseudo-quantification risk|Model training / Technological / Confabulations,Knowledge analysis / Technological / Incorrect spatial-geometric interpretation|Knowledge analysis / Technological / Pseudo-quantification risk|Model training / Technological / Confabulations|Model training / Technological / Confidence miscalibration|Model operation / Technological / Map inconsistency,Knowledge analysis / Technological / Incorrect spatial-geometric interpretation|Knowledge analysis / Technological / Pseudo-quantification risk|Model training / Technological / Confabulations|Model training / Technological / Confidence miscalibration|Model operation / Technological / Map inconsistency|Model training / Technological / Metric gaming|Model operation / Technological / Sensor artifacts|Model training / Technological / Training instability|Model training / Technological / Preprocessing and augmentation pipeline defects|Model training / Technological / Domain shift as technological robustness failure
P1,23,17800065,True,0.037371969801203817,,,Knowledge analysis / Technological / Incorrect spatial-geometric interpretation|Knowledge analysis / Technological / Pseudo-quantification risk|Model training / Technological / Confidence miscalibration,Knowledge analysis / Technological / Incorrect spatial-geometric interpretation|Knowledge analysis / Technological / Pseudo-quantification risk|Model training / Technological / Confidence miscalibration|Model training / Technological / Confabulations|Model training / Technological / Preprocessing and augmentation pipeline defects,Knowledge analysis / Technological / Incorrect spatial-geometric interpretation|Knowledge analysis / Technological / Pseudo-quantification risk|Model training / Technological / Confidence miscalibration|Model training / Technological / Confabulations|Model training / Technological / Preprocessing and augmentation pipeline defects|Model training / Technological / Overfitting|Model training / Technological / Correlated error structure omission|Model training / Technological / Noise/blur/compression fragility|Model training / Technological / Latency/compute budget breach|Model training / Technological / Training instability
P1,24,17800066,True,0.058438131503899454,,,Knowledge analysis / Technological / Pseudo-quantification risk|Knowledge analysis / Technological / Incorrect spatial-geometric interpretation|Model training / Technological / Confabulations,Knowledge analysis / Technological / Pseudo-quantification risk|Knowledge analysis / Technological / Incorrect spatial-geometric interpretation|Model training / Technological / Confabulations|Model training / Technological / Confidence miscalibration|Model training / Technological / Correlated error structure omission,Knowledge analysis / Technological / Pseudo-quantification risk|Knowledge analysis / Technological / Incorrect spatial-geometric interpretation|Model training / Technological / Confabulations|Model training / Technological / Confidence miscalibration|Model training / Technological / Correlated error structure omission|Model operation / Technological / Map inconsistency|Model training / Technological / Metric gaming|Model training / Technological / Selective prediction / refusal failure|Model operation / Technological / Sensor artifacts|Model training / Technological / Training instability
P1,25,17800067,True,0.057865840604705586,,,Knowledge analysis / Technological / Incorrect spatial-geometric interpretation|Knowledge analysis / Technological / Pseudo-quantification risk|Model training / Technological / Confabulations,Knowledge analysis / Technological / Incorrect spatial-geometric interpretation|Knowledge analysis / Technological / Pseudo-quantification risk|Model training / Technological / Confabulations|Model training / Technological / Confidence miscalibration|Model training / Technological / Metric gaming,Knowledge analysis / Technological / Incorrect spatial-geometric interpretation|Knowledge analysis / Technological / Pseudo-quantification risk|Model training / Technological / Confabulations|Model training / Technological / Confidence miscalibration|Model training / Technological / Metric gaming|Model training / Technological / Overfitting|Model training / Technological / Training instability|Model training / Technological / Preprocessing and augmentation pipeline defects|Model training / Technological / Noise/blur/compression fragility|Model training / Technological / Latency/compute budget breach
P1,26,17800068,True,0.051307044074666436,,,Knowledge analysis / Technological / Pseudo-quantification risk|Knowledge analysis / Technological / Incorrect spatial-geometric interpretation|Model training / Technological / Confidence miscalibration,Knowledge analysis / Technological / Pseudo-quantification risk|Knowledge analysis / Technological / Incorrect spatial-geometric interpretation|Model training / Technological / Confidence miscalibration|Model training / Technological / Confabulations|Model training / Technological / Overfitting,Knowledge analysis / Technological / Pseudo-quantification risk|Knowledge analysis / Technological / Incorrect spatial-geometric interpretation|Model training / Technological / Confidence miscalibration|Model training / Technological / Confabulations|Model training / Technological / Overfitting|Model training / Technological / Training instability|Model training / Technological / Selective prediction / refusal failure|Model operation / Technological / Concept drift|Model operation / Technological / Security robustness / spoofing|Model training / Technological / Metric gaming
P1,27,17800069,True,0.06037306750455263,,,Knowledge analysis / Technological / Pseudo-quantification risk|Knowledge analysis / Technological / Incorrect spatial-geometric interpretation|Model training / Technological / Confidence miscalibration,Knowledge analysis / Technological / Pseudo-quantification risk|Knowledge analysis / Technological / Incorrect spatial-geometric interpretation|Model training / Technological / Confidence miscalibration|Model training / Technological / Confabulations|Knowledge analysis / Human / Lack of uncertainty estimation,Knowledge analysis / Technological / Pseudo-quantification risk|Knowledge analysis / Technological / Incorrect spatial-geometric interpretation|Model training / Technological / Confidence miscalibration|Model training / Technological / Confabulations|Knowledge analysis / Human / Lack of uncertainty estimation|Knowledge analysis / Technological / Reliance on spurious features|Knowledge analysis / Technological / Representation mismatch for swarm needs|Knowledge analysis / Technological / Spatial frame / map mismatch|Knowledge analysis / Technological / Correlated errors x interaction graph omission|Model training / Technological / Metric gaming
P1,28,17800070,True,0.05175987012073237,,,Knowledge analysis / Technological / Pseudo-quantification risk|Knowledge analysis / Technological / Incorrect spatial-geometric interpretation|Model training / Technological / Confabulations,Knowledge analysis / Technological / Pseudo-quantification risk|Knowledge analysis / Technological / Incorrect spatial-geometric interpretation|Model training / Technological / Confabulations|Model training / Technological / Confidence miscalibration|Model training / Technological / Training instability,Knowledge analysis / Technological / Pseudo-quantification risk|Knowledge analysis / Technological / Incorrect spatial-geometric interpretation|Model training / Technological / Confabulations|Model training / Technological / Confidence miscalibration|Model training / Technological / Training instability|Model operation / Technological / Concept drift|Model training / Technological / Noise/blur/compression fragility|Model training / Technological / Metric gaming|Model training / Technological / Domain shift as technological robustness failure|Model training / Technological / Latency/compute budget breach
P1,29,17800071,True,0.059968554363022786,,,Knowledge analysis / Technological / Pseudo-quantification risk|Knowledge analysis / Technological / Incorrect spatial-geometric interpretation|Model training / Technological / Confidence miscalibration,Knowledge analysis / Technological / Pseudo-quantification risk|Knowledge analysis / Technological / Incorrect spatial-geometric interpretation|Model training / Technological / Confidence miscalibration|Model training / Technological / Confabulations|Model operation / Technological / Security robustness / spoofing,Knowledge analysis / Technological / Pseudo-quantification risk|Knowledge analysis / Technological / Incorrect spatial-geometric interpretation|Model training / Technological / Confidence miscalibration|Model training / Technological / Confabulations|Model operation / Technological / Security robustness / spoofing|Model operation / Technological / Sensor artifacts|Model training / Technological / Domain shift as technological robustness failure|Model operation / Technological / Concept drift|Model operation / Technological / Map inconsistency|Model training / Technological / Metric gaming
P1,30,17800072,True,0.043486243695677086,,,Knowledge analysis / Technological / Pseudo-quantification risk|Knowledge analysis / Technological / Incorrect spatial-geometric interpretation|Model training / Technological / Confidence miscalibration,Knowledge analysis / Technological / Pseudo-quantification risk|Knowledge analysis / Technological / Incorrect spatial-geometric interpretation|Model training / Technological / Confidence miscalibration|Model training / Technological / Confabulations|Model operation / Technological / Sensor artifacts,Knowledge analysis / Technological / Pseudo-quantification risk|Knowledge analysis / Technological / Incorrect spatial-geometric interpretation|Model training / Technological / Confidence miscalibration|Model training / Technological / Confabulations|Model operation / Technological / Sensor artifacts|Model operation / Technological / Security robustness / spoofing|Model operation / Technological / Concept drift|Model operation / Technological / Map inconsistency|Model training / Technological / Preprocessing and augmentation pipeline defects|Knowledge analysis / Technological / Reliance on spurious features
P1,31,17800073,True,0.0311327699422368,,,Knowledge analysis / Technological / Incorrect spatial-geometric interpretation|Knowledge analysis / Technological / Pseudo-quantification risk|Model training / Technological / Confidence miscalibration,Knowledge analysis / Technological / Incorrect spatial-geometric interpretation|Knowledge analysis / Technological / Pseudo-quantification risk|Model training / Technological / Confidence miscalibration|Model training / Technological / Confabulations|Model training / Technological / Preprocessing and augmentation pipeline defects,Knowledge analysis / Technological / Incorrect spatial-geometric interpretation|Knowledge analysis / Technological / Pseudo-quantification risk|Model training / Technological / Confidence miscalibration|Model training / Technological / Confabulations|Model training / Technological / Preprocessing and augmentation pipeline defects|Model training / Technological / Selective prediction / refusal failure|Model operation / Technological / Map inconsistency|Model operation / Technological / Security robustness / spoofing|Model training / Technological / Latency/compute budget breach|Model training / Technological / Overfitting
P1,32,17800074,True,0.03562523887667277,,,Knowledge analysis / Technological / Pseudo-quantification risk|Knowledge analysis / Technological / Incorrect spatial-geometric interpretation|Model training / Technological / Confidence miscalibration,Knowledge analysis / Technological / Pseudo-quantification risk|Knowledge analysis / Technological / Incorrect spatial-geometric interpretation|Model training / Technological / Confidence miscalibration|Model training / Technological / Confabulations|Knowledge analysis / Technological / Spatial frame / map mismatch,Knowledge analysis / Technological / Pseudo-quantification risk|Knowledge analysis / Technological / Incorrect spatial-geometric interpretation|Model training / Technological / Confidence miscalibration|Model training / Technological / Confabulations|Knowledge analysis / Technological / Spatial frame / map mismatch|Model training / Technological / Noise/blur/compression fragility|Model training / Technological / Overfitting|Model training / Human / Domain shift underestimation|Model training / Technological / Preprocessing and augmentation pipeline defects|Model training / Technological / Domain shift as technological robustness failure
P1,33,17800075,True,0.027275836457597905,,,Knowledge analysis / Technological / Pseudo-quantification risk|Knowledge analysis / Technological / Incorrect spatial-geometric interpretation|Model training / Technological / Confabulations,Knowledge analysis / Technological / Pseudo-quantification risk|Knowledge analysis / Technological / Incorrect spatial-geometric interpretation|Model training / Technological / Confabulations|Model training / Technological / Confidence miscalibration|Model training / Technological / Selective prediction / refusal failure,Knowledge analysis / Technological / Pseudo-quantification risk|Knowledge analysis / Technological / Incorrect spatial-geometric interpretation|Model training / Technological / Confabulations|Model training / Technological / Confidence miscalibration|Model training / Technological / Selective prediction / refusal failure|Knowledge analysis / Technological / Representation mismatch for swarm needs|Model training / Technological / Overfitting|Model training / Technological / Preprocessing and augmentation pipeline defects|Model training / Technological / Training instability|Model training / Technological / Domain shift as technological robustness failure
P1,34,17800076,False,0.13062835590698113,,,Knowledge analysis / Technological / Pseudo-quantification risk|Knowledge analysis / Technological / Incorrect spatial-geometric interpretation|Model training / Technological / Confabulations,Knowledge analysis / Technological / Pseudo-quantification risk|Knowledge analysis / Technological / Incorrect spatial-geometric interpretation|Model training / Technological / Confabulations|Model training / Technological / Confidence miscalibration|Model training / Technological / Noise/blur/compression fragility,Knowledge analysis / Technological / Pseudo-quantification risk|Knowledge analysis / Technological / Incorrect spatial-geometric interpretation|Model training / Technological / Confabulations|Model training / Technological / Confidence miscalibration|Model training / Technological / Noise/blur/compression fragility|Model training / Technological / Latency/compute budget breach|Model training / Technological / Preprocessing and augmentation pipeline defects|Model training / Technological / Overfitting|Model training / Technological / Domain shift as technological robustness failure|Model training / Technological / Metric gaming
P1,35,17800077,True,0.027684179433061906,,,Knowledge analysis / Technological / Pseudo-quantification risk|Knowledge analysis / Technological / Incorrect spatial-geometric interpretation|Model training / Technological / Confabulations,Knowledge analysis / Technological / Pseudo-quantification risk|Knowledge analysis / Technological / Incorrect spatial-geometric interpretation|Model training / Technological / Confabulations|Model training / Technological / Confidence miscalibration|Model training / Technological / Training instability,Knowledge analysis / Technological / Pseudo-quantification risk|Knowledge analysis / Technological / Incorrect spatial-geometric interpretation|Model training / Technological / Confabulations|Model training / Technological / Confidence miscalibration|Model training / Technological / Training instability|Model training / Technological / Latency/compute budget breach|Model training / Technological / Overfitting|Model training / Technological / Domain shift as technological robustness failure|Model operation / Technological / Sensor artifacts|Model training / Technological / Noise/blur/compression fragility
P1,36,17800078,True,0.06438966419940256,,,Knowledge analysis / Technological / Pseudo-quantification risk|Knowledge analysis / Technological / Incorrect spatial-geometric interpretation|Model training / Technological / Confidence miscalibration,Knowledge analysis / Technological / Pseudo-quantification risk|Knowledge analysis / Technological / Incorrect spatial-geometric interpretation|Model training / Technological / Confidence miscalibration|Model training / Technological / Confabulations|Model training / Technological / Selective prediction / refusal failure,Knowledge analysis / Technological / Pseudo-quantification risk|Knowledge analysis / Technological / Incorrect spatial-geometric interpretation|Model training / Technological / Confidence miscalibration|Model training / Technological / Confabulations|Model training / Technological / Selective prediction / refusal failure|Knowledge analysis / Technological / Spatial frame / map mismatch|Model operation / Technological / Concept drift|Knowledge analysis / Technological / Correlated errors x interaction graph omission|Knowledge analysis / Technological / Representation mismatch for swarm needs|Model training / Technological / Noise/blur/compression fragility
P1,37,17800079,True,0.029007481936693127,,,Knowledge analysis / Technological / Pseudo-quantification risk|Knowledge analysis / Technological / Incorrect spatial-geometric interpretation|Model training / Technological / Confidence miscalibration,Knowledge analysis / Technological / Pseudo-quantification risk|Knowledge analysis / Technological / Incorrect spatial-geometric interpretation|Model training / Technological / Confidence miscalibration|Model training / Technological / Confabulations|Model operation / Technological / Map inconsistency,Knowledge analysis / Technological / Pseudo-quantification risk|Knowledge analysis / Technological / Incorrect spatial-geometric interpretation|Model training / Technological / Confidence miscalibration|Model training / Technological / Confabulations|Model operation / Technological / Map inconsistency|Model training / Technological / Noise/blur/compression fragility|Model operation / Technological / Security robustness / spoofing|Model operation / Technological / Sensor artifacts|Model training / Technological / Latency/compute budget breach|Model training / Technological / Preprocessing and augmentation pipeline defects
P1,38,17800080,True,0.02501756969150445,,,Knowledge analysis / Technological / Pseudo-quantification risk|Knowledge analysis / Technological / Incorrect spatial-geometric interpretation|Model training / Technological / Confidence miscalibration,Knowledge analysis / Technological / Pseudo-quantification risk|Knowledge analysis / Technological / Incorrect spatial-geometric interpretation|Model training / Technological / Confidence miscalibration|Model training / Technological / Confabulations|Model training / Technological / Preprocessing and augmentation pipeline defects,Knowledge analysis / Technological / Pseudo-quantification risk|Knowledge analysis / Technological / Incorrect spatial-geometric interpretation|Model training / Technological / Confidence miscalibration|Model training / Technological / Confabulations|Model training / Technological / Preprocessing and augmentation pipeline defects|Model training / Technological / Noise/blur/compression fragility|Model training / Technological / Domain shift as technological robustness failure|Model training / Technological / Metric gaming|Model training / Technological / Latency/compute budget breach|Model training / Technological / Correlated error structure omission
P1,39,17800081,True,0.038888622285062624,,,Knowledge analysis / Technological / Pseudo-quantification risk|Knowledge analysis / Technological / Incorrect spatial-geometric interpretation|Model training / Technological / Confidence miscalibration,Knowledge analysis / Technological / Pseudo-quantification risk|Knowledge analysis / Technological / Incorrect spatial-geometric interpretation|Model training / Technological / Confidence miscalibration|Model training / Technological / Confabulations|Model operation / Technological / Concept drift,Knowledge analysis / Technological / Pseudo-quantification risk|Knowledge analysis / Technological / Incorrect spatial-geometric interpretation|Model training / Technological / Confidence miscalibration|Model training / Technological / Confabulations|Model operation / Technological / Concept drift|Model training / Technological / Selective prediction / refusal failure|Model operation / Technological / Map inconsistency|Model operation / Technological / Security robustness / spoofing|Model operation / Technological / Sensor artifacts|Model training / Technological / Metric gaming
P1,40,17800082,True,0.03836148868039945,,,Knowledge analysis / Technological / Incorrect spatial-geometric interpretation|Knowledge analysis / Technological / Pseudo-quantification risk|Model training / Technological / Confidence miscalibration,Knowledge analysis / Technological / Incorrect spatial-geometric interpretation|Knowledge analysis / Technological / Pseudo-quantification risk|Model training / Technological / Confidence miscalibration|Model training / Technological / Confabulations|Model training / Technological / Preprocessing and augmentation pipeline defects,Knowledge analysis / Technological / Incorrect spatial-geometric interpretation|Knowledge analysis / Technological / Pseudo-quantification risk|Model training / Technological / Confidence miscalibration|Model training / Technological / Confabulations|Model training / Technological / Preprocessing and augmentation pipeline defects|Model training / Technological / Noise/blur/compression fragility|Model training / Technological / Selective prediction / refusal failure|Model training / Human / Domain shift underestimation|Model training / Technological / Metric gaming|Model training / Human / Overestimation due to data leakage / wrong splits
P1,41,17800083,True,0.0317366333992848,,,Knowledge analysis / Technological / Incorrect spatial-geometric interpretation|Knowledge analysis / Technological / Pseudo-quantification risk|Model training / Technological / Confidence miscalibration,Knowledge analysis / Technological / Incorrect spatial-geometric interpretation|Knowledge analysis / Technological / Pseudo-quantification risk|Model training / Technological / Confidence miscalibration|Model training / Technological / Confabulations|Model training / Technological / Overfitting,Knowledge analysis / Technological / Incorrect spatial-geometric interpretation|Knowledge analysis / Technological / Pseudo-quantification risk|Model training / Technological / Confidence miscalibration|Model training / Technological / Confabulations|Model training / Technological / Overfitting|Model operation / Technological / Concept drift|Model training / Technological / Domain shift as technological robustness failure|Model training / Technological / Latency/compute budget breach|Model operation / Technological / Security robustness / spoofing|Model operation / Technological / Map inconsistency
P1,42,17800084,True,0.028438250843895153,,,Knowledge analysis / Technological / Incorrect spatial-geometric interpretation|Knowledge analysis / Technological / Pseudo-quantification risk|Model training / Technological / Confidence miscalibration,Knowledge analysis / Technological / Incorrect spatial-geometric interpretation|Knowledge analysis / Technological / Pseudo-quantification risk|Model training / Technological / Confidence miscalibration|Model training / Technological / Confabulations|Model training / Technological / Selective prediction / refusal failure,Knowledge analysis / Technological / Incorrect spatial-geometric interpretation|Knowledge analysis / Technological / Pseudo-quantification risk|Model training / Technological / Confidence miscalibration|Model training / Technological / Confabulations|Model training / Technological / Selective prediction / refusal failure|Model training / Technological / Latency/compute budget breach|Model training / Technological / Domain shift as technological robustness failure|Model training / Technological / Correlated error structure omission|Model training / Technological / Metric gaming|Model training / Technological / Overfitting
P1,43,17800085,True,0.02228343258153656,,,Knowledge analysis / Technological / Pseudo-quantification risk|Knowledge analysis / Technological / Incorrect spatial-geometric interpretation|Model training / Technological / Confabulations,Knowledge analysis / Technological / Pseudo-quantification risk|Knowledge analysis / Technological / Incorrect spatial-geometric interpretation|Model training / Technological / Confabulations|Model training / Technological / Confidence miscalibration|Model training / Technological / Selective prediction / refusal failure,Knowledge analysis / Technological / Pseudo-quantification risk|Knowledge analysis / Technological / Incorrect spatial-geometric interpretation|Model training / Technological / Confabulations|Model training / Technological / Confidence miscalibration|Model training / Technological / Selective prediction / refusal failure|Model operation / Technological / Map inconsistency|Model operation / Technological / Concept drift|Model operation / Technological / Security robustness / spoofing|Model training / Technological / Correlated error structure omission|Model training / Technological / Latency/compute budget breach
P1,44,17800086,True,0.036401680464985244,,,Knowledge analysis / Technological / Pseudo-quantification risk|Knowledge analysis / Technological / Incorrect spatial-geometric interpretation|Model training / Technological / Confabulations,Knowledge analysis / Technological / Pseudo-quantification risk|Knowledge analysis / Technological / Incorrect spatial-geometric interpretation|Model training / Technological / Confabulations|Model training / Technological / Confidence miscalibration|Model training / Technological / Correlated error structure omission,Knowledge analysis / Technological / Pseudo-quantification risk|Knowledge analysis / Technological / Incorrect spatial-geometric interpretation|Model training / Technological / Confabulations|Model training / Technological / Confidence miscalibration|Model training / Technological / Correlated error structure omission|Model operation / Technological / Security robustness / spoofing|Model training / Technological / Noise/blur/compression fragility|Model training / Technological / Domain shift as technological robustness failure|Model training / Technological / Overfitting|Model training / Technological / Latency/compute budget breach
P1,45,17800087,True,0.05448002298237695,,,Knowledge analysis / Technological / Pseudo-quantification risk|Knowledge analysis / Technological / Incorrect spatial-geometric interpretation|Model training / Technological / Confabulations,Knowledge analysis / Technological / Pseudo-quantification risk|Knowledge analysis / Technological / Incorrect spatial-geometric interpretation|Model training / Technological / Confabulations|Model training / Technological / Confidence miscalibration|Model training / Technological / Correlated error structure omission,Knowledge analysis / Technological / Pseudo-quantification risk|Knowledge analysis / Technological / Incorrect spatial-geometric interpretation|Model training / Technological / Confabulations|Model training / Technological / Confidence miscalibration|Model training / Technological / Correlated error structure omission|Model training / Technological / Overfitting|Model training / Technological / Latency/compute budget breach|Model operation / Technological / Security robustness / spoofing|Model training / Technological / Selective prediction / refusal failure|Model training / Technological / Preprocessing and augmentation pipeline defects
P1,46,17800088,True,0.04080774375632032,,,Knowledge analysis / Technological / Pseudo-quantification risk|Knowledge analysis / Technological / Incorrect spatial-geometric interpretation|Model training / Technological / Confidence miscalibration,Knowledge analysis / Technological / Pseudo-quantification risk|Knowledge analysis / Technological / Incorrect spatial-geometric interpretation|Model training / Technological / Confidence miscalibration|Model training / Technological / Confabulations|Model training / Technological / Overfitting,Knowledge analysis / Technological / Pseudo-quantification risk|Knowledge analysis / Technological / Incorrect spatial-geometric interpretation|Model training / Technological / Confidence miscalibration|Model training / Technological / Confabulations|Model training / Technological / Overfitting|Model training / Technological / Preprocessing and augmentation pipeline defects|Model training / Technological / Correlated error structure omission|Model training / Human / Overestimation due to data leakage / wrong splits|Model training / Technological / Metric gaming|Model training / Technological / Latency/compute budget breach
P1,47,17800089,True,0.03351558078428875,,,Knowledge analysis / Technological / Pseudo-quantification risk|Knowledge analysis / Technological / Incorrect spatial-geometric interpretation|Model training / Technological / Confabulations,Knowledge analysis / Technological / Pseudo-quantification risk|Knowledge analysis / Technological / Incorrect spatial-geometric interpretation|Model training / Technological / Confabulations|Model training / Technological / Confidence miscalibration|Model training / Technological / Metric gaming,Knowledge analysis / Technological / Pseudo-quantification risk|Knowledge analysis / Technological / Incorrect spatial-geometric interpretation|Model training / Technological / Confabulations|Model training / Technological / Confidence miscalibration|Model training / Technological / Metric gaming|Model operation / Technological / Concept drift|Model operation / Technological / Sensor artifacts|Model training / Technological / Domain shift as technological robustness failure|Model training / Technological / Noise/blur/compression fragility|Knowledge analysis / Technological / Reliance on spurious features
P1,48,17800090,True,0.03899344803940772,,,Knowledge analysis / Technological / Pseudo-quantification risk|Knowledge analysis / Technological / Incorrect spatial-geometric interpretation|Model training / Technological / Confabulations,Knowledge analysis / Technological / Pseudo-quantification risk|Knowledge analysis / Technological / Incorrect spatial-geometric interpretation|Model training / Technological / Confabulations|Model training / Technological / Confidence miscalibration|Model training / Technological / Selective prediction / refusal failure,Knowledge analysis / Technological / Pseudo-quantification risk|Knowledge analysis / Technological / Incorrect spatial-geometric interpretation|Model training / Technological / Confabulations|Model training / Technological / Confidence miscalibration|Model training / Technological / Selective prediction / refusal failure|Model training / Technological / Noise/blur/compression fragility|Model training / Technological / Metric gaming|Model training / Technological / Overfitting|Model training / Technological / Latency/compute budget breach|Model training / Technological / Correlated error structure omission
P1,49,17800091,True,0.06417201796393185,,,Knowledge analysis / Technological / Pseudo-quantification risk|Knowledge analysis / Technological / Incorrect spatial-geometric interpretation|Model training / Technological / Confidence miscalibration,Knowledge analysis / Technological / Pseudo-quantification risk|Knowledge analysis / Technological / Incorrect spatial-geometric interpretation|Model training / Technological / Confidence miscalibration|Model training / Technological / Confabulations|Model training / Technological / Noise/blur/compression fragility,Knowledge analysis / Technological / Pseudo-quantification risk|Knowledge analysis / Technological / Incorrect spatial-geometric interpretation|Model training / Technological / Confidence miscalibration|Model training / Technological / Confabulations|Model training / Technological / Noise/blur/compression fragility|Model training / Technological / Latency/compute budget breach|Model training / Technological / Selective prediction / refusal failure|Model training / Technological / Domain shift as technological robustness failure|Model training / Technological / Correlated error structure omission|Model training / Technological / Training instability
P1,50,17800092,True,0.09347961080195044,,,Knowledge analysis / Technological / Incorrect spatial-geometric interpretation|Knowledge analysis / Technological / Pseudo-quantification risk|Model training / Technological / Confabulations,Knowledge analysis / Technological / Incorrect spatial-geometric interpretation|Knowledge analysis / Technological / Pseudo-quantification risk|Model training / Technological / Confabulations|Model training / Technological / Confidence miscalibration|Model training / Technological / Latency/compute budget breach,Knowledge analysis / Technological / Incorrect spatial-geometric interpretation|Knowledge analysis / Technological / Pseudo-quantification risk|Model training / Technological / Confabulations|Model training / Technological / Confidence miscalibration|Model training / Technological / Latency/compute budget breach|Model training / Technological / Training instability|Model training / Technological / Noise/blur/compression fragility|Model training / Technological / Preprocessing and augmentation pipeline defects|Model training / Technological / Metric gaming|Model training / Technological / Domain shift as technological robustness failure
P1,51,17800093,True,0.05455646363308428,,,Knowledge analysis / Technological / Incorrect spatial-geometric interpretation|Knowledge analysis / Technological / Pseudo-quantification risk|Model training / Technological / Confabulations,Knowledge analysis / Technological / Incorrect spatial-geometric interpretation|Knowledge analysis / Technological / Pseudo-quantification risk|Model training / Technological / Confabulations|Model training / Technological / Confidence miscalibration|Model training / Technological / Preprocessing and augmentation pipeline defects,Knowledge analysis / Technological / Incorrect spatial-geometric interpretation|Knowledge analysis / Technological / Pseudo-quantification risk|Model training / Technological / Confabulations|Model training / Technological / Confidence miscalibration|Model training / Technological / Preprocessing and augmentation pipeline defects|Model training / Technological / Correlated error structure omission|Model training / Technological / Training instability|Model training / Technological / Overfitting|Model training / Technological / Domain shift as technological robustness failure|Model training / Technological / Noise/blur/compression fragility
P1,52,17800094,True,0.032959689151926756,,,Knowledge analysis / Technological / Incorrect spatial-geometric interpretation|Knowledge analysis / Technological / Pseudo-quantification risk|Model training / Technological / Confabulations,Knowledge analysis / Technological / Incorrect spatial-geometric interpretation|Knowledge analysis / Technological / Pseudo-quantification risk|Model training / Technological / Confabulations|Model training / Technological / Confidence miscalibration|Model training / Technological / Selective prediction / refusal failure,Knowledge analysis / Technological / Incorrect spatial-geometric interpretation|Knowledge analysis / Technological / Pseudo-quantification risk|Model training / Technological / Confabulations|Model training / Technological / Confidence miscalibration|Model training / Technological / Selective prediction / refusal failure|Model training / Technological / Noise/blur/compression fragility|Model training / Technological / Preprocessing and augmentation pipeline defects|Model training / Technological / Training instability|Model training / Technological / Latency/compute budget breach|Model training / Technological / Correlated error structure omission
P1,53,17800095,True,0.04704015341289523,,,Knowledge analysis / Technological / Incorrect spatial-geometric interpretation|Knowledge analysis / Technological / Pseudo-quantification risk|Model training / Technological / Confidence miscalibration,Knowledge analysis / Technological / Incorrect spatial-geometric interpretation|Knowledge analysis / Technological / Pseudo-quantification risk|Model training / Technological / Confidence miscalibration|Model training / Technological / Confabulations|Model training / Technological / Selective prediction / refusal failure,Knowledge analysis / Technological / Incorrect spatial-geometric interpretation|Knowledge analysis / Technological / Pseudo-quantification risk|Model training / Technological / Confidence miscalibration|Model training / Technological / Confabulations|Model training / Technological / Selective prediction / refusal failure|Model operation / Technological / Map inconsistency|Model operation / Technological / Concept drift|Model operation / Technological / Security robustness / spoofing|Model training / Technological / Correlated error structure omission|Model training / Technological / Preprocessing and augmentation pipeline defects
P1,54,17800096,False,0.11900278841616954,,,Knowledge analysis / Technological / Incorrect spatial-geometric interpretation|Knowledge analysis / Technological / Pseudo-quantification risk|Model training / Technological / Confabulations,Knowledge analysis / Technological / Incorrect spatial-geometric interpretation|Knowledge analysis / Technological / Pseudo-quantification risk|Model training / Technological / Confabulations|Model training / Technological / Confidence miscalibration|Model training / Technological / Domain shift as technological robustness failure,Knowledge analysis / Technological / Incorrect spatial-geometric interpretation|Knowledge analysis / Technological / Pseudo-quantification risk|Model training / Technological / Confabulations|Model training / Technological / Confidence miscalibration|Model training / Technological / Domain shift as technological robustness failure|Model training / Technological / Training instability|Model training / Technological / Noise/blur/compression fragility|Model training / Technological / Metric gaming|Model training / Technological / Selective prediction / refusal failure|Model training / Technological / Latency/compute budget breach
P1,55,17800097,True,0.05041832005252703,,,Knowledge analysis / Technological / Pseudo-quantification risk|Knowledge analysis / Technological / Incorrect spatial-geometric interpretation|Model training / Technological / Confabulations,Knowledge analysis / Technological / Pseudo-quantification risk|Knowledge analysis / Technological / Incorrect spatial-geometric interpretation|Model training / Technological / Confabulations|Model training / Technological / Confidence miscalibration|Model training / Technological / Noise/blur/compression fragility,Knowledge analysis / Technological / Pseudo-quantification risk|Knowledge analysis / Technological / Incorrect spatial-geometric interpretation|Model training / Technological / Confabulations|Model training / Technological / Confidence miscalibration|Model training / Technological / Noise/blur/compression fragility|Model training / Technological / Metric gaming|Model training / Technological / Training instability|Model training / Technological / Domain shift as technological robustness failure|Model training / Technological / Preprocessing and augmentation pipeline defects|Model training / Technological / Correlated error structure omission
P1,56,17800098,True,0.03628195906579106,,,Knowledge analysis / Technological / Incorrect spatial-geometric interpretation|Knowledge analysis / Technological / Pseudo-quantification risk|Model training / Technological / Confidence miscalibration,Knowledge analysis / Technological / Incorrect spatial-geometric interpretation|Knowledge analysis / Technological / Pseudo-quantification risk|Model training / Technological / Confidence miscalibration|Model training / Technological / Confabulations|Model training / Technological / Domain shift as technological robustness failure,Knowledge analysis / Technological / Incorrect spatial-geometric interpretation|Knowledge analysis / Technological / Pseudo-quantification risk|Model training / Technological / Confidence miscalibration|Model training / Technological / Confabulations|Model training / Technological / Domain shift as technological robustness failure|Model training / Technological / Overfitting|Model training / Technological / Metric gaming|Model training / Technological / Correlated error structure omission|Model training / Technological / Noise/blur/compression fragility|Model training / Technological / Selective prediction / refusal failure
P1,57,17800099,True,0.03188070762555092,,,Knowledge analysis / Technological / Incorrect spatial-geometric interpretation|Knowledge analysis / Technological / Pseudo-quantification risk|Model training / Technological / Confidence miscalibration,Knowledge analysis / Technological / Incorrect spatial-geometric interpretation|Knowledge analysis / Technological / Pseudo-quantification risk|Model training / Technological / Confidence miscalibration|Model training / Technological / Confabulations|Model training / Technological / Preprocessing and augmentation pipeline defects,Knowledge analysis / Technological / Incorrect spatial-geometric interpretation|Knowledge analysis / Technological / Pseudo-quantification risk|Model training / Technological / Confidence miscalibration|Model training / Technological / Confabulations|Model training / Technological / Preprocessing and augmentation pipeline defects|Model training / Technological / Noise/blur/compression fragility|Model training / Technological / Correlated error structure omission|Model training / Technological / Overfitting|Model training / Technological / Latency/compute budget breach|Model training / Technological / Metric gaming
P1,58,17800100,True,0.05094317456026805,,,Knowledge analysis / Technological / Incorrect spatial-geometric interpretation|Knowledge analysis / Technological / Pseudo-quantification risk|Model training / Technological / Confabulations,Knowledge analysis / Technological / Incorrect spatial-geometric interpretation|Knowledge analysis / Technological / Pseudo-quantification risk|Model training / Technological / Confabulations|Model training / Technological / Confidence miscalibration|Model training / Technological / Preprocessing and augmentation pipeline defects,Knowledge analysis / Technological / Incorrect spatial-geometric interpretation|Knowledge analysis / Technological / Pseudo-quantification risk|Model training / Technological / Confabulations|Model training / Technological / Confidence miscalibration|Model training / Technological / Preprocessing and augmentation pipeline defects|Model operation / Technological / Map inconsistency|Model operation / Technological / Security robustness / spoofing|Model training / Technological / Correlated error structure omission|Model operation / Technological / Sensor artifacts|Model training / Technological / Noise/blur/compression fragility
P1,59,17800101,True,0.04862434680558114,,,Knowledge analysis / Technological / Incorrect spatial-geometric interpretation|Knowledge analysis / Technological / Pseudo-quantification risk|Model training / Technological / Confidence miscalibration,Knowledge analysis / Technological / Incorrect spatial-geometric interpretation|Knowledge analysis / Technological / Pseudo-quantification risk|Model training / Technological / Confidence miscalibration|Model training / Technological / Confabulations|Model training / Technological / Latency/compute budget breach,Knowledge analysis / Technological / Incorrect spatial-geometric interpretation|Knowledge analysis / Technological / Pseudo-quantification risk|Model training / Technological / Confidence miscalibration|Model training / Technological / Confabulations|Model training / Technological / Latency/compute budget breach|Model training / Technological / Preprocessing and augmentation pipeline defects|Model training / Technological / Selective prediction / refusal failure|Model training / Technological / Metric gaming|Model training / Technological / Overfitting|Model training / Technological / Noise/blur/compression fragility
P1,60,17800102,True,0.04049403275454571,,,Knowledge analysis / Technological / Incorrect spatial-geometric interpretation|Knowledge analysis / Technological / Pseudo-quantification risk|Model training / Technological / Confabulations,Knowledge analysis / Technological / Incorrect spatial-geometric interpretation|Knowledge analysis / Technological / Pseudo-quantification risk|Model training / Technological / Confabulations|Model training / Technological / Confidence miscalibration|Model training / Technological / Domain shift as technological robustness failure,Knowledge analysis / Technological / Incorrect spatial-geometric interpretation|Knowledge analysis / Technological / Pseudo-quantification risk|Model training / Technological / Confabulations|Model training / Technological / Confidence miscalibration|Model training / Technological / Domain shift as technological robustness failure|Model training / Technological / Selective prediction / refusal failure|Model training / Technological / Latency/compute budget breach|Model training / Technological / Training instability|Model training / Technological / Noise/blur/compression fragility|Model training / Technological / Overfitting
P1,61,17800103,True,0.036563632614068316,,,Knowledge analysis / Technological / Pseudo-quantification risk|Knowledge analysis / Technological / Incorrect spatial-geometric interpretation|Model training / Technological / Confidence miscalibration,Knowledge analysis / Technological / Pseudo-quantification risk|Knowledge analysis / Technological / Incorrect spatial-geometric interpretation|Model training / Technological / Confidence miscalibration|Model training / Technological / Confabulations|Model training / Technological / Selective prediction / refusal failure,Knowledge analysis / Technological / Pseudo-quantification risk|Knowledge analysis / Technological / Incorrect spatial-geometric interpretation|Model training / Technological / Confidence miscalibration|Model training / Technological / Confabulations|Model training / Technological / Selective prediction / refusal failure|Model training / Technological / Correlated error structure omission|Model training / Technological / Domain shift as technological robustness failure|Model operation / Technological / Concept drift|Model training / Technological / Latency/compute budget breach|Model training / Technological / Overfitting
P1,62,17800104,True,0.033370469241558925,,,Knowledge analysis / Technological / Pseudo-quantification risk|Knowledge analysis / Technological / Incorrect spatial-geometric interpretation|Model training / Technological / Confabulations,Knowledge analysis / Technological / Pseudo-quantification risk|Knowledge analysis / Technological / Incorrect spatial-geometric interpretation|Model training / Technological / Confabulations|Model training / Technological / Confidence miscalibration|Model training / Technological / Overfitting,Knowledge analysis / Technological / Pseudo-quantification risk|Knowledge analysis / Technological / Incorrect spatial-geometric interpretation|Model training / Technological / Confabulations|Model training / Technological / Confidence miscalibration|Model training / Technological / Overfitting|Model training / Technological / Latency/compute budget breach|Model operation / Technological / Sensor artifacts|Model training / Technological / Selective prediction / refusal failure|Model training / Technological / Noise/blur/compression fragility|Model operation / Technological / Security robustness / spoofing
P1,63,17800105,True,0.039281184235494086,,,Knowledge analysis / Technological / Incorrect spatial-geometric interpretation|Knowledge analysis / Technological / Pseudo-quantification risk|Model training / Technological / Confabulations,Knowledge analysis / Technological / Incorrect spatial-geometric interpretation|Knowledge analysis / Technological / Pseudo-quantification risk|Model training / Technological / Confabulations|Model training / Technological / Confidence miscalibration|Model operation / Technological / Concept drift,Knowledge analysis / Technological / Incorrect spatial-geometric interpretation|Knowledge analysis / Technological / Pseudo-quantification risk|Model training / Technological / Confabulations|Model training / Technological / Confidence miscalibration|Model operation / Technological / Concept drift|Model operation / Technological / Sensor artifacts|Model operation / Technological / Security robustness / spoofing|Model operation / Technological / Map inconsistency|Knowledge analysis / Technological / Representation mismatch for swarm needs|Knowledge analysis / Human / Lack of uncertainty estimation
P1,64,17800106,True,0.0648606684880103,,,Knowledge analysis / Technological / Incorrect spatial-geometric interpretation|Knowledge analysis / Technological / Pseudo-quantification risk|Model training / Technological / Confabulations,Knowledge analysis / Technological / Incorrect spatial-geometric interpretation|Knowledge analysis / Technological / Pseudo-quantification risk|Model training / Technological / Confabulations|Model training / Technological / Confidence miscalibration|Model training / Technological / Noise/blur/compression fragility,Knowledge analysis / Technological / Incorrect spatial-geometric interpretation|Knowledge analysis / Technological / Pseudo-quantification risk|Model training / Technological / Confabulations|Model training / Technological / Confidence miscalibration|Model training / Technological / Noise/blur/compression fragility|Model training / Technological / Selective prediction / refusal failure|Model training / Technological / Latency/compute budget breach|Model training / Technological / Training instability|Model training / Technological / Correlated error structure omission|Model training / Technological / Domain shift as technological robustness failure
P1,65,17800107,True,0.045208779141094974,,,Knowledge analysis / Technological / Pseudo-quantification risk|Knowledge analysis / Technological / Incorrect spatial-geometric interpretation|Model training / Technological / Confabulations,Knowledge analysis / Technological / Pseudo-quantification risk|Knowledge analysis / Technological / Incorrect spatial-geometric interpretation|Model training / Technological / Confabulations|Model training / Technological / Confidence miscalibration|Model training / Technological / Correlated error structure omission,Knowledge analysis / Technological / Pseudo-quantification risk|Knowledge analysis / Technological / Incorrect spatial-geometric interpretation|Model training / Technological / Confabulations|Model training / Technological / Confidence miscalibration|Model training / Technological / Correlated error structure omission|Model training / Technological / Latency/compute budget breach|Model training / Technological / Overfitting|Model training / Technological / Selective prediction / refusal failure|Model training / Technological / Domain shift as technological robustness failure|Model training / Technological / Preprocessing and augmentation pipeline defects
P1,66,17800108,True,0.039685213816371245,,,Knowledge analysis / Technological / Incorrect spatial-geometric interpretation|Knowledge analysis / Technological / Pseudo-quantification risk|Model training / Technological / Confidence miscalibration,Knowledge analysis / Technological / Incorrect spatial-geometric interpretation|Knowledge analysis / Technological / Pseudo-quantification risk|Model training / Technological / Confidence miscalibration|Model training / Technological / Confabulations|Model operation / Technological / Map inconsistency,Knowledge analysis / Technological / Incorrect spatial-geometric interpretation|Knowledge analysis / Technological / Pseudo-quantification risk|Model training / Technological / Confidence miscalibration|Model training / Technological / Confabulations|Model operation / Technological / Map inconsistency|Model operation / Technological / Sensor artifacts|Model training / Technological / Overfitting|Model operation / Technological / Concept drift|Model operation / Technological / Security robustness / spoofing|Model training / Technological / Selective prediction / refusal failure
P1,67,17800109,True,0.060075673290713144,,,Knowledge analysis / Technological / Pseudo-quantification risk|Knowledge analysis / Technological / Incorrect spatial-geometric interpretation|Model training / Technological / Confidence miscalibration,Knowledge analysis / Technological / Pseudo-quantification risk|Knowledge analysis / Technological / Incorrect spatial-geometric interpretation|Model training / Technological / Confidence miscalibration|Model training / Technological / Confabulations|Model training / Technological / Correlated error structure omission,Knowledge analysis / Technological / Pseudo-quantification risk|Knowledge analysis / Technological / Incorrect spatial-geometric interpretation|Model training / Technological / Confidence miscalibration|Model training / Technological / Confabulations|Model training / Technological / Correlated error structure omission|Model training / Technological / Noise/blur/compression fragility|Model training / Technological / Overfitting|Model training / Technological / Domain shift as technological robustness failure|Model training / Technological / Training instability|Model training / Technological / Latency/compute budget breach
P1,68,17800110,True,0.058215541773622155,,,Knowledge analysis / Technological / Incorrect spatial-geometric interpretation|Knowledge analysis / Technological / Pseudo-quantification risk|Model training / Technological / Confidence miscalibration,Knowledge analysis / Technological / Incorrect spatial-geometric interpretation|Knowledge analysis / Technological / Pseudo-quantification risk|Model training / Technological / Confidence miscalibration|Model training / Technological / Confabulations|Model training / Technological / Domain shift as technological robustness failure,Knowledge analysis / Technological / Incorrect spatial-geometric interpretation|Knowledge analysis / Technological / Pseudo-quantification risk|Model training / Technological / Confidence miscalibration|Model training / Technological / Confabulations|Model training / Technological / Domain shift as technological robustness failure|Model training / Technological / Metric gaming|Model training / Technological / Selective prediction / refusal failure|Model training / Technological / Overfitting|Model training / Technological / Correlated error structure omission|Model operation / Technological / Map inconsistency
P1,69,17800111,True,0.0683632748514903,,,Knowledge analysis / Technological / Incorrect spatial-geometric interpretation|Knowledge analysis / Technological / Pseudo-quantification risk|Model training / Technological / Confabulations,Knowledge analysis / Technological / Incorrect spatial-geometric interpretation|Knowledge analysis / Technological / Pseudo-quantification risk|Model training / Technological / Confabulations|Model training / Technological / Confidence miscalibration|Model training / Technological / Selective prediction / refusal failure,Knowledge analysis / Technological / Incorrect spatial-geometric interpretation|Knowledge analysis / Technological / Pseudo-quantification risk|Model training / Technological / Confabulations|Model training / Technological / Confidence miscalibration|Model training / Technological / Selective prediction / refusal failure|Model training / Technological / Metric gaming|Model training / Technological / Training instability|Model operation / Technological / Concept drift|Model operation / Technological / Security robustness / spoofing|Model training / Technological / Preprocessing and augmentation pipeline defects
P1,70,17800112,True,0.07645412980228904,,,Knowledge analysis / Technological / Pseudo-quantification risk|Knowledge analysis / Technological / Incorrect spatial-geometric interpretation|Model training / Technological / Confidence miscalibration,Knowledge analysis / Technological / Pseudo-quantification risk|Knowledge analysis / Technological / Incorrect spatial-geometric interpretation|Model training / Technological / Confidence miscalibration|Model training / Technological / Confabulations|Model training / Technological / Overfitting,Knowledge analysis / Technological / Pseudo-quantification risk|Knowledge analysis / Technological / Incorrect spatial-geometric interpretation|Model training / Technological / Confidence miscalibration|Model training / Technological / Confabulations|Model training / Technological / Overfitting|Model training / Technological / Domain shift as technological robustness failure|Model training / Technological / Training instability|Knowledge analysis / Technological / Representation mismatch for swarm needs|Model training / Technological / Correlated error structure omission|Model operation / Technological / Security robustness / spoofing
P1,71,17800113,True,0.05175987012073237,,,Knowledge analysis / Technological / Incorrect spatial-geometric interpretation|Knowledge analysis / Technological / Pseudo-quantification risk|Model training / Technological / Confidence miscalibration,Knowledge analysis / Technological / Incorrect spatial-geometric interpretation|Knowledge analysis / Technological / Pseudo-quantification risk|Model training / Technological / Confidence miscalibration|Model training / Technological / Confabulations|Model training / Technological / Correlated error structure omission,Knowledge analysis / Technological / Incorrect spatial-geometric interpretation|Knowledge analysis / Technological / Pseudo-quantification risk|Model training / Technological / Confidence miscalibration|Model training / Technological / Confabulations|Model training / Technological / Correlated error structure omission|Model training / Technological / Overfitting|Model training / Technological / Domain shift as technological robustness failure|Model training / Technological / Selective prediction / refusal failure|Model training / Technological / Metric gaming|Model training / Technological / Preprocessing and augmentation pipeline defects
P1,72,17800114,True,0.04625621090955894,,,Knowledge analysis / Technological / Pseudo-quantification risk|Knowledge analysis / Technological / Incorrect spatial-geometric interpretation|Model training / Technological / Confabulations,Knowledge analysis / Technological / Pseudo-quantification risk|Knowledge analysis / Technological / Incorrect spatial-geometric interpretation|Model training / Technological / Confabulations|Model training / Technological / Confidence miscalibration|Model operation / Technological / Security robustness / spoofing,Knowledge analysis / Technological / Pseudo-quantification risk|Knowledge analysis / Technological / Incorrect spatial-geometric interpretation|Model training / Technological / Confabulations|Model training / Technological / Confidence miscalibration|Model operation / Technological / Security robustness / spoofing|Model operation / Technological / Map inconsistency|Model training / Technological / Metric gaming|Model training / Technological / Domain shift as technological robustness failure|Model training / Technological / Overfitting|Model training / Technological / Noise/blur/compression fragility
P1,73,17800115,True,0.03876136338567712,,,Knowledge analysis / Technological / Pseudo-quantification risk|Knowledge analysis / Technological / Incorrect spatial-geometric interpretation|Model training / Technological / Confidence miscalibration,Knowledge analysis / Technological / Pseudo-quantification risk|Knowledge analysis / Technological / Incorrect spatial-geometric interpretation|Model training / Technological / Confidence miscalibration|Model training / Technological / Confabulations|Model training / Technological / Domain shift as technological robustness failure,Knowledge analysis / Technological / Pseudo-quantification risk|Knowledge analysis / Technological / Incorrect spatial-geometric interpretation|Model training / Technological / Confidence miscalibration|Model training / Technological / Confabulations|Model training / Technological / Domain shift as technological robustness failure|Model training / Technological / Selective prediction / refusal failure|Model training / Technological / Overfitting|Model training / Technological / Latency/compute budget breach|Model training / Technological / Correlated error structure omission|Model training / Technological / Preprocessing and augmentation pipeline defects
P1,74,17800116,True,0.06417201796393054,,,Knowledge analysis / Technological / Incorrect spatial-geometric interpretation|Knowledge analysis / Technological / Pseudo-quantification risk|Model training / Technological / Confidence miscalibration,Knowledge analysis / Technological / Incorrect spatial-geometric interpretation|Knowledge analysis / Technological / Pseudo-quantification risk|Model training / Technological / Confidence miscalibration|Model training / Technological / Confabulations|Model training / Technological / Noise/blur/compression fragility,Knowledge analysis / Technological / Incorrect spatial-geometric interpretation|Knowledge analysis / Technological / Pseudo-quantification risk|Model training / Technological / Confidence miscalibration|Model training / Technological / Confabulations|Model training / Technological / Noise/blur/compression fragility|Model training / Technological / Latency/compute budget breach|Model operation / Technological / Security robustness / spoofing|Model training / Technological / Preprocessing and augmentation pipeline defects|Model training / Technological / Metric gaming|Model training / Technological / Training instability
P1,75,17800117,True,0.026860581937227315,,,Knowledge analysis / Technological / Pseudo-quantification risk|Knowledge analysis / Technological / Incorrect spatial-geometric interpretation|Model training / Technological / Confidence miscalibration,Knowledge analysis / Technological / Pseudo-quantification risk|Knowledge analysis / Technological / Incorrect spatial-geometric interpretation|Model training / Technological / Confidence miscalibration|Model training / Technological / Confabulations|Model training / Technological / Domain shift as technological robustness failure,Knowledge analysis / Technological / Pseudo-quantification risk|Knowledge analysis / Technological / Incorrect spatial-geometric interpretation|Model training / Technological / Confidence miscalibration|Model training / Technological / Confabulations|Model training / Technological / Domain shift as technological robustness failure|Model training / Technological / Noise/blur/compression fragility|Model training / Technological / Latency/compute budget breach|Model training / Technological / Correlated error structure omission|Model training / Technological / Preprocessing and augmentation pipeline defects|Model training / Technological / Overfitting
P1,76,17800118,True,0.07609510898571442,,,Knowledge analysis / Technological / Incorrect spatial-geometric interpretation|Knowledge analysis / Technological / Pseudo-quantification risk|Model training / Technological / Confidence miscalibration,Knowledge analysis / Technological / Incorrect spatial-geometric interpretation|Knowledge analysis / Technological / Pseudo-quantification risk|Model training / Technological / Confidence miscalibration|Model training / Technological / Confabulations|Model operation / Technological / Map inconsistency,Knowledge analysis / Technological / Incorrect spatial-geometric interpretation|Knowledge analysis / Technological / Pseudo-quantification risk|Model training / Technological / Confidence miscalibration|Model training / Technological / Confabulations|Model operation / Technological / Map inconsistency|Model operation / Technological / Sensor artifacts|Model operation / Technological / Concept drift|Model operation / Technological / Security robustness / spoofing|Model training / Technological / Domain shift as technological robustness failure|Knowledge analysis / Human / Lack of uncertainty estimation
P1,77,17800119,True,0.03068683087215814,,,Knowledge analysis / Technological / Pseudo-quantification risk|Knowledge analysis / Technological / Incorrect spatial-geometric interpretation|Model training / Technological / Confidence miscalibration,Knowledge analysis / Technological / Pseudo-quantification risk|Knowledge analysis / Technological / Incorrect spatial-geometric interpretation|Model training / Technological / Confidence miscalibration|Model training / Technological / Confabulations|Model training / Technological / Domain shift as technological robustness failure,Knowledge analysis / Technological / Pseudo-quantification risk|Knowledge analysis / Technological / Incorrect spatial-geometric interpretation|Model training / Technological / Confidence miscalibration|Model training / Technological / Confabulations|Model training / Technological / Domain shift as technological robustness failure|Model training / Technological / Overfitting|Model training / Technological / Correlated error structure omission|Model training / Technological / Preprocessing and augmentation pipeline defects|Model operation / Technological / Security robustness / spoofing|Model training / Technological / Latency/compute budget breach
P1,78,17800120,True,0.03826981351237272,,,Knowledge analysis / Technological / Pseudo-quantification risk|Knowledge analysis / Technological / Incorrect spatial-geometric interpretation|Model training / Technological / Confabulations,Knowledge analysis / Technological / Pseudo-quantification risk|Knowledge analysis / Technological / Incorrect spatial-geometric interpretation|Model training / Technological / Confabulations|Model training / Technological / Confidence miscalibration|Model operation / Technological / Security robustness / spoofing,Knowledge analysis / Technological / Pseudo-quantification risk|Knowledge analysis / Technological / Incorrect spatial-geometric interpretation|Model training / Technological / Confabulations|Model training / Technological / Confidence miscalibration|Model operation / Technological / Security robustness / spoofing|Model operation / Technological / Concept drift|Model training / Technological / Training instability|Model training / Technological / Metric gaming|Model training / Technological / Correlated error structure omission|Model training / Technological / Overfitting
P1,79,17800121,True,0.0671361764984319,,,Knowledge analysis / Technological / Pseudo-quantification risk|Knowledge analysis / Technological / Incorrect spatial-geometric interpretation|Model training / Technological / Confidence miscalibration,Knowledge analysis / Technological / Pseudo-quantification risk|Knowledge analysis / Technological / Incorrect spatial-geometric interpretation|Model training / Technological / Confidence miscalibration|Model training / Technological / Confabulations|Model training / Technological / Correlated error structure omission,Knowledge analysis / Technological / Pseudo-quantification risk|Knowledge analysis / Technological / Incorrect spatial-geometric interpretation|Model training / Technological / Confidence miscalibration|Model training / Technological / Confabulations|Model training / Technological / Correlated error structure omission|Model training / Technological / Preprocessing and augmentation pipeline defects|Model training / Technological / Noise/blur/compression fragility|Model training / Technological / Domain shift as technological robustness failure|Model training / Technological / Overfitting|Model training / Technological / Selective prediction / refusal failure
P1,80,17800122,True,0.04346570743919547,,,Knowledge analysis / Technological / Pseudo-quantification risk|Knowledge analysis / Technological / Incorrect spatial-geometric interpretation|Model training / Technological / Confabulations,Knowledge analysis / Technological / Pseudo-quantification risk|Knowledge analysis / Technological / Incorrect spatial-geometric interpretation|Model training / Technological / Confabulations|Model training / Technological / Confidence miscalibration|Model training / Technological / Domain shift as technological robustness failure,Knowledge analysis / Technological / Pseudo-quantification risk|Knowledge analysis / Technological / Incorrect spatial-geometric interpretation|Model training / Technological / Confabulations|Model training / Technological / Confidence miscalibration|Model training / Technological / Domain shift as technological robustness failure|Model training / Technological / Latency/compute budget breach|Model training / Technological / Metric gaming|Model training / Technological / Overfitting|Model training / Technological / Training instability|Model training / Technological / Selective prediction / refusal failure
P1,81,17800123,True,0.0252361613105643,,,Knowledge analysis / Technological / Pseudo-quantification risk|Knowledge analysis / Technological / Incorrect spatial-geometric interpretation|Model training / Technological / Confabulations,Knowledge analysis / Technological / Pseudo-quantification risk|Knowledge analysis / Technological / Incorrect spatial-geometric interpretation|Model training / Technological / Confabulations|Model training / Technological / Confidence miscalibration|Model operation / Technological / Security robustness / spoofing,Knowledge analysis / Technological / Pseudo-quantification risk|Knowledge analysis / Technological / Incorrect spatial-geometric interpretation|Model training / Technological / Confabulations|Model training / Technological / Confidence miscalibration|Model operation / Technological / Security robustness / spoofing|Model training / Technological / Overfitting|Model operation / Technological / Sensor artifacts|Model operation / Technological / Map inconsistency|Model training / Technological / Preprocessing and augmentation pipeline defects|Model operation / Technological / Concept drift
P1,82,17800124,True,0.07609577694448748,,,Model training / Technological / Confabulations|Knowledge analysis / Technological / Pseudo-quantification risk|Knowledge analysis / Technological / Incorrect spatial-geometric interpretation,Model training / Technological / Confabulations|Knowledge analysis / Technological / Pseudo-quantification risk|Knowledge analysis / Technological / Incorrect spatial-geometric interpretation|Model training / Technological / Confidence miscalibration|Model training / Technological / Overfitting,Model training / Technological / Confabulations|Knowledge analysis / Technological / Pseudo-quantification risk|Knowledge analysis / Technological / Incorrect spatial-geometric interpretation|Model training / Technological / Confidence miscalibration|Model training / Technological / Overfitting|Model training / Technological / Noise/blur/compression fragility|Model training / Technological / Correlated error structure omission|Model training / Technological / Training instability|Model training / Technological / Domain shift as technological robustness failure|Model training / Technological / Metric gaming
P1,83,17800125,True,0.025128588461395353,,,Knowledge analysis / Technological / Incorrect spatial-geometric interpretation|Knowledge analysis / Technological / Pseudo-quantification risk|Model training / Technological / Confidence miscalibration,Knowledge analysis / Technological / Incorrect spatial-geometric interpretation|Knowledge analysis / Technological / Pseudo-quantification risk|Model training / Technological / Confidence miscalibration|Model training / Technological / Confabulations|Model operation / Technological / Sensor artifacts,Knowledge analysis / Technological / Incorrect spatial-geometric interpretation|Knowledge analysis / Technological / Pseudo-quantification risk|Model training / Technological / Confidence miscalibration|Model training / Technological / Confabulations|Model operation / Technological / Sensor artifacts|Model training / Human / Domain shift underestimation|Model operation / Technological / Map inconsistency|Model training / Technological / Domain shift as technological robustness failure|Model training / Technological / Metric gaming|Model training / Technological / Correlated error structure omission
P1,84,17800126,True,0.053010952518472904,,,Knowledge analysis / Technological / Incorrect spatial-geometric interpretation|Knowledge analysis / Technological / Pseudo-quantification risk|Model training / Technological / Confabulations,Knowledge analysis / Technological / Incorrect spatial-geometric interpretation|Knowledge analysis / Technological / Pseudo-quantification risk|Model training / Technological / Confabulations|Model training / Technological / Confidence miscalibration|Knowledge analysis / Technological / Representation mismatch for swarm needs,Knowledge analysis / Technological / Incorrect spatial-geometric interpretation|Knowledge analysis / Technological / Pseudo-quantification risk|Model training / Technological / Confabulations|Model training / Technological / Confidence miscalibration|Knowledge analysis / Technological / Representation mismatch for swarm needs|Model training / Technological / Correlated error structure omission|Model training / Technological / Overfitting|Model training / Technological / Preprocessing and augmentation pipeline defects|Knowledge analysis / Technological / Reliance on spurious features|Knowledge analysis / Technological / Correlated errors x interaction graph omission
P1,85,17800127,True,0.05397279219802692,,,Knowledge analysis / Technological / Incorrect spatial-geometric interpretation|Knowledge analysis / Technological / Pseudo-quantification risk|Model training / Technological / Confabulations,Knowledge analysis / Technological / Incorrect spatial-geometric interpretation|Knowledge analysis / Technological / Pseudo-quantification risk|Model training / Technological / Confabulations|Model training / Technological / Confidence miscalibration|Model operation / Technological / Sensor artifacts,Knowledge analysis / Technological / Incorrect spatial-geometric interpretation|Knowledge analysis / Technological / Pseudo-quantification risk|Model training / Technological / Confabulations|Model training / Technological / Confidence miscalibration|Model operation / Technological / Sensor artifacts|Model operation / Technological / Concept drift|Model operation / Technological / Map inconsistency|Model operation / Technological / Security robustness / spoofing|Knowledge analysis / Human / Lack of uncertainty estimation|Knowledge analysis / Technological / Correlated errors x interaction graph omission
P1,86,17800128,True,0.02187429741868699,,,Knowledge analysis / Technological / Pseudo-quantification risk|Knowledge analysis / Technological / Incorrect spatial-geometric interpretation|Model training / Technological / Confidence miscalibration,Knowledge analysis / Technological / Pseudo-quantification risk|Knowledge analysis / Technological / Incorrect spatial-geometric interpretation|Model training / Technological / Confidence miscalibration|Model training / Technological / Confabulations|Model training / Technological / Training instability,Knowledge analysis / Technological / Pseudo-quantification risk|Knowledge analysis / Technological / Incorrect spatial-geometric interpretation|Model training / Technological / Confidence miscalibration|Model training / Technological / Confabulations|Model training / Technological / Training instability|Model training / Technological / Preprocessing and augmentation pipeline defects|Model training / Technological / Domain shift as technological robustness failure|Model training / Technological / Overfitting|Model training / Technological / Noise/blur/compression fragility|Model training / Technological / Selective prediction / refusal failure
P1,87,17800129,True,0.028962761589433356,,,Knowledge analysis / Technological / Pseudo-quantification risk|Knowledge analysis / Technological / Incorrect spatial-geometric interpretation|Model training / Technological / Confidence miscalibration,Knowledge analysis / Technological / Pseudo-quantification risk|Knowledge analysis / Technological / Incorrect spatial-geometric interpretation|Model training / Technological / Confidence miscalibration|Model training / Technological / Confabulations|Model training / Technological / Metric gaming,Knowledge analysis / Technological / Pseudo-quantification risk|Knowledge analysis / Technological / Incorrect spatial-geometric interpretation|Model training / Technological / Confidence miscalibration|Model training / Technological / Confabulations|Model training / Technological / Metric gaming|Model training / Technological / Training instability|Model training / Technological / Latency/compute budget breach|Model training / Technological / Selective prediction / refusal failure|Model training / Technological / Noise/blur/compression fragility|Model training / Technological / Overfitting
P1,88,17800130,True,0.04630432950023973,,,Knowledge analysis / Technological / Pseudo-quantification risk|Knowledge analysis / Technological / Incorrect spatial-geometric interpretation|Model training / Technological / Confabulations,Knowledge analysis / Technological / Pseudo-quantification risk|Knowledge analysis / Technological / Incorrect spatial-geometric interpretation|Model training / Technological / Confabulations|Model training / Technological / Confidence miscalibration|Model training / Technological / Selective prediction / refusal failure,Knowledge analysis / Technological / Pseudo-quantification risk|Knowledge analysis / Technological / Incorrect spatial-geometric interpretation|Model training / Technological / Confabulations|Model training / Technological / Confidence miscalibration|Model training / Technological / Selective prediction / refusal failure|Model training / Technological / Latency/compute budget breach|Model training / Technological / Preprocessing and augmentation pipeline defects|Model training / Technological / Noise/blur/compression fragility|Model training / Technological / Domain shift as technological robustness failure|Model training / Technological / Correlated error structure omission
P1,89,17800131,True,0.030372804572490943,,,Knowledge analysis / Technological / Incorrect spatial-geometric interpretation|Knowledge analysis / Technological / Pseudo-quantification risk|Model training / Technological / Confidence miscalibration,Knowledge analysis / Technological / Incorrect spatial-geometric interpretation|Knowledge analysis / Technological / Pseudo-quantification risk|Model training / Technological / Confidence miscalibration|Model training / Technological / Confabulations|Model training / Technological / Latency/compute budget breach,Knowledge analysis / Technological / Incorrect spatial-geometric interpretation|Knowledge analysis / Technological / Pseudo-quantification risk|Model training / Technological / Confidence miscalibration|Model training / Technological / Confabulations|Model training / Technological / Latency/compute budget breach|Model training / Technological / Metric gaming|Model training / Technological / Overfitting|Model training / Technological / Selective prediction / refusal failure|Model training / Technological / Domain shift as technological robustness failure|Model training / Technological / Preprocessing and augmentation pipeline defects
P1,90,17800132,True,0.06588870995677111,,,Knowledge analysis / Technological / Pseudo-quantification risk|Knowledge analysis / Technological / Incorrect spatial-geometric interpretation|Model training / Technological / Confidence miscalibration,Knowledge analysis / Technological / Pseudo-quantification risk|Knowledge analysis / Technological / Incorrect spatial-geometric interpretation|Model training / Technological / Confidence miscalibration|Model training / Technological / Confabulations|Model training / Technological / Latency/compute budget breach,Knowledge analysis / Technological / Pseudo-quantification risk|Knowledge analysis / Technological / Incorrect spatial-geometric interpretation|Model training / Technological / Confidence miscalibration|Model training / Technological / Confabulations|Model training / Technological / Latency/compute budget breach|Model training / Technological / Selective prediction / refusal failure|Model training / Technological / Domain shift as technological robustness failure|Model training / Technological / Overfitting|Model training / Technological / Noise/blur/compression fragility|Model training / Technological / Correlated error structure omission
P1,91,17800133,True,0.04037104125004777,,,Knowledge analysis / Technological / Pseudo-quantification risk|Knowledge analysis / Technological / Incorrect spatial-geometric interpretation|Model training / Technological / Confidence miscalibration,Knowledge analysis / Technological / Pseudo-quantification risk|Knowledge analysis / Technological / Incorrect spatial-geometric interpretation|Model training / Technological / Confidence miscalibration|Model training / Technological / Confabulations|Model training / Technological / Noise/blur/compression fragility,Knowledge analysis / Technological / Pseudo-quantification risk|Knowledge analysis / Technological / Incorrect spatial-geometric interpretation|Model training / Technological / Confidence miscalibration|Model training / Technological / Confabulations|Model training / Technological / Noise/blur/compression fragility|Model training / Technological / Latency/compute budget breach|Model training / Technological / Preprocessing and augmentation pipeline defects|Model training / Technological / Training instability|Model training / Technological / Overfitting|Model training / Technological / Metric gaming
P1,92,17800134,True,0.050666792106662605,,,Knowledge analysis / Technological / Pseudo-quantification risk|Knowledge analysis / Technological / Incorrect spatial-geometric interpretation|Model training / Technological / Confidence miscalibration,Knowledge analysis / Technological / Pseudo-quantification risk|Knowledge analysis / Technological / Incorrect spatial-geometric interpretation|Model training / Technological / Confidence miscalibration|Model training / Technological / Confabulations|Model training / Technological / Metric gaming,Knowledge analysis / Technological / Pseudo-quantification risk|Knowledge analysis / Technological / Incorrect spatial-geometric interpretation|Model training / Technological / Confidence miscalibration|Model training / Technological / Confabulations|Model training / Technological / Metric gaming|Model training / Technological / Selective prediction / refusal failure|Model training / Technological / Preprocessing and augmentation pipeline defects|Model training / Technological / Domain shift as technological robustness failure|Model training / Technological / Latency/compute budget breach|Model training / Technological / Noise/blur/compression fragility
P1,93,17800135,True,0.03948657245552056,,,Knowledge analysis / Technological / Incorrect spatial-geometric interpretation|Knowledge analysis / Technological / Pseudo-quantification risk|Model training / Technological / Confabulations,Knowledge analysis / Technological / Incorrect spatial-geometric interpretation|Knowledge analysis / Technological / Pseudo-quantification risk|Model training / Technological / Confabulations|Model training / Technological / Confidence miscalibration|Model training / Technological / Domain shift as technological robustness failure,Knowledge analysis / Technological / Incorrect spatial-geometric interpretation|Knowledge analysis / Technological / Pseudo-quantification risk|Model training / Technological / Confabulations|Model training / Technological / Confidence miscalibration|Model training / Technological / Domain shift as technological robustness failure|Model training / Technological / Preprocessing and augmentation pipeline defects|Model operation / Technological / Security robustness / spoofing|Model training / Technological / Overfitting|Model training / Technological / Training instability|Model operation / Technological / Concept drift
P1,94,17800136,True,0.034891700457929276,,,Knowledge analysis / Technological / Pseudo-quantification risk|Knowledge analysis / Technological / Incorrect spatial-geometric interpretation|Model training / Technological / Confidence miscalibration,Knowledge analysis / Technological / Pseudo-quantification risk|Knowledge analysis / Technological / Incorrect spatial-geometric interpretation|Model training / Technological / Confidence miscalibration|Model training / Technological / Confabulations|Model operation / Technological / Sensor artifacts,Knowledge analysis / Technological / Pseudo-quantification risk|Knowledge analysis / Technological / Incorrect spatial-geometric interpretation|Model training / Technological / Confidence miscalibration|Model training / Technological / Confabulations|Model operation / Technological / Sensor artifacts|Model operation / Technological / Map inconsistency|Model operation / Technological / Security robustness / spoofing|Model operation / Technological / Concept drift|Knowledge analysis / Technological / Correlated errors x interaction graph omission|Model training / Technological / Selective prediction / refusal failure
P1,95,17800137,True,0.06636614968792873,,,Knowledge analysis / Technological / Pseudo-quantification risk|Knowledge analysis / Technological / Incorrect spatial-geometric interpretation|Model training / Technological / Confidence miscalibration,Knowledge analysis / Technological / Pseudo-quantification risk|Knowledge analysis / Technological / Incorrect spatial-geometric interpretation|Model training / Technological / Confidence miscalibration|Model training / Technological / Confabulations|Model training / Technological / Selective prediction / refusal failure,Knowledge analysis / Technological / Pseudo-quantification risk|Knowledge analysis / Technological / Incorrect spatial-geometric interpretation|Model training / Technological / Confidence miscalibration|Model training / Technological / Confabulations|Model training / Technological / Selective prediction / refusal failure|Model operation / Technological / Concept drift|Model training / Technological / Overfitting|Model training / Technological / Latency/compute budget breach|Model training / Technological / Noise/blur/compression fragility|Model training / Technological / Correlated error structure omission
P1,96,17800138,True,0.037512913513334266,,,Knowledge analysis / Technological / Pseudo-quantification risk|Knowledge analysis / Technological / Incorrect spatial-geometric interpretation|Model training / Technological / Confidence miscalibration,Knowledge analysis / Technological / Pseudo-quantification risk|Knowledge analysis / Technological / Incorrect spatial-geometric interpretation|Model training / Technological / Confidence miscalibration|Model training / Technological / Confabulations|Model training / Technological / Noise/blur/compression fragility,Knowledge analysis / Technological / Pseudo-quantification risk|Knowledge analysis / Technological / Incorrect spatial-geometric interpretation|Model training / Technological / Confidence miscalibration|Model training / Technological / Confabulations|Model training / Technological / Noise/blur/compression fragility|Model training / Technological / Latency/compute budget breach|Model training / Technological / Overfitting|Model training / Technological / Selective prediction / refusal failure|Model training / Technological / Metric gaming|Model training / Technological / Correlated error structure omission
P1,97,17800139,True,0.02359217175918633,,,Knowledge analysis / Technological / Incorrect spatial-geometric interpretation|Knowledge analysis / Technological / Pseudo-quantification risk|Model training / Technological / Confidence miscalibration,Knowledge analysis / Technological / Incorrect spatial-geometric interpretation|Knowledge analysis / Technological / Pseudo-quantification risk|Model training / Technological / Confidence miscalibration|Model training / Technological / Confabulations|Model training / Technological / Domain shift as technological robustness failure,Knowledge analysis / Technological / Incorrect spatial-geometric interpretation|Knowledge analysis / Technological / Pseudo-quantification risk|Model training / Technological / Confidence miscalibration|Model training / Technological / Confabulations|Model training / Technological / Domain shift as technological robustness failure|Model training / Technological / Latency/compute budget breach|Model training / Technological / Overfitting|Model training / Technological / Preprocessing and augmentation pipeline defects|Model training / Technological / Selective prediction / refusal failure|Model training / Technological / Training instability
P1,98,17800140,True,0.03842577835667619,,,Knowledge analysis / Technological / Incorrect spatial-geometric interpretation|Knowledge analysis / Technological / Pseudo-quantification risk|Model training / Technological / Confabulations,Knowledge analysis / Technological / Incorrect spatial-geometric interpretation|Knowledge analysis / Technological / Pseudo-quantification risk|Model training / Technological / Confabulations|Model training / Technological / Confidence miscalibration|Model training / Technological / Latency/compute budget breach,Knowledge analysis / Technological / Incorrect spatial-geometric interpretation|Knowledge analysis / Technological / Pseudo-quantification risk|Model training / Technological / Confabulations|Model training / Technological / Confidence miscalibration|Model training / Technological / Latency/compute budget breach|Model training / Technological / Noise/blur/compression fragility|Model training / Technological / Metric gaming|Model training / Technological / Training instability|Model training / Technological / Preprocessing and augmentation pipeline defects|Model training / Technological / Overfitting
P1,99,17800141,True,0.037698769420558796,,,Knowledge analysis / Technological / Pseudo-quantification risk|Knowledge analysis / Technological / Incorrect spatial-geometric interpretation|Model training / Technological / Confabulations,Knowledge analysis / Technological / Pseudo-quantification risk|Knowledge analysis / Technological / Incorrect spatial-geometric interpretation|Model training / Technological / Confabulations|Model training / Technological / Confidence miscalibration|Model training / Technological / Domain shift as technological robustness failure,Knowledge analysis / Technological / Pseudo-quantification risk|Knowledge analysis / Technological / Incorrect spatial-geometric interpretation|Model training / Technological / Confabulations|Model training / Technological / Confidence miscalibration|Model training / Technological / Domain shift as technological robustness failure|Model training / Technological / Correlated error structure omission|Model training / Technological / Preprocessing and augmentation pipeline defects|Model training / Technological / Latency/compute budget breach|Model training / Technological / Metric gaming|Model training / Technological / Overfitting
P1,100,17800142,True,0.03563457833202083,,,Knowledge analysis / Technological / Incorrect spatial-geometric interpretation|Knowledge analysis / Technological / Pseudo-quantification risk|Model training / Technological / Confabulations,Knowledge analysis / Technological / Incorrect spatial-geometric interpretation|Knowledge analysis / Technological / Pseudo-quantification risk|Model training / Technological / Confabulations|Model training / Technological / Confidence miscalibration|Model operation / Technological / Sensor artifacts,Knowledge analysis / Technological / Incorrect spatial-geometric interpretation|Knowledge analysis / Technological / Pseudo-quantification risk|Model training / Technological / Confabulations|Model training / Technological / Confidence miscalibration|Model operation / Technological / Sensor artifacts|Model operation / Technological / Concept drift|Model training / Technological / Overfitting|Model operation / Technological / Security robustness / spoofing|Model training / Technological / Latency/compute budget breach|Model training / Technological / Preprocessing and augmentation pipeline defects
P1,101,17800143,True,0.030182409636482433,,,Knowledge analysis / Technological / Pseudo-quantification risk|Knowledge analysis / Technological / Incorrect spatial-geometric interpretation|Model training / Technological / Confabulations,Knowledge analysis / Technological / Pseudo-quantification risk|Knowledge analysis / Technological / Incorrect spatial-geometric interpretation|Model training / Technological / Confabulations|Model training / Technological / Confidence miscalibration|Knowledge analysis / Technological / Correlated errors x interaction graph omission,Knowledge analysis / Technological / Pseudo-quantification risk|Knowledge analysis / Technological / Incorrect spatial-geometric interpretation|Model training / Technological / Confabulations|Model training / Technological / Confidence miscalibration|Knowledge analysis / Technological / Correlated errors x interaction graph omission|Model operation / Technological / Concept drift|Knowledge analysis / Technological / Reliance on spurious features|Knowledge analysis / Technological / Representation mismatch for swarm needs|Model training / Technological / Domain shift as technological robustness failure|Model operation / Technological / Security robustness / spoofing
P1,102,17800144,True,0.03764713141356627,,,Knowledge analysis / Technological / Incorrect spatial-geometric interpretation|Knowledge analysis / Technological / Pseudo-quantification risk|Model training / Technological / Confabulations,Knowledge analysis / Technological / Incorrect spatial-geometric interpretation|Knowledge analysis / Technological / Pseudo-quantification risk|Model training / Technological / Confabulations|Model training / Technological / Confidence miscalibration|Model training / Technological / Domain shift as technological robustness failure,Knowledge analysis / Technological / Incorrect spatial-geometric interpretation|Knowledge analysis / Technological / Pseudo-quantification risk|Model training / Technological / Confabulations|Model training / Technological / Confidence miscalibration|Model training / Technological / Domain shift as technological robustness failure|Model operation / Technological / Map inconsistency|Model operation / Technological / Concept drift|Model operation / Technological / Security robustness / spoofing|Model training / Technological / Metric gaming|Model operation / Technological / Sensor artifacts
P1,103,17800145,True,0.03482735954891989,,,Knowledge analysis / Technological / Incorrect spatial-geometric interpretation|Knowledge analysis / Technological / Pseudo-quantification risk|Model training / Technological / Confidence miscalibration,Knowledge analysis / Technological / Incorrect spatial-geometric interpretation|Knowledge analysis / Technological / Pseudo-quantification risk|Model training / Technological / Confidence miscalibration|Model training / Technological / Confabulations|Model operation / Technological / Map inconsistency,Knowledge analysis / Technological / Incorrect spatial-geometric interpretation|Knowledge analysis / Technological / Pseudo-quantification risk|Model training / Technological / Confidence miscalibration|Model training / Technological / Confabulations|Model operation / Technological / Map inconsistency|Model operation / Technological / Sensor artifacts|Model operation / Technological / Security robustness / spoofing|Model operation / Technological / Concept drift|Model training / Technological / Preprocessing and augmentation pipeline defects|Model training / Technological / Latency/compute budget breach
P1,104,17800146,True,0.031986978601699745,,,Knowledge analysis / Technological / Pseudo-quantification risk|Knowledge analysis / Technological / Incorrect spatial-geometric interpretation|Model training / Technological / Confidence miscalibration,Knowledge analysis / Technological / Pseudo-quantification risk|Knowledge analysis / Technological / Incorrect spatial-geometric interpretation|Model training / Technological / Confidence miscalibration|Model training / Technological / Confabulations|Model training / Technological / Training instability,Knowledge analysis / Technological / Pseudo-quantification risk|Knowledge analysis / Technological / Incorrect spatial-geometric interpretation|Model training / Technological / Confidence miscalibration|Model training / Technological / Confabulations|Model training / Technological / Training instability|Model training / Technological / Selective prediction / refusal failure|Model operation / Technological / Concept drift|Model training / Technological / Metric gaming|Model operation / Technological / Sensor artifacts|Model training / Technological / Preprocessing and augmentation pipeline defects
P1,105,17800147,True,0.030847962542611206,,,Knowledge analysis / Technological / Pseudo-quantification risk|Knowledge analysis / Technological / Incorrect spatial-geometric interpretation|Model training / Technological / Confabulations,Knowledge analysis / Technological / Pseudo-quantification risk|Knowledge analysis / Technological / Incorrect spatial-geometric interpretation|Model training / Technological / Confabulations|Model training / Technological / Confidence miscalibration|Model training / Technological / Noise/blur/compression fragility,Knowledge analysis / Technological / Pseudo-quantification risk|Knowledge analysis / Technological / Incorrect spatial-geometric interpretation|Model training / Technological / Confabulations|Model training / Technological / Confidence miscalibration|Model training / Technological / Noise/blur/compression fragility|Model training / Technological / Domain shift as technological robustness failure|Model training / Technological / Metric gaming|Model training / Technological / Selective prediction / refusal failure|Model training / Technological / Correlated error structure omission|Model training / Technological / Overfitting
P1,106,17800148,True,0.05737795207310711,,,Knowledge analysis / Technological / Incorrect spatial-geometric interpretation|Knowledge analysis / Technological / Pseudo-quantification risk|Model training / Technological / Confabulations,Knowledge analysis / Technological / Incorrect spatial-geometric interpretation|Knowledge analysis / Technological / Pseudo-quantification risk|Model training / Technological / Confabulations|Model training / Technological / Confidence miscalibration|Model operation / Technological / Sensor artifacts,Knowledge analysis / Technological / Incorrect spatial-geometric interpretation|Knowledge analysis / Technological / Pseudo-quantification risk|Model training / Technological / Confabulations|Model training / Technological / Confidence miscalibration|Model operation / Technological / Sensor artifacts|Model operation / Technological / Concept drift|Model training / Technological / Metric gaming|Model operation / Technological / Security robustness / spoofing|Model operation / Technological / Map inconsistency|Model training / Technological / Correlated error structure omission
P1,107,17800149,True,0.094738604446844,,,Knowledge analysis / Technological / Incorrect spatial-geometric interpretation|Knowledge analysis / Technological / Pseudo-quantification risk|Model training / Technological / Confabulations,Knowledge analysis / Technological / Incorrect spatial-geometric interpretation|Knowledge analysis / Technological / Pseudo-quantification risk|Model training / Technological / Confabulations|Model training / Technological / Confidence miscalibration|Model training / Technological / Selective prediction / refusal failure,Knowledge analysis / Technological / Incorrect spatial-geometric interpretation|Knowledge analysis / Technological / Pseudo-quantification risk|Model training / Technological / Confabulations|Model training / Technological / Confidence miscalibration|Model training / Technological / Selective prediction / refusal failure|Model operation / Technological / Sensor artifacts|Model training / Technological / Correlated error structure omission|Model operation / Technological / Map inconsistency|Model operation / Technological / Security robustness / spoofing|Model training / Technological / Metric gaming
P1,108,17800150,True,0.058231945379590026,,,Knowledge analysis / Technological / Incorrect spatial-geometric interpretation|Knowledge analysis / Technological / Pseudo-quantification risk|Model training / Technological / Confabulations,Knowledge analysis / Technological / Incorrect spatial-geometric interpretation|Knowledge analysis / Technological / Pseudo-quantification risk|Model training / Technological / Confabulations|Model training / Technological / Confidence miscalibration|Model training / Technological / Overfitting,Knowledge analysis / Technological / Incorrect spatial-geometric interpretation|Knowledge analysis / Technological / Pseudo-quantification risk|Model training / Technological / Confabulations|Model training / Technological / Confidence miscalibration|Model training / Technological / Overfitting|Model training / Technological / Latency/compute budget breach|Model training / Technological / Domain shift as technological robustness failure|Model training / Technological / Noise/blur/compression fragility|Model training / Technological / Selective prediction / refusal failure|Model operation / Technological / Map inconsistency
P1,109,17800151,True,0.05705810265017267,,,Knowledge analysis / Technological / Pseudo-quantification risk|Knowledge analysis / Technological / Incorrect spatial-geometric interpretation|Model training / Technological / Confidence miscalibration,Knowledge analysis / Technological / Pseudo-quantification risk|Knowledge analysis / Technological / Incorrect spatial-geometric interpretation|Model training / Technological / Confidence miscalibration|Model training / Technological / Confabulations|Model training / Technological / Training instability,Knowledge analysis / Technological / Pseudo-quantification risk|Knowledge analysis / Technological / Incorrect spatial-geometric interpretation|Model training / Technological / Confidence miscalibration|Model training / Technological / Confabulations|Model training / Technological / Training instability|Model training / Technological / Metric gaming|Model training / Technological / Correlated error structure omission|Model operation / Technological / Map inconsistency|Model training / Technological / Noise/blur/compression fragility|Model training / Technological / Domain shift as technological robustness failure
P1,110,17800152,True,0.03806511487739016,,,Knowledge analysis / Technological / Pseudo-quantification risk|Knowledge analysis / Technological / Incorrect spatial-geometric interpretation|Model training / Technological / Confidence miscalibration,Knowledge analysis / Technological / Pseudo-quantification risk|Knowledge analysis / Technological / Incorrect spatial-geometric interpretation|Model training / Technological / Confidence miscalibration|Model training / Technological / Confabulations|Model operation / Technological / Sensor artifacts,Knowledge analysis / Technological / Pseudo-quantification risk|Knowledge analysis / Technological / Incorrect spatial-geometric interpretation|Model training / Technological / Confidence miscalibration|Model training / Technological / Confabulations|Model operation / Technological / Sensor artifacts|Model training / Technological / Selective prediction / refusal failure|Model operation / Technological / Concept drift|Model operation / Technological / Security robustness / spoofing|Model operation / Technological / Map inconsistency|Model training / Technological / Metric gaming
P1,111,17800153,True,0.03037358576915606,,,Knowledge analysis / Technological / Pseudo-quantification risk|Knowledge analysis / Technological / Incorrect spatial-geometric interpretation|Model training / Technological / Confabulations,Knowledge analysis / Technological / Pseudo-quantification risk|Knowledge analysis / Technological / Incorrect spatial-geometric interpretation|Model training / Technological / Confabulations|Model training / Technological / Confidence miscalibration|Model training / Technological / Selective prediction / refusal failure,Knowledge analysis / Technological / Pseudo-quantification risk|Knowledge analysis / Technological / Incorrect spatial-geometric interpretation|Model training / Technological / Confabulations|Model training / Technological / Confidence miscalibration|Model training / Technological / Selective prediction / refusal failure|Model training / Technological / Preprocessing and augmentation pipeline defects|Model training / Technological / Domain shift as technological robustness failure|Model operation / Technological / Sensor artifacts|Model training / Technological / Noise/blur/compression fragility|Model operation / Technological / Security robustness / spoofing
P1,112,17800154,True,0.022646183764329267,,,Knowledge analysis / Technological / Pseudo-quantification risk|Knowledge analysis / Technological / Incorrect spatial-geometric interpretation|Model training / Technological / Confabulations,Knowledge analysis / Technological / Pseudo-quantification risk|Knowledge analysis / Technological / Incorrect spatial-geometric interpretation|Model training / Technological / Confabulations|Model training / Technological / Confidence miscalibration|Model training / Technological / Noise/blur/compression fragility,Knowledge analysis / Technological / Pseudo-quantification risk|Knowledge analysis / Technological / Incorrect spatial-geometric interpretation|Model training / Technological / Confabulations|Model training / Technological / Confidence miscalibration|Model training / Technological / Noise/blur/compression fragility|Model training / Technological / Preprocessing and augmentation pipeline defects|Model training / Technological / Domain shift as technological robustness failure|Model training / Technological / Training instability|Model training / Technological / Latency/compute budget breach|Model training / Technological / Correlated error structure omission
P1,113,17800155,True,0.0386705247548005,,,Knowledge analysis / Technological / Pseudo-quantification risk|Knowledge analysis / Technological / Incorrect spatial-geometric interpretation|Model training / Technological / Confabulations,Knowledge analysis / Technological / Pseudo-quantification risk|Knowledge analysis / Technological / Incorrect spatial-geometric interpretation|Model training / Technological / Confabulations|Model training / Technological / Confidence miscalibration|Model training / Technological / Training instability,Knowledge analysis / Technological / Pseudo-quantification risk|Knowledge analysis / Technological / Incorrect spatial-geometric interpretation|Model training / Technological / Confabulations|Model training / Technological / Confidence miscalibration|Model training / Technological / Training instability|Model training / Technological / Latency/compute budget breach|Model training / Technological / Correlated error structure omission|Model training / Technological / Preprocessing and augmentation pipeline defects|Model training / Technological / Noise/blur/compression fragility|Model training / Technological / Selective prediction / refusal failure
P1,114,17800156,True,0.03575196478911214,,,Knowledge analysis / Technological / Incorrect spatial-geometric interpretation|Knowledge analysis / Technological / Pseudo-quantification risk|Model training / Technological / Confidence miscalibration,Knowledge analysis / Technological / Incorrect spatial-geometric interpretation|Knowledge analysis / Technological / Pseudo-quantification risk|Model training / Technological / Confidence miscalibration|Model training / Technological / Confabulations|Model operation / Technological / Sensor artifacts,Knowledge analysis / Technological / Incorrect spatial-geometric interpretation|Knowledge analysis / Technological / Pseudo-quantification risk|Model training / Technological / Confidence miscalibration|Model training / Technological / Confabulations|Model operation / Technological / Sensor artifacts|Model training / Technological / Training instability|Model training / Technological / Correlated error structure omission|Model operation / Technological / Map inconsistency|Model training / Technological / Metric gaming|Knowledge analysis / Technological / Representation mismatch for swarm needs
P1,115,17800157,True,0.043099105496200656,,,Knowledge analysis / Technological / Incorrect spatial-geometric interpretation|Knowledge analysis / Technological / Pseudo-quantification risk|Model training / Technological / Confabulations,Knowledge analysis / Technological / Incorrect spatial-geometric interpretation|Knowledge analysis / Technological / Pseudo-quantification risk|Model training / Technological / Confabulations|Model training / Technological / Confidence miscalibration|Model operation / Technological / Concept drift,Knowledge analysis / Technological / Incorrect spatial-geometric interpretation|Knowledge analysis / Technological / Pseudo-quantification risk|Model training / Technological / Confabulations|Model training / Technological / Confidence miscalibration|Model operation / Technological / Concept drift|Model operation / Technological / Sensor artifacts|Model operation / Technological / Map inconsistency|Model operation / Technological / Security robustness / spoofing|Model training / Technological / Overfitting|Model training / Technological / Metric gaming
P1,116,17800158,True,0.03672343282113248,,,Knowledge analysis / Technological / Incorrect spatial-geometric interpretation|Knowledge analysis / Technological / Pseudo-quantification risk|Model training / Technological / Confabulations,Knowledge analysis / Technological / Incorrect spatial-geometric interpretation|Knowledge analysis / Technological / Pseudo-quantification risk|Model training / Technological / Confabulations|Model training / Technological / Confidence miscalibration|Model training / Technological / Overfitting,Knowledge analysis / Technological / Incorrect spatial-geometric interpretation|Knowledge analysis / Technological / Pseudo-quantification risk|Model training / Technological / Confabulations|Model training / Technological / Confidence miscalibration|Model training / Technological / Overfitting|Model operation / Technological / Concept drift|Model operation / Technological / Sensor artifacts|Model operation / Technological / Security robustness / spoofing|Model operation / Technological / Map inconsistency|Model training / Technological / Preprocessing and augmentation pipeline defects
P1,117,17800159,True,0.03215393630797193,,,Knowledge analysis / Technological / Incorrect spatial-geometric interpretation|Knowledge analysis / Technological / Pseudo-quantification risk|Model training / Technological / Confidence miscalibration,Knowledge analysis / Technological / Incorrect spatial-geometric interpretation|Knowledge analysis / Technological / Pseudo-quantification risk|Model training / Technological / Confidence miscalibration|Model training / Technological / Confabulations|Model training / Technological / Metric gaming,Knowledge analysis / Technological / Incorrect spatial-geometric interpretation|Knowledge analysis / Technological / Pseudo-quantification risk|Model training / Technological / Confidence miscalibration|Model training / Technological / Confabulations|Model training / Technological / Metric gaming|Model training / Technological / Overfitting|Model training / Technological / Domain shift as technological robustness failure|Model training / Technological / Latency/compute budget breach|Model training / Technological / Noise/blur/compression fragility|Model training / Technological / Preprocessing and augmentation pipeline defects
P1,118,17800160,True,0.06636614968792873,,,Knowledge analysis / Technological / Incorrect spatial-geometric interpretation|Knowledge analysis / Technological / Pseudo-quantification risk|Model training / Technological / Confabulations,Knowledge analysis / Technological / Incorrect spatial-geometric interpretation|Knowledge analysis / Technological / Pseudo-quantification risk|Model training / Technological / Confabulations|Model training / Technological / Confidence miscalibration|Model operation / Technological / Concept drift,Knowledge analysis / Technological / Incorrect spatial-geometric interpretation|Knowledge analysis / Technological / Pseudo-quantification risk|Model training / Technological / Confabulations|Model training / Technological / Confidence miscalibration|Model operation / Technological / Concept drift|Model training / Technological / Latency/compute budget breach|Model training / Technological / Preprocessing and augmentation pipeline defects|Model operation / Technological / Sensor artifacts|Model operation / Technological / Map inconsistency|Model operation / Technological / Security robustness / spoofing
P1,119,17800161,True,0.048050652568588974,,,Knowledge analysis / Technological / Incorrect spatial-geometric interpretation|Knowledge analysis / Technological / Pseudo-quantification risk|Model training / Technological / Confabulations,Knowledge analysis / Technological / Incorrect spatial-geometric interpretation|Knowledge analysis / Technological / Pseudo-quantification risk|Model training / Technological / Confabulations|Model training / Technological / Confidence miscalibration|Model training / Technological / Metric gaming,Knowledge analysis / Technological / Incorrect spatial-geometric interpretation|Knowledge analysis / Technological / Pseudo-quantification risk|Model training / Technological / Confabulations|Model training / Technological / Confidence miscalibration|Model training / Technological / Metric gaming|Model training / Technological / Selective prediction / refusal failure|Model training / Technological / Preprocessing and augmentation pipeline defects|Model training / Technological / Domain shift as technological robustness failure|Model training / Technological / Noise/blur/compression fragility|Model training / Technological / Overfitting
P1,120,17800162,True,0.050617897746716024,,,Knowledge analysis / Technological / Incorrect spatial-geometric interpretation|Knowledge analysis / Technological / Pseudo-quantification risk|Model training / Technological / Confidence miscalibration,Knowledge analysis / Technological / Incorrect spatial-geometric interpretation|Knowledge analysis / Technological / Pseudo-quantification risk|Model training / Technological / Confidence miscalibration|Model training / Technological / Confabulations|Knowledge analysis / Technological / Reliance on spurious features,Knowledge analysis / Technological / Incorrect spatial-geometric interpretation|Knowledge analysis / Technological / Pseudo-quantification risk|Model training / Technological / Confidence miscalibration|Model training / Technological / Confabulations|Knowledge analysis / Technological / Reliance on spurious features|Knowledge analysis / Technological / Representation mismatch for swarm needs|Knowledge analysis / Technological / Correlated errors x interaction graph omission|Knowledge analysis / Technological / Spatial frame / map mismatch|Knowledge analysis / Human / Lack of uncertainty estimation|Model training / Technological / Noise/blur/compression fragility
P1,121,17800163,True,0.04446603534738687,,,Knowledge analysis / Technological / Pseudo-quantification risk|Knowledge analysis / Technological / Incorrect spatial-geometric interpretation|Model training / Technological / Confabulations,Knowledge analysis / Technological / Pseudo-quantification risk|Knowledge analysis / Technological / Incorrect spatial-geometric interpretation|Model training / Technological / Confabulations|Model training / Technological / Confidence miscalibration|Model training / Technological / Latency/compute budget breach,Knowledge analysis / Technological / Pseudo-quantification risk|Knowledge analysis / Technological / Incorrect spatial-geometric interpretation|Model training / Technological / Confabulations|Model training / Technological / Confidence miscalibration|Model training / Technological / Latency/compute budget breach|Model training / Technological / Correlated error structure omission|Model training / Technological / Domain shift as technological robustness failure|Model training / Technological / Selective prediction / refusal failure|Model training / Technological / Preprocessing and augmentation pipeline defects|Model training / Technological / Training instability
P1,122,17800164,True,0.024729123325303696,,,Knowledge analysis / Technological / Pseudo-quantification risk|Knowledge analysis / Technological / Incorrect spatial-geometric interpretation|Model training / Technological / Confidence miscalibration,Knowledge analysis / Technological / Pseudo-quantification risk|Knowledge analysis / Technological / Incorrect spatial-geometric interpretation|Model training / Technological / Confidence miscalibration|Model training / Technological / Confabulations|Model training / Technological / Training instability,Knowledge analysis / Technological / Pseudo-quantification risk|Knowledge analysis / Technological / Incorrect spatial-geometric interpretation|Model training / Technological / Confidence miscalibration|Model training / Technological / Confabulations|Model training / Technological / Training instability|Model training / Technological / Metric gaming|Model training / Technological / Preprocessing and augmentation pipeline defects|Model training / Technological / Correlated error structure omission|Model training / Technological / Domain shift as technological robustness failure|Model training / Technological / Overfitting
P1,123,17800165,True,0.06522766332135295,,,Knowledge analysis / Technological / Incorrect spatial-geometric interpretation|Knowledge analysis / Technological / Pseudo-quantification risk|Model training / Technological / Confabulations,Knowledge analysis / Technological / Incorrect spatial-geometric interpretation|Knowledge analysis / Technological / Pseudo-quantification risk|Model training / Technological / Confabulations|Model training / Technological / Confidence miscalibration|Model training / Technological / Metric gaming,Knowledge analysis / Technological / Incorrect spatial-geometric interpretation|Knowledge analysis / Technological / Pseudo-quantification risk|Model training / Technological / Confabulations|Model training / Technological / Confidence miscalibration|Model training / Technological / Metric gaming|Model training / Technological / Latency/compute budget breach|Model training / Technological / Selective prediction / refusal failure|Model training / Technological / Correlated error structure omission|Model training / Technological / Domain shift as technological robustness failure|Model training / Technological / Noise/blur/compression fragility
P1,124,17800166,True,0.08843730532276654,,,Knowledge analysis / Technological / Incorrect spatial-geometric interpretation|Knowledge analysis / Technological / Pseudo-quantification risk|Model training / Technological / Confabulations,Knowledge analysis / Technological / Incorrect spatial-geometric interpretation|Knowledge analysis / Technological / Pseudo-quantification risk|Model training / Technological / Confabulations|Model training / Technological / Confidence miscalibration|Model training / Technological / Preprocessing and augmentation pipeline defects,Knowledge analysis / Technological / Incorrect spatial-geometric interpretation|Knowledge analysis / Technological / Pseudo-quantification risk|Model training / Technological / Confabulations|Model training / Technological / Confidence miscalibration|Model training / Technological / Preprocessing and augmentation pipeline defects|Model training / Technological / Correlated error structure omission|Model training / Technological / Selective prediction / refusal failure|Model operation / Technological / Sensor artifacts|Model operation / Technological / Concept drift|Model operation / Technological / Map inconsistency
P1,125,17800167,True,0.030101208643075316,,,Knowledge analysis / Technological / Incorrect spatial-geometric interpretation|Knowledge analysis / Technological / Pseudo-quantification risk|Model training / Technological / Confidence miscalibration,Knowledge analysis / Technological / Incorrect spatial-geometric interpretation|Knowledge analysis / Technological / Pseudo-quantification risk|Model training / Technological / Confidence miscalibration|Model training / Technological / Confabulations|Model operation / Technological / Concept drift,Knowledge analysis / Technological / Incorrect spatial-geometric interpretation|Knowledge analysis / Technological / Pseudo-quantification risk|Model training / Technological / Confidence miscalibration|Model training / Technological / Confabulations|Model operation / Technological / Concept drift|Model operation / Technological / Sensor artifacts|Model operation / Technological / Map inconsistency|Model operation / Technological / Security robustness / spoofing|Model training / Technological / Overfitting|Model training / Technological / Domain shift as technological robustness failure
P1,126,17800168,True,0.0395241533793418,,,Knowledge analysis / Technological / Pseudo-quantification risk|Knowledge analysis / Technological / Incorrect spatial-geometric interpretation|Model training / Technological / Confabulations,Knowledge analysis / Technological / Pseudo-quantification risk|Knowledge analysis / Technological / Incorrect spatial-geometric interpretation|Model training / Technological / Confabulations|Model training / Technological / Confidence miscalibration|Model operation / Technological / Sensor artifacts,Knowledge analysis / Technological / Pseudo-quantification risk|Knowledge analysis / Technological / Incorrect spatial-geometric interpretation|Model training / Technological / Confabulations|Model training / Technological / Confidence miscalibration|Model operation / Technological / Sensor artifacts|Model operation / Technological / Concept drift|Model operation / Technological / Map inconsistency|Model operation / Technological / Security robustness / spoofing|Model training / Technological / Selective prediction / refusal failure|Model training / Technological / Noise/blur/compression fragility
P1,127,17800169,True,0.04171786378590908,,,Knowledge analysis / Technological / Incorrect spatial-geometric interpretation|Knowledge analysis / Technological / Pseudo-quantification risk|Model training / Technological / Confidence miscalibration,Knowledge analysis / Technological / Incorrect spatial-geometric interpretation|Knowledge analysis / Technological / Pseudo-quantification risk|Model training / Technological / Confidence miscalibration|Model training / Technological / Confabulations|Model training / Technological / Training instability,Knowledge analysis / Technological / Incorrect spatial-geometric interpretation|Knowledge analysis / Technological / Pseudo-quantification risk|Model training / Technological / Confidence miscalibration|Model training / Technological / Confabulations|Model training / Technological / Training instability|Model training / Technological / Domain shift as technological robustness failure|Model training / Technological / Selective prediction / refusal failure|Model training / Technological / Correlated error structure omission|Model training / Technological / Metric gaming|Model training / Technological / Noise/blur/compression fragility
P1,128,17800170,True,0.045909868624106745,,,Knowledge analysis / Technological / Incorrect spatial-geometric interpretation|Knowledge analysis / Technological / Pseudo-quantification risk|Model training / Technological / Confidence miscalibration,Knowledge analysis / Technological / Incorrect spatial-geometric interpretation|Knowledge analysis / Technological / Pseudo-quantification risk|Model training / Technological / Confidence miscalibration|Model training / Technological / Confabulations|Model training / Technological / Noise/blur/compression fragility,Knowledge analysis / Technological / Incorrect spatial-geometric interpretation|Knowledge analysis / Technological / Pseudo-quantification risk|Model training / Technological / Confidence miscalibration|Model training / Technological / Confabulations|Model training / Technological / Noise/blur/compression fragility|Model training / Technological / Training instability|Model training / Technological / Metric gaming|Model training / Technological / Overfitting|Model training / Technological / Preprocessing and augmentation pipeline defects|Model training / Technological / Correlated error structure omission
P1,129,17800171,True,0.032174927485499605,,,Knowledge analysis / Technological / Pseudo-quantification risk|Knowledge analysis / Technological / Incorrect spatial-geometric interpretation|Model training / Technological / Confabulations,Knowledge analysis / Technological / Pseudo-quantification risk|Knowledge analysis / Technological / Incorrect spatial-geometric interpretation|Model training / Technological / Confabulations|Model training / Technological / Confidence miscalibration|Model training / Technological / Training instability,Knowledge analysis / Technological / Pseudo-quantification risk|Knowledge analysis / Technological / Incorrect spatial-geometric interpretation|Model training / Technological / Confabulations|Model training / Technological / Confidence miscalibration|Model training / Technological / Training instability|Model training / Technological / Domain shift as technological robustness failure|Model training / Technological / Latency/compute budget breach|Model training / Technological / Selective prediction / refusal failure|Model training / Technological / Metric gaming|Model training / Technological / Correlated error structure omission
P1,130,17800172,True,0.055326498444308196,,,Knowledge analysis / Technological / Pseudo-quantification risk|Knowledge analysis / Technological / Incorrect spatial-geometric interpretation|Model training / Technological / Confidence miscalibration,Knowledge analysis / Technological / Pseudo-quantification risk|Knowledge analysis / Technological / Incorrect spatial-geometric interpretation|Model training / Technological / Confidence miscalibration|Model training / Technological / Confabulations|Model training / Technological / Noise/blur/compression fragility,Knowledge analysis / Technological / Pseudo-quantification risk|Knowledge analysis / Technological / Incorrect spatial-geometric interpretation|Model training / Technological / Confidence miscalibration|Model training / Technological / Confabulations|Model training / Technological / Noise/blur/compression fragility|Model training / Technological / Metric gaming|Model training / Technological / Overfitting|Model training / Technological / Preprocessing and augmentation pipeline defects|Model training / Technological / Training instability|Model training / Technological / Domain shift as technological robustness failure
P1,131,17800173,True,0.03850007640388489,,,Knowledge analysis / Technological / Incorrect spatial-geometric interpretation|Knowledge analysis / Technological / Pseudo-quantification risk|Model training / Technological / Confidence miscalibration,Knowledge analysis / Technological / Incorrect spatial-geometric interpretation|Knowledge analysis / Technological / Pseudo-quantification risk|Model training / Technological / Confidence miscalibration|Model training / Technological / Confabulations|Model training / Technological / Domain shift as technological robustness failure,Knowledge analysis / Technological / Incorrect spatial-geometric interpretation|Knowledge analysis / Technological / Pseudo-quantification risk|Model training / Technological / Confidence miscalibration|Model training / Technological / Confabulations|Model training / Technological / Domain shift as technological robustness failure|Model training / Technological / Overfitting|Model training / Technological / Noise/blur/compression fragility|Model training / Technological / Training instability|Model training / Technological / Selective prediction / refusal failure|Model training / Technological / Metric gaming
P1,132,17800174,True,0.0678905698469701,,,Knowledge analysis / Technological / Pseudo-quantification risk|Knowledge analysis / Technological / Incorrect spatial-geometric interpretation|Model training / Technological / Confidence miscalibration,Knowledge analysis / Technological / Pseudo-quantification risk|Knowledge analysis / Technological / Incorrect spatial-geometric interpretation|Model training / Technological / Confidence miscalibration|Model training / Technological / Confabulations|Model training / Technological / Metric gaming,Knowledge analysis / Technological / Pseudo-quantification risk|Knowledge analysis / Technological / Incorrect spatial-geometric interpretation|Model training / Technological / Confidence miscalibration|Model training / Technological / Confabulations|Model training / Technological / Metric gaming|Model training / Technological / Correlated error structure omission|Knowledge analysis / Technological / Spatial frame / map mismatch|Model training / Technological / Latency/compute budget breach|Model operation / Technological / Concept drift|Model operation / Technological / Map inconsistency
P1,133,17800175,True,0.06046236795326965,,,Knowledge analysis / Technological / Incorrect spatial-geometric interpretation|Knowledge analysis / Technological / Pseudo-quantification risk|Model training / Technological / Confidence miscalibration,Knowledge analysis / Technological / Incorrect spatial-geometric interpretation|Knowledge analysis / Technological / Pseudo-quantification risk|Model training / Technological / Confidence miscalibration|Model training / Technological / Confabulations|Model training / Technological / Preprocessing and augmentation pipeline defects,Knowledge analysis / Technological / Incorrect spatial-geometric interpretation|Knowledge analysis / Technological / Pseudo-quantification risk|Model training / Technological / Confidence miscalibration|Model training / Technological / Confabulations|Model training / Technological / Preprocessing and augmentation pipeline defects|Model training / Technological / Noise/blur/compression fragility|Model training / Technological / Overfitting|Model training / Technological / Selective prediction / refusal failure|Model training / Technological / Correlated error structure omission|Model training / Technological / Domain shift as technological robustness failure
P1,134,17800176,True,0.03654708296300459,,,Knowledge analysis / Technological / Pseudo-quantification risk|Knowledge analysis / Technological / Incorrect spatial-geometric interpretation|Model training / Technological / Confabulations,Knowledge analysis / Technological / Pseudo-quantification risk|Knowledge analysis / Technological / Incorrect spatial-geometric interpretation|Model training / Technological / Confabulations|Model training / Technological / Confidence miscalibration|Model training / Technological / Selective prediction / refusal failure,Knowledge analysis / Technological / Pseudo-quantification risk|Knowledge analysis / Technological / Incorrect spatial-geometric interpretation|Model training / Technological / Confabulations|Model training / Technological / Confidence miscalibration|Model training / Technological / Selective prediction / refusal failure|Model training / Technological / Training instability|Model training / Technological / Latency/compute budget breach|Model training / Technological / Correlated error structure omission|Model training / Technological / Preprocessing and augmentation pipeline defects|Model training / Technological / Noise/blur/compression fragility
P1,135,17800177,True,0.046256210909557956,,,Knowledge analysis / Technological / Incorrect spatial-geometric interpretation|Knowledge analysis / Technological / Pseudo-quantification risk|Model training / Technological / Confidence miscalibration,Knowledge analysis / Technological / Incorrect spatial-geometric interpretation|Knowledge analysis / Technological / Pseudo-quantification risk|Model training / Technological / Confidence miscalibration|Model training / Technological / Confabulations|Model training / Technological / Metric gaming,Knowledge analysis / Technological / Incorrect spatial-geometric interpretation|Knowledge analysis / Technological / Pseudo-quantification risk|Model training / Technological / Confidence miscalibration|Model training / Technological / Confabulations|Model training / Technological / Metric gaming|Model operation / Technological / Security robustness / spoofing|Model training / Technological / Correlated error structure omission|Model training / Technological / Domain shift as technological robustness failure|Model training / Technological / Training instability|Model training / Technological / Selective prediction / refusal failure
P1,136,17800178,True,0.031183566488152764,,,Knowledge analysis / Technological / Incorrect spatial-geometric interpretation|Knowledge analysis / Technological / Pseudo-quantification risk|Model training / Technological / Confidence miscalibration,Knowledge analysis / Technological / Incorrect spatial-geometric interpretation|Knowledge analysis / Technological / Pseudo-quantification risk|Model training / Technological / Confidence miscalibration|Model training / Technological / Confabulations|Model operation / Technological / Concept drift,Knowledge analysis / Technological / Incorrect spatial-geometric interpretation|Knowledge analysis / Technological / Pseudo-quantification risk|Model training / Technological / Confidence miscalibration|Model training / Technological / Confabulations|Model operation / Technological / Concept drift|Model operation / Technological / Security robustness / spoofing|Model training / Technological / Noise/blur/compression fragility|Model operation / Technological / Sensor artifacts|Model operation / Technological / Map inconsistency|Model training / Technological / Overfitting
P1,137,17800179,True,0.03888862228506098,,,Knowledge analysis / Technological / Pseudo-quantification risk|Knowledge analysis / Technological / Incorrect spatial-geometric interpretation|Model training / Technological / Confabulations,Knowledge analysis / Technological / Pseudo-quantification risk|Knowledge analysis / Technological / Incorrect spatial-geometric interpretation|Model training / Technological / Confabulations|Model training / Technological / Confidence miscalibration|Model training / Technological / Domain shift as technological robustness failure,Knowledge analysis / Technological / Pseudo-quantification risk|Knowledge analysis / Technological / Incorrect spatial-geometric interpretation|Model training / Technological / Confabulations|Model training / Technological / Confidence miscalibration|Model training / Technological / Domain shift as technological robustness failure|Model training / Technological / Latency/compute budget breach|Model training / Technological / Metric gaming|Model training / Technological / Overfitting|Model training / Technological / Selective prediction / refusal failure|Model training / Technological / Correlated error structure omission
P1,138,17800180,True,0.03501618410454159,,,Knowledge analysis / Technological / Incorrect spatial-geometric interpretation|Knowledge analysis / Technological / Pseudo-quantification risk|Model training / Technological / Confabulations,Knowledge analysis / Technological / Incorrect spatial-geometric interpretation|Knowledge analysis / Technological / Pseudo-quantification risk|Model training / Technological / Confabulations|Model training / Technological / Confidence miscalibration|Model training / Technological / Latency/compute budget breach,Knowledge analysis / Technological / Incorrect spatial-geometric interpretation|Knowledge analysis / Technological / Pseudo-quantification risk|Model training / Technological / Confabulations|Model training / Technological / Confidence miscalibration|Model training / Technological / Latency/compute budget breach|Model operation / Technological / Map inconsistency|Model training / Technological / Metric gaming|Model operation / Technological / Security robustness / spoofing|Model operation / Technological / Concept drift|Model training / Technological / Noise/blur/compression fragility
P1,139,17800181,True,0.03180345539234306,,,Knowledge analysis / Technological / Pseudo-quantification risk|Knowledge analysis / Technological / Incorrect spatial-geometric interpretation|Model training / Technological / Confabulations,Knowledge analysis / Technological / Pseudo-quantification risk|Knowledge analysis / Technological / Incorrect spatial-geometric interpretation|Model training / Technological / Confabulations|Model training / Technological / Confidence miscalibration|Model training / Technological / Correlated error structure omission,Knowledge analysis / Technological / Pseudo-quantification risk|Knowledge analysis / Technological / Incorrect spatial-geometric interpretation|Model training / Technological / Confabulations|Model training / Technological / Confidence miscalibration|Model training / Technological / Correlated error structure omission|Model training / Technological / Preprocessing and augmentation pipeline defects|Model training / Technological / Selective prediction / refusal failure|Model training / Technological / Metric gaming|Model training / Technological / Overfitting|Model training / Technological / Training instability
P1,140,17800182,True,0.03741948220254346,,,Knowledge analysis / Technological / Pseudo-quantification risk|Knowledge analysis / Technological / Incorrect spatial-geometric interpretation|Model training / Technological / Confabulations,Knowledge analysis / Technological / Pseudo-quantification risk|Knowledge analysis / Technological / Incorrect spatial-geometric interpretation|Model training / Technological / Confabulations|Model training / Technological / Confidence miscalibration|Model training / Technological / Metric gaming,Knowledge analysis / Technological / Pseudo-quantification risk|Knowledge analysis / Technological / Incorrect spatial-geometric interpretation|Model training / Technological / Confabulations|Model training / Technological / Confidence miscalibration|Model training / Technological / Metric gaming|Model training / Technological / Domain shift as technological robustness failure|Model training / Technological / Training instability|Model training / Technological / Preprocessing and augmentation pipeline defects|Model training / Technological / Noise/blur/compression fragility|Model training / Technological / Overfitting
P1,141,17800183,True,0.024861937364070483,,,Knowledge analysis / Technological / Pseudo-quantification risk|Knowledge analysis / Technological / Incorrect spatial-geometric interpretation|Model training / Technological / Confabulations,Knowledge analysis / Technological / Pseudo-quantification risk|Knowledge analysis / Technological / Incorrect spatial-geometric interpretation|Model training / Technological / Confabulations|Model training / Technological / Confidence miscalibration|Model operation / Technological / Map inconsistency,Knowledge analysis / Technological / Pseudo-quantification risk|Knowledge analysis / Technological / Incorrect spatial-geometric interpretation|Model training / Technological / Confabulations|Model training / Technological / Confidence miscalibration|Model operation / Technological / Map inconsistency|Model training / Technological / Correlated error structure omission|Model operation / Technological / Concept drift|Model operation / Technological / Security robustness / spoofing|Model training / Technological / Latency/compute budget breach|Model operation / Technological / Sensor artifacts
P1,142,17800184,True,0.07766796681354596,,,Knowledge analysis / Technological / Pseudo-quantification risk|Knowledge analysis / Technological / Incorrect spatial-geometric interpretation|Model training / Technological / Confidence miscalibration,Knowledge analysis / Technological / Pseudo-quantification risk|Knowledge analysis / Technological / Incorrect spatial-geometric interpretation|Model training / Technological / Confidence miscalibration|Model training / Technological / Confabulations|Model training / Technological / Overfitting,Knowledge analysis / Technological / Pseudo-quantification risk|Knowledge analysis / Technological / Incorrect spatial-geometric interpretation|Model training / Technological / Confidence miscalibration|Model training / Technological / Confabulations|Model training / Technological / Overfitting|Knowledge analysis / Human / Lack of uncertainty estimation|Model training / Technological / Selective prediction / refusal failure|Model training / Technological / Domain shift as technological robustness failure|Model training / Technological / Training instability|Model training / Technological / Correlated error structure omission
P1,143,17800185,True,0.0655163188226461,,,Knowledge analysis / Technological / Pseudo-quantification risk|Knowledge analysis / Technological / Incorrect spatial-geometric interpretation|Model training / Technological / Confabulations,Knowledge analysis / Technological / Pseudo-quantification risk|Knowledge analysis / Technological / Incorrect spatial-geometric interpretation|Model training / Technological / Confabulations|Model training / Technological / Confidence miscalibration|Model training / Technological / Training instability,Knowledge analysis / Technological / Pseudo-quantification risk|Knowledge analysis / Technological / Incorrect spatial-geometric interpretation|Model training / Technological / Confabulations|Model training / Technological / Confidence miscalibration|Model training / Technological / Training instability|Model training / Technological / Latency/compute budget breach|Model training / Technological / Correlated error structure omission|Model operation / Technological / Map inconsistency|Model training / Technological / Overfitting|Model training / Technological / Noise/blur/compression fragility
P1,144,17800186,True,0.04613101564301816,,,Knowledge analysis / Technological / Pseudo-quantification risk|Knowledge analysis / Technological / Incorrect spatial-geometric interpretation|Model training / Technological / Confidence miscalibration,Knowledge analysis / Technological / Pseudo-quantification risk|Knowledge analysis / Technological / Incorrect spatial-geometric interpretation|Model training / Technological / Confidence miscalibration|Model training / Technological / Confabulations|Model training / Technological / Training instability,Knowledge analysis / Technological / Pseudo-quantification risk|Knowledge analysis / Technological / Incorrect spatial-geometric interpretation|Model training / Technological / Confidence miscalibration|Model training / Technological / Confabulations|Model training / Technological / Training instability|Model training / Technological / Domain shift as technological robustness failure|Model training / Technological / Latency/compute budget breach|Model training / Technological / Selective prediction / refusal failure|Model training / Technological / Noise/blur/compression fragility|Model training / Technological / Preprocessing and augmentation pipeline defects
P1,145,17800187,True,0.028175076803067453,,,Knowledge analysis / Technological / Pseudo-quantification risk|Knowledge analysis / Technological / Incorrect spatial-geometric interpretation|Model training / Technological / Confabulations,Knowledge analysis / Technological / Pseudo-quantification risk|Knowledge analysis / Technological / Incorrect spatial-geometric interpretation|Model training / Technological / Confabulations|Model training / Technological / Confidence miscalibration|Model training / Human / Domain shift underestimation,Knowledge analysis / Technological / Pseudo-quantification risk|Knowledge analysis / Technological / Incorrect spatial-geometric interpretation|Model training / Technological / Confabulations|Model training / Technological / Confidence miscalibration|Model training / Human / Domain shift underestimation|Model training / Technological / Latency/compute budget breach|Model training / Human / Overestimation due to data leakage / wrong splits|Model training / Technological / Domain shift as technological robustness failure|Model training / Technological / Training instability|Model training / Technological / Noise/blur/compression fragility
P1,146,17800188,True,0.02906128191424471,,,Knowledge analysis / Technological / Pseudo-quantification risk|Knowledge analysis / Technological / Incorrect spatial-geometric interpretation|Model training / Technological / Confidence miscalibration,Knowledge analysis / Technological / Pseudo-quantification risk|Knowledge analysis / Technological / Incorrect spatial-geometric interpretation|Model training / Technological / Confidence miscalibration|Model training / Technological / Confabulations|Model training / Technological / Overfitting,Knowledge analysis / Technological / Pseudo-quantification risk|Knowledge analysis / Technological / Incorrect spatial-geometric interpretation|Model training / Technological / Confidence miscalibration|Model training / Technological / Confabulations|Model training / Technological / Overfitting|Model training / Technological / Latency/compute budget breach|Model training / Technological / Correlated error structure omission|Model training / Technological / Domain shift as technological robustness failure|Model training / Human / Domain shift underestimation|Model training / Human / Overestimation due to data leakage / wrong splits
P1,147,17800189,True,0.04625621090955894,,,Knowledge analysis / Technological / Pseudo-quantification risk|Knowledge analysis / Technological / Incorrect spatial-geometric interpretation|Model training / Technological / Confabulations,Knowledge analysis / Technological / Pseudo-quantification risk|Knowledge analysis / Technological / Incorrect spatial-geometric interpretation|Model training / Technological / Confabulations|Model training / Technological / Confidence miscalibration|Model training / Technological / Training instability,Knowledge analysis / Technological / Pseudo-quantification risk|Knowledge analysis / Technological / Incorrect spatial-geometric interpretation|Model training / Technological / Confabulations|Model training / Technological / Confidence miscalibration|Model training / Technological / Training instability|Model training / Technological / Domain shift as technological robustness failure|Model operation / Technological / Concept drift|Model training / Technological / Preprocessing and augmentation pipeline defects|Model operation / Technological / Sensor artifacts|Model training / Technological / Noise/blur/compression fragility
P1,148,17800190,True,0.04498168210445647,,,Knowledge analysis / Technological / Pseudo-quantification risk|Knowledge analysis / Technological / Incorrect spatial-geometric interpretation|Model training / Technological / Confidence miscalibration,Knowledge analysis / Technological / Pseudo-quantification risk|Knowledge analysis / Technological / Incorrect spatial-geometric interpretation|Model training / Technological / Confidence miscalibration|Model training / Technological / Confabulations|Model training / Technological / Preprocessing and augmentation pipeline defects,Knowledge analysis / Technological / Pseudo-quantification risk|Knowledge analysis / Technological / Incorrect spatial-geometric interpretation|Model training / Technological / Confidence miscalibration|Model training / Technological / Confabulations|Model training / Technological / Preprocessing and augmentation pipeline defects|Model operation / Technological / Concept drift|Model training / Technological / Correlated error structure omission|Model training / Technological / Overfitting|Model training / Technological / Noise/blur/compression fragility|Model operation / Technological / Map inconsistency
P1,149,17800191,True,0.04168689881571901,,,Knowledge analysis / Technological / Incorrect spatial-geometric interpretation|Knowledge analysis / Technological / Pseudo-quantification risk|Model training / Technological / Confidence miscalibration,Knowledge analysis / Technological / Incorrect spatial-geometric interpretation|Knowledge analysis / Technological / Pseudo-quantification risk|Model training / Technological / Confidence miscalibration|Model training / Technological / Confabulations|Model training / Technological / Domain shift as technological robustness failure,Knowledge analysis / Technological / Incorrect spatial-geometric interpretation|Knowledge analysis / Technological / Pseudo-quantification risk|Model training / Technological / Confidence miscalibration|Model training / Technological / Confabulations|Model training / Technological / Domain shift as technological robustness failure|Model training / Technological / Overfitting|Model training / Technological / Noise/blur/compression fragility|Model training / Technological / Latency/compute budget breach|Model training / Technological / Correlated error structure omission|Model training / Technological / Preprocessing and augmentation pipeline defects
P1,150,17800192,True,0.06595446420931174,,,Knowledge analysis / Technological / Pseudo-quantification risk|Knowledge analysis / Technological / Incorrect spatial-geometric interpretation|Model training / Technological / Confidence miscalibration,Knowledge analysis / Technological / Pseudo-quantification risk|Knowledge analysis / Technological / Incorrect spatial-geometric interpretation|Model training / Technological / Confidence miscalibration|Model training / Technological / Confabulations|Model training / Technological / Training instability,Knowledge analysis / Technological / Pseudo-quantification risk|Knowledge analysis / Technological / Incorrect spatial-geometric interpretation|Model training / Technological / Confidence miscalibration|Model training / Technological / Confabulations|Model training / Technological / Training instability|Model training / Technological / Metric gaming|Model training / Technological / Overfitting|Model training / Technological / Noise/blur/compression fragility|Model training / Technological / Selective prediction / refusal failure|Model training / Technological / Correlated error structure omission
P1,151,17800193,True,0.03300622608915585,,,Knowledge analysis / Technological / Pseudo-quantification risk|Knowledge analysis / Technological / Incorrect spatial-geometric interpretation|Model training / Technological / Confidence miscalibration,Knowledge analysis / Technological / Pseudo-quantification risk|Knowledge analysis / Technological / Incorrect spatial-geometric interpretation|Model training / Technological / Confidence miscalibration|Model training / Technological / Confabulations|Model training / Technological / Noise/blur/compression fragility,Knowledge analysis / Technological / Pseudo-quantification risk|Knowledge analysis / Technological / Incorrect spatial-geometric interpretation|Model training / Technological / Confidence miscalibration|Model training / Technological / Confabulations|Model training / Technological / Noise/blur/compression fragility|Model training / Technological / Preprocessing and augmentation pipeline defects|Model training / Technological / Correlated error structure omission|Model training / Technological / Domain shift as technological robustness failure|Model training / Human / Overestimation due to data leakage / wrong splits|Model training / Technological / Training instability
P1,152,17800194,True,0.05163613304553427,,,Knowledge analysis / Technological / Pseudo-quantification risk|Knowledge analysis / Technological / Incorrect spatial-geometric interpretation|Model training / Technological / Confabulations,Knowledge analysis / Technological / Pseudo-quantification risk|Knowledge analysis / Technological / Incorrect spatial-geometric interpretation|Model training / Technological / Confabulations|Model training / Technological / Confidence miscalibration|Model training / Technological / Metric gaming,Knowledge analysis / Technological / Pseudo-quantification risk|Knowledge analysis / Technological / Incorrect spatial-geometric interpretation|Model training / Technological / Confabulations|Model training / Technological / Confidence miscalibration|Model training / Technological / Metric gaming|Model training / Technological / Noise/blur/compression fragility|Model operation / Technological / Map inconsistency|Model training / Technological / Domain shift as technological robustness failure|Model operation / Technological / Sensor artifacts|Model training / Technological / Training instability
P1,153,17800195,True,0.033030641262431805,,,Knowledge analysis / Technological / Incorrect spatial-geometric interpretation|Knowledge analysis / Technological / Pseudo-quantification risk|Model training / Technological / Confidence miscalibration,Knowledge analysis / Technological / Incorrect spatial-geometric interpretation|Knowledge analysis / Technological / Pseudo-quantification risk|Model training / Technological / Confidence miscalibration|Model training / Technological / Confabulations|Model training / Technological / Overfitting,Knowledge analysis / Technological / Incorrect spatial-geometric interpretation|Knowledge analysis / Technological / Pseudo-quantification risk|Model training / Technological / Confidence miscalibration|Model training / Technological / Confabulations|Model training / Technological / Overfitting|Model training / Technological / Metric gaming|Model training / Technological / Preprocessing and augmentation pipeline defects|Model training / Technological / Noise/blur/compression fragility|Model training / Technological / Domain shift as technological robustness failure|Model training / Technological / Correlated error structure omission
P1,154,17800196,True,0.03791028900415623,,,Knowledge analysis / Technological / Incorrect spatial-geometric interpretation|Knowledge analysis / Technological / Pseudo-quantification risk|Model training / Technological / Confidence miscalibration,Knowledge analysis / Technological / Incorrect spatial-geometric interpretation|Knowledge analysis / Technological / Pseudo-quantification risk|Model training / Technological / Confidence miscalibration|Model training / Technological / Confabulations|Model training / Technological / Training instability,Knowledge analysis / Technological / Incorrect spatial-geometric interpretation|Knowledge analysis / Technological / Pseudo-quantification risk|Model training / Technological / Confidence miscalibration|Model training / Technological / Confabulations|Model training / Technological / Training instability|Model training / Technological / Metric gaming|Model training / Technological / Noise/blur/compression fragility|Model training / Technological / Selective prediction / refusal failure|Model training / Technological / Preprocessing and augmentation pipeline defects|Model training / Technological / Correlated error structure omission
P1,155,17800197,True,0.08559742452802234,,,Knowledge analysis / Technological / Pseudo-quantification risk|Knowledge analysis / Technological / Incorrect spatial-geometric interpretation|Model training / Technological / Confabulations,Knowledge analysis / Technological / Pseudo-quantification risk|Knowledge analysis / Technological / Incorrect spatial-geometric interpretation|Model training / Technological / Confabulations|Model training / Technological / Confidence miscalibration|Model training / Technological / Training instability,Knowledge analysis / Technological / Pseudo-quantification risk|Knowledge analysis / Technological / Incorrect spatial-geometric interpretation|Model training / Technological / Confabulations|Model training / Technological / Confidence miscalibration|Model training / Technological / Training instability|Model training / Technological / Metric gaming|Model operation / Technological / Map inconsistency|Model training / Technological / Preprocessing and augmentation pipeline defects|Model training / Technological / Noise/blur/compression fragility|Model training / Human / Domain shift underestimation
P1,156,17800198,True,0.09505082893199142,,,Knowledge analysis / Technological / Incorrect spatial-geometric interpretation|Knowledge analysis / Technological / Pseudo-quantification risk|Model training / Technological / Confidence miscalibration,Knowledge analysis / Technological / Incorrect spatial-geometric interpretation|Knowledge analysis / Technological / Pseudo-quantification risk|Model training / Technological / Confidence miscalibration|Model training / Technological / Confabulations|Model operation / Technological / Concept drift,Knowledge analysis / Technological / Incorrect spatial-geometric interpretation|Knowledge analysis / Technological / Pseudo-quantification risk|Model training / Technological / Confidence miscalibration|Model training / Technological / Confabulations|Model operation / Technological / Concept drift|Model operation / Technological / Security robustness / spoofing|Model operation / Technological / Sensor artifacts|Model operation / Technological / Map inconsistency|Model training / Technological / Training instability|Knowledge analysis / Technological / Correlated errors x interaction graph omission
P1,157,17800199,True,0.026101452429672548,,,Knowledge analysis / Technological / Pseudo-quantification risk|Knowledge analysis / Technological / Incorrect spatial-geometric interpretation|Model training / Technological / Confidence miscalibration,Knowledge analysis / Technological / Pseudo-quantification risk|Knowledge analysis / Technological / Incorrect spatial-geometric interpretation|Model training / Technological / Confidence miscalibration|Model training / Technological / Confabulations|Model operation / Technological / Map inconsistency,Knowledge analysis / Technological / Pseudo-quantification risk|Knowledge analysis / Technological / Incorrect spatial-geometric interpretation|Model training / Technological / Confidence miscalibration|Model training / Technological / Confabulations|Model operation / Technological / Map inconsistency|Model operation / Technological / Concept drift|Model operation / Technological / Security robustness / spoofing|Model operation / Technological / Sensor artifacts|Model training / Technological / Overfitting|Model training / Technological / Selective prediction / refusal failure
P1,158,17800200,True,0.025852313509336748,,,Knowledge analysis / Technological / Pseudo-quantification risk|Knowledge analysis / Technological / Incorrect spatial-geometric interpretation|Model training / Technological / Confabulations,Knowledge analysis / Technological / Pseudo-quantification risk|Knowledge analysis / Technological / Incorrect spatial-geometric interpretation|Model training / Technological / Confabulations|Model training / Technological / Confidence miscalibration|Model training / Technological / Metric gaming,Knowledge analysis / Technological / Pseudo-quantification risk|Knowledge analysis / Technological / Incorrect spatial-geometric interpretation|Model training / Technological / Confabulations|Model training / Technological / Confidence miscalibration|Model training / Technological / Metric gaming|Model training / Technological / Training instability|Model training / Technological / Correlated error structure omission|Model training / Technological / Domain shift as technological robustness failure|Model training / Human / Domain shift underestimation|Model training / Human / Overestimation due to data leakage / wrong splits
P1,159,17800201,True,0.053423554849595586,,,Knowledge analysis / Technological / Pseudo-quantification risk|Knowledge analysis / Technological / Incorrect spatial-geometric interpretation|Model training / Technological / Confabulations,Knowledge analysis / Technological / Pseudo-quantification risk|Knowledge analysis / Technological / Incorrect spatial-geometric interpretation|Model training / Technological / Confabulations|Model training / Technological / Confidence miscalibration|Model training / Technological / Overfitting,Knowledge analysis / Technological / Pseudo-quantification risk|Knowledge analysis / Technological / Incorrect spatial-geometric interpretation|Model training / Technological / Confabulations|Model training / Technological / Confidence miscalibration|Model training / Technological / Overfitting|Model training / Technological / Preprocessing and augmentation pipeline defects|Model training / Technological / Training instability|Model training / Technological / Correlated error structure omission|Model training / Technological / Latency/compute budget breach|Model training / Technological / Noise/blur/compression fragility
P1,160,17800202,True,0.0727363928449379,,,Knowledge analysis / Technological / Incorrect spatial-geometric interpretation|Knowledge analysis / Technological / Pseudo-quantification risk|Model training / Technological / Confabulations,Knowledge analysis / Technological / Incorrect spatial-geometric interpretation|Knowledge analysis / Technological / Pseudo-quantification risk|Model training / Technological / Confabulations|Model training / Technological / Confidence miscalibration|Model training / Technological / Selective prediction / refusal failure,Knowledge analysis / Technological / Incorrect spatial-geometric interpretation|Knowledge analysis / Technological / Pseudo-quantification risk|Model training / Technological / Confabulations|Model training / Technological / Confidence miscalibration|Model training / Technological / Selective prediction / refusal failure|Model training / Technological / Metric gaming|Model training / Technological / Training instability|Model training / Technological / Domain shift as technological robustness failure|Model training / Technological / Correlated error structure omission|Model training / Technological / Overfitting
P1,161,17800203,True,0.037272661419618894,,,Knowledge analysis / Technological / Pseudo-quantification risk|Knowledge analysis / Technological / Incorrect spatial-geometric interpretation|Model training / Technological / Confidence miscalibration,Knowledge analysis / Technological / Pseudo-quantification risk|Knowledge analysis / Technological / Incorrect spatial-geometric interpretation|Model training / Technological / Confidence miscalibration|Model training / Technological / Confabulations|Model operation / Technological / Sensor artifacts,Knowledge analysis / Technological / Pseudo-quantification risk|Knowledge analysis / Technological / Incorrect spatial-geometric interpretation|Model training / Technological / Confidence miscalibration|Model training / Technological / Confabulations|Model operation / Technological / Sensor artifacts|Model operation / Technological / Concept drift|Model training / Technological / Training instability|Model training / Technological / Noise/blur/compression fragility|Model training / Technological / Selective prediction / refusal failure|Knowledge analysis / Technological / Representation mismatch for swarm needs
P1,162,17800204,True,0.03133433963922366,,,Knowledge analysis / Technological / Incorrect spatial-geometric interpretation|Knowledge analysis / Technological / Pseudo-quantification risk|Model training / Technological / Confabulations,Knowledge analysis / Technological / Incorrect spatial-geometric interpretation|Knowledge analysis / Technological / Pseudo-quantification risk|Model training / Technological / Confabulations|Model training / Technological / Confidence miscalibration|Model training / Technological / Correlated error structure omission,Knowledge analysis / Technological / Incorrect spatial-geometric interpretation|Knowledge analysis / Technological / Pseudo-quantification risk|Model training / Technological / Confabulations|Model training / Technological / Confidence miscalibration|Model training / Technological / Correlated error structure omission|Model training / Technological / Selective prediction / refusal failure|Model training / Technological / Noise/blur/compression fragility|Model training / Technological / Preprocessing and augmentation pipeline defects|Model training / Technological / Metric gaming|Model training / Technological / Latency/compute budget breach
P1,163,17800205,True,0.05332018978274605,,,Knowledge analysis / Technological / Pseudo-quantification risk|Knowledge analysis / Technological / Incorrect spatial-geometric interpretation|Model training / Technological / Confidence miscalibration,Knowledge analysis / Technological / Pseudo-quantification risk|Knowledge analysis / Technological / Incorrect spatial-geometric interpretation|Model training / Technological / Confidence miscalibration|Model training / Technological / Confabulations|Model training / Technological / Domain shift as technological robustness failure,Knowledge analysis / Technological / Pseudo-quantification risk|Knowledge analysis / Technological / Incorrect spatial-geometric interpretation|Model training / Technological / Confidence miscalibration|Model training / Technological / Confabulations|Model training / Technological / Domain shift as technological robustness failure|Model operation / Technological / Security robustness / spoofing|Model training / Technological / Training instability|Model training / Technological / Latency/compute budget breach|Model operation / Technological / Concept drift|Model training / Technological / Metric gaming
P1,164,17800206,True,0.035858827287108416,,,Knowledge analysis / Technological / Pseudo-quantification risk|Knowledge analysis / Technological / Incorrect spatial-geometric interpretation|Model training / Technological / Confabulations,Knowledge analysis / Technological / Pseudo-quantification risk|Knowledge analysis / Technological / Incorrect spatial-geometric interpretation|Model training / Technological / Confabulations|Model training / Technological / Confidence miscalibration|Model training / Technological / Preprocessing and augmentation pipeline defects,Knowledge analysis / Technological / Pseudo-quantification risk|Knowledge analysis / Technological / Incorrect spatial-geometric interpretation|Model training / Technological / Confabulations|Model training / Technological / Confidence miscalibration|Model training / Technological / Preprocessing and augmentation pipeline defects|Model training / Technological / Domain shift as technological robustness failure|Model training / Technological / Correlated error structure omission|Model training / Technological / Latency/compute budget breach|Model training / Technological / Overfitting|Knowledge analysis / Technological / Correlated errors x interaction graph omission
P1,165,17800207,True,0.024373878917558475,,,Knowledge analysis / Technological / Pseudo-quantification risk|Knowledge analysis / Technological / Incorrect spatial-geometric interpretation|Model training / Technological / Confabulations,Knowledge analysis / Technological / Pseudo-quantification risk|Knowledge analysis / Technological / Incorrect spatial-geometric interpretation|Model training / Technological / Confabulations|Model training / Technological / Confidence miscalibration|Model operation / Technological / Map inconsistency,Knowledge analysis / Technological / Pseudo-quantification risk|Knowledge analysis / Technological / Incorrect spatial-geometric interpretation|Model training / Technological / Confabulations|Model training / Technological / Confidence miscalibration|Model operation / Technological / Map inconsistency|Model operation / Technological / Sensor artifacts|Model operation / Technological / Security robustness / spoofing|Model operation / Technological / Concept drift|Knowledge analysis / Technological / Spatial frame / map mismatch|Knowledge analysis / Technological / Representation mismatch for swarm needs
P1,166,17800208,True,0.051861081252271624,,,Knowledge analysis / Technological / Incorrect spatial-geometric interpretation|Knowledge analysis / Technological / Pseudo-quantification risk|Model training / Technological / Confidence miscalibration,Knowledge analysis / Technological / Incorrect spatial-geometric interpretation|Knowledge analysis / Technological / Pseudo-quantification risk|Model training / Technological / Confidence miscalibration|Model training / Technological / Confabulations|Model training / Technological / Metric gaming,Knowledge analysis / Technological / Incorrect spatial-geometric interpretation|Knowledge analysis / Technological / Pseudo-quantification risk|Model training / Technological / Confidence miscalibration|Model training / Technological / Confabulations|Model training / Technological / Metric gaming|Model training / Technological / Noise/blur/compression fragility|Model training / Technological / Domain shift as technological robustness failure|Model training / Technological / Latency/compute budget breach|Model training / Technological / Training instability|Model training / Technological / Overfitting
P1,167,17800209,True,0.056266586217195894,,,Knowledge analysis / Technological / Incorrect spatial-geometric interpretation|Knowledge analysis / Technological / Pseudo-quantification risk|Model training / Technological / Confidence miscalibration,Knowledge analysis / Technological / Incorrect spatial-geometric interpretation|Knowledge analysis / Technological / Pseudo-quantification risk|Model training / Technological / Confidence miscalibration|Model training / Technological / Confabulations|Model training / Technological / Selective prediction / refusal failure,Knowledge analysis / Technological / Incorrect spatial-geometric interpretation|Knowledge analysis / Technological / Pseudo-quantification risk|Model training / Technological / Confidence miscalibration|Model training / Technological / Confabulations|Model training / Technological / Selective prediction / refusal failure|Model training / Technological / Metric gaming|Model training / Technological / Training instability|Model training / Technological / Domain shift as technological robustness failure|Model training / Technological / Correlated error structure omission|Model training / Technological / Preprocessing and augmentation pipeline defects
P1,168,17800210,True,0.04000837526963352,,,Knowledge analysis / Technological / Incorrect spatial-geometric interpretation|Knowledge analysis / Technological / Pseudo-quantification risk|Model training / Technological / Confidence miscalibration,Knowledge analysis / Technological / Incorrect spatial-geometric interpretation|Knowledge analysis / Technological / Pseudo-quantification risk|Model training / Technological / Confidence miscalibration|Model training / Technological / Confabulations|Model training / Technological / Correlated error structure omission,Knowledge analysis / Technological / Incorrect spatial-geometric interpretation|Knowledge analysis / Technological / Pseudo-quantification risk|Model training / Technological / Confidence miscalibration|Model training / Technological / Confabulations|Model training / Technological / Correlated error structure omission|Model training / Technological / Noise/blur/compression fragility|Model training / Technological / Domain shift as technological robustness failure|Model training / Technological / Latency/compute budget breach|Model training / Technological / Metric gaming|Model training / Technological / Overfitting
P1,169,17800211,True,0.04250011737684796,,,Knowledge analysis / Technological / Incorrect spatial-geometric interpretation|Knowledge analysis / Technological / Pseudo-quantification risk|Model training / Technological / Confidence miscalibration,Knowledge analysis / Technological / Incorrect spatial-geometric interpretation|Knowledge analysis / Technological / Pseudo-quantification risk|Model training / Technological / Confidence miscalibration|Model training / Technological / Confabulations|Model training / Technological / Overfitting,Knowledge analysis / Technological / Incorrect spatial-geometric interpretation|Knowledge analysis / Technological / Pseudo-quantification risk|Model training / Technological / Confidence miscalibration|Model training / Technological / Confabulations|Model training / Technological / Overfitting|Model training / Technological / Domain shift as technological robustness failure|Model training / Technological / Training instability|Model training / Technological / Correlated error structure omission|Model training / Technological / Preprocessing and augmentation pipeline defects|Model training / Technological / Selective prediction / refusal failure
P1,170,17800212,True,0.08410314375351015,,,Knowledge analysis / Technological / Incorrect spatial-geometric interpretation|Knowledge analysis / Technological / Pseudo-quantification risk|Model training / Technological / Confabulations,Knowledge analysis / Technological / Incorrect spatial-geometric interpretation|Knowledge analysis / Technological / Pseudo-quantification risk|Model training / Technological / Confabulations|Model training / Technological / Confidence miscalibration|Knowledge analysis / Human / Lack of uncertainty estimation,Knowledge analysis / Technological / Incorrect spatial-geometric interpretation|Knowledge analysis / Technological / Pseudo-quantification risk|Model training / Technological / Confabulations|Model training / Technological / Confidence miscalibration|Knowledge analysis / Human / Lack of uncertainty estimation|Knowledge analysis / Technological / Correlated errors x interaction graph omission|Knowledge analysis / Technological / Representation mismatch for swarm needs|Knowledge analysis / Technological / Reliance on spurious features|Knowledge analysis / Technological / Spatial frame / map mismatch|Model training / Technological / Noise/blur/compression fragility
P1,171,17800213,True,0.0618234630602153,,,Knowledge analysis / Technological / Incorrect spatial-geometric interpretation|Knowledge analysis / Technological / Pseudo-quantification risk|Model training / Technological / Confidence miscalibration,Knowledge analysis / Technological / Incorrect spatial-geometric interpretation|Knowledge analysis / Technological / Pseudo-quantification risk|Model training / Technological / Confidence miscalibration|Model training / Technological / Confabulations|Model training / Technological / Training instability,Knowledge analysis / Technological / Incorrect spatial-geometric interpretation|Knowledge analysis / Technological / Pseudo-quantification risk|Model training / Technological / Confidence miscalibration|Model training / Technological / Confabulations|Model training / Technological / Training instability|Model training / Technological / Noise/blur/compression fragility|Model training / Technological / Overfitting|Model training / Technological / Latency/compute budget breach|Model training / Technological / Metric gaming|Model training / Technological / Correlated error structure omission
P1,172,17800214,True,0.05333348044988955,,,Knowledge analysis / Technological / Incorrect spatial-geometric interpretation|Knowledge analysis / Technological / Pseudo-quantification risk|Model training / Technological / Confidence miscalibration,Knowledge analysis / Technological / Incorrect spatial-geometric interpretation|Knowledge analysis / Technological / Pseudo-quantification risk|Model training / Technological / Confidence miscalibration|Model training / Technological / Confabulations|Model training / Technological / Noise/blur/compression fragility,Knowledge analysis / Technological / Incorrect spatial-geometric interpretation|Knowledge analysis / Technological / Pseudo-quantification risk|Model training / Technological / Confidence miscalibration|Model training / Technological / Confabulations|Model training / Technological / Noise/blur/compression fragility|Model training / Technological / Domain shift as technological robustness failure|Model training / Technological / Latency/compute budget breach|Model training / Technological / Training instability|Model training / Technological / Overfitting|Model training / Technological / Preprocessing and augmentation pipeline defects
P1,173,17800215,True,0.03893218882992454,,,Knowledge analysis / Technological / Pseudo-quantification risk|Knowledge analysis / Technological / Incorrect spatial-geometric interpretation|Model training / Technological / Confabulations,Knowledge analysis / Technological / Pseudo-quantification risk|Knowledge analysis / Technological / Incorrect spatial-geometric interpretation|Model training / Technological / Confabulations|Model training / Technological / Confidence miscalibration|Model training / Technological / Training instability,Knowledge analysis / Technological / Pseudo-quantification risk|Knowledge analysis / Technological / Incorrect spatial-geometric interpretation|Model training / Technological / Confabulations|Model training / Technological / Confidence miscalibration|Model training / Technological / Training instability|Model training / Technological / Metric gaming|Model training / Technological / Preprocessing and augmentation pipeline defects|Model training / Technological / Latency/compute budget breach|Model training / Technological / Domain shift as technological robustness failure|Model training / Technological / Selective prediction / refusal failure
P1,174,17800216,True,0.022038937164194302,,,Knowledge analysis / Technological / Pseudo-quantification risk|Knowledge analysis / Technological / Incorrect spatial-geometric interpretation|Model training / Technological / Confabulations,Knowledge analysis / Technological / Pseudo-quantification risk|Knowledge analysis / Technological / Incorrect spatial-geometric interpretation|Model training / Technological / Confabulations|Model training / Technological / Confidence miscalibration|Model training / Technological / Latency/compute budget breach,Knowledge analysis / Technological / Pseudo-quantification risk|Knowledge analysis / Technological / Incorrect spatial-geometric interpretation|Model training / Technological / Confabulations|Model training / Technological / Confidence miscalibration|Model training / Technological / Latency/compute budget breach|Model training / Technological / Domain shift as technological robustness failure|Model training / Technological / Noise/blur/compression fragility|Model training / Technological / Training instability|Model training / Technological / Selective prediction / refusal failure|Model training / Human / Overestimation due to data leakage / wrong splits
P1,175,17800217,True,0.042926695547470424,,,Knowledge analysis / Technological / Pseudo-quantification risk|Knowledge analysis / Technological / Incorrect spatial-geometric interpretation|Model training / Technological / Confabulations,Knowledge analysis / Technological / Pseudo-quantification risk|Knowledge analysis / Technological / Incorrect spatial-geometric interpretation|Model training / Technological / Confabulations|Model training / Technological / Confidence miscalibration|Model training / Technological / Training instability,Knowledge analysis / Technological / Pseudo-quantification risk|Knowledge analysis / Technological / Incorrect spatial-geometric interpretation|Model training / Technological / Confabulations|Model training / Technological / Confidence miscalibration|Model training / Technological / Training instability|Model training / Technological / Noise/blur/compression fragility|Model training / Technological / Latency/compute budget breach|Model training / Technological / Overfitting|Model training / Technological / Domain shift as technological robustness failure|Model training / Technological / Preprocessing and augmentation pipeline defects
P1,176,17800218,True,0.03944763700152606,,,Knowledge analysis / Technological / Pseudo-quantification risk|Knowledge analysis / Technological / Incorrect spatial-geometric interpretation|Model training / Technological / Confabulations,Knowledge analysis / Technological / Pseudo-quantification risk|Knowledge analysis / Technological / Incorrect spatial-geometric interpretation|Model training / Technological / Confabulations|Model training / Technological / Confidence miscalibration|Model training / Technological / Domain shift as technological robustness failure,Knowledge analysis / Technological / Pseudo-quantification risk|Knowledge analysis / Technological / Incorrect spatial-geometric interpretation|Model training / Technological / Confabulations|Model training / Technological / Confidence miscalibration|Model training / Technological / Domain shift as technological robustness failure|Model training / Technological / Training instability|Model training / Technological / Metric gaming|Knowledge analysis / Technological / Representation mismatch for swarm needs|Model operation / Technological / Security robustness / spoofing|Model operation / Technological / Sensor artifacts
P1,177,17800219,True,0.04501521103910391,,,Knowledge analysis / Technological / Pseudo-quantification risk|Knowledge analysis / Technological / Incorrect spatial-geometric interpretation|Model training / Technological / Confidence miscalibration,Knowledge analysis / Technological / Pseudo-quantification risk|Knowledge analysis / Technological / Incorrect spatial-geometric interpretation|Model training / Technological / Confidence miscalibration|Model training / Technological / Confabulations|Knowledge analysis / Human / Lack of uncertainty estimation,Knowledge analysis / Technological / Pseudo-quantification risk|Knowledge analysis / Technological / Incorrect spatial-geometric interpretation|Model training / Technological / Confidence miscalibration|Model training / Technological / Confabulations|Knowledge analysis / Human / Lack of uncertainty estimation|Model training / Technological / Preprocessing and augmentation pipeline defects|Model training / Technological / Correlated error structure omission|Model operation / Technological / Map inconsistency|Model operation / Technological / Sensor artifacts|Model operation / Technological / Concept drift
P1,178,17800220,True,0.0492545158519538,,,Knowledge analysis / Technological / Incorrect spatial-geometric interpretation|Knowledge analysis / Technological / Pseudo-quantification risk|Model training / Technological / Confidence miscalibration,Knowledge analysis / Technological / Incorrect spatial-geometric interpretation|Knowledge analysis / Technological / Pseudo-quantification risk|Model training / Technological / Confidence miscalibration|Model training / Technological / Confabulations|Model training / Technological / Domain shift as technological robustness failure,Knowledge analysis / Technological / Incorrect spatial-geometric interpretation|Knowledge analysis / Technological / Pseudo-quantification risk|Model training / Technological / Confidence miscalibration|Model training / Technological / Confabulations|Model training / Technological / Domain shift as technological robustness failure|Model training / Technological / Latency/compute budget breach|Model training / Technological / Metric gaming|Model training / Technological / Noise/blur/compression fragility|Model training / Technological / Training instability|Model training / Technological / Preprocessing and augmentation pipeline defects
P1,179,17800221,True,0.030402263719110208,,,Knowledge analysis / Technological / Incorrect spatial-geometric interpretation|Knowledge analysis / Technological / Pseudo-quantification risk|Model training / Technological / Confidence miscalibration,Knowledge analysis / Technological / Incorrect spatial-geometric interpretation|Knowledge analysis / Technological / Pseudo-quantification risk|Model training / Technological / Confidence miscalibration|Model training / Technological / Confabulations|Model training / Technological / Domain shift as technological robustness failure,Knowledge analysis / Technological / Incorrect spatial-geometric interpretation|Knowledge analysis / Technological / Pseudo-quantification risk|Model training / Technological / Confidence miscalibration|Model training / Technological / Confabulations|Model training / Technological / Domain shift as technological robustness failure|Knowledge analysis / Technological / Representation mismatch for swarm needs|Knowledge analysis / Technological / Correlated errors x interaction graph omission|Model operation / Technological / Security robustness / spoofing|Knowledge analysis / Technological / Spatial frame / map mismatch|Model operation / Technological / Sensor artifacts
P1,180,17800222,True,0.030479416252444033,,,Knowledge analysis / Technological / Incorrect spatial-geometric interpretation|Knowledge analysis / Technological / Pseudo-quantification risk|Model training / Technological / Confidence miscalibration,Knowledge analysis / Technological / Incorrect spatial-geometric interpretation|Knowledge analysis / Technological / Pseudo-quantification risk|Model training / Technological / Confidence miscalibration|Model training / Technological / Confabulations|Model training / Technological / Latency/compute budget breach,Knowledge analysis / Technological / Incorrect spatial-geometric interpretation|Knowledge analysis / Technological / Pseudo-quantification risk|Model training / Technological / Confidence miscalibration|Model training / Technological / Confabulations|Model training / Technological / Latency/compute budget breach|Model training / Technological / Noise/blur/compression fragility|Model training / Technological / Metric gaming|Model training / Technological / Domain shift as technological robustness failure|Model training / Technological / Selective prediction / refusal failure|Model training / Technological / Correlated error structure omission
P1,181,17800223,True,0.067287112600508,,,Knowledge analysis / Technological / Pseudo-quantification risk|Knowledge analysis / Technological / Incorrect spatial-geometric interpretation|Model training / Technological / Confidence miscalibration,Knowledge analysis / Technological / Pseudo-quantification risk|Knowledge analysis / Technological / Incorrect spatial-geometric interpretation|Model training / Technological / Confidence miscalibration|Model training / Technological / Confabulations|Model operation / Technological / Concept drift,Knowledge analysis / Technological / Pseudo-quantification risk|Knowledge analysis / Technological / Incorrect spatial-geometric interpretation|Model training / Technological / Confidence miscalibration|Model training / Technological / Confabulations|Model operation / Technological / Concept drift|Model training / Technological / Overfitting|Model operation / Technological / Security robustness / spoofing|Model training / Technological / Preprocessing and augmentation pipeline defects|Model training / Technological / Domain shift as technological robustness failure|Model operation / Technological / Sensor artifacts
P1,182,17800224,True,0.029666608939086292,,,Knowledge analysis / Technological / Incorrect spatial-geometric interpretation|Knowledge analysis / Technological / Pseudo-quantification risk|Model training / Technological / Confabulations,Knowledge analysis / Technological / Incorrect spatial-geometric interpretation|Knowledge analysis / Technological / Pseudo-quantification risk|Model training / Technological / Confabulations|Model training / Technological / Confidence miscalibration|Model training / Technological / Training instability,Knowledge analysis / Technological / Incorrect spatial-geometric interpretation|Knowledge analysis / Technological / Pseudo-quantification risk|Model training / Technological / Confabulations|Model training / Technological / Confidence miscalibration|Model training / Technological / Training instability|Model training / Technological / Noise/blur/compression fragility|Model training / Technological / Latency/compute budget breach|Model training / Technological / Correlated error structure omission|Model training / Technological / Selective prediction / refusal failure|Model training / Technological / Preprocessing and augmentation pipeline defects
P1,183,17800225,True,0.08557988968742718,,,Knowledge analysis / Technological / Pseudo-quantification risk|Knowledge analysis / Technological / Incorrect spatial-geometric interpretation|Model training / Technological / Confidence miscalibration,Knowledge analysis / Technological / Pseudo-quantification risk|Knowledge analysis / Technological / Incorrect spatial-geometric interpretation|Model training / Technological / Confidence miscalibration|Model training / Technological / Confabulations|Model operation / Technological / Concept drift,Knowledge analysis / Technological / Pseudo-quantification risk|Knowledge analysis / Technological / Incorrect spatial-geometric interpretation|Model training / Technological / Confidence miscalibration|Model training / Technological / Confabulations|Model operation / Technological / Concept drift|Model operation / Technological / Map inconsistency|Model operation / Technological / Sensor artifacts|Model operation / Technological / Security robustness / spoofing|Knowledge analysis / Technological / Reliance on spurious features|Knowledge analysis / Technological / Representation mismatch for swarm needs
P1,184,17800226,True,0.03412335467121104,,,Knowledge analysis / Technological / Incorrect spatial-geometric interpretation|Knowledge analysis / Technological / Pseudo-quantification risk|Model training / Technological / Confabulations,Knowledge analysis / Technological / Incorrect spatial-geometric interpretation|Knowledge analysis / Technological / Pseudo-quantification risk|Model training / Technological / Confabulations|Model training / Technological / Confidence miscalibration|Model training / Technological / Domain shift as technological robustness failure,Knowledge analysis / Technological / Incorrect spatial-geometric interpretation|Knowledge analysis / Technological / Pseudo-quantification risk|Model training / Technological / Confabulations|Model training / Technological / Confidence miscalibration|Model training / Technological / Domain shift as technological robustness failure|Model training / Technological / Training instability|Model training / Technological / Overfitting|Model training / Technological / Preprocessing and augmentation pipeline defects|Model training / Technological / Correlated error structure omission|Model training / Technological / Selective prediction / refusal failure
P1,185,17800227,True,0.02993145944415976,,,Knowledge analysis / Technological / Pseudo-quantification risk|Knowledge analysis / Technological / Incorrect spatial-geometric interpretation|Model training / Technological / Confabulations,Knowledge analysis / Technological / Pseudo-quantification risk|Knowledge analysis / Technological / Incorrect spatial-geometric interpretation|Model training / Technological / Confabulations|Model training / Technological / Confidence miscalibration|Model training / Technological / Latency/compute budget breach,Knowledge analysis / Technological / Pseudo-quantification risk|Knowledge analysis / Technological / Incorrect spatial-geometric interpretation|Model training / Technological / Confabulations|Model training / Technological / Confidence miscalibration|Model training / Technological / Latency/compute budget breach|Model training / Technological / Preprocessing and augmentation pipeline defects|Model training / Technological / Overfitting|Model training / Technological / Noise/blur/compression fragility|Model training / Technological / Correlated error structure omission|Model training / Technological / Training instability
P1,186,17800228,True,0.026185601895313916,,,Knowledge analysis / Technological / Incorrect spatial-geometric interpretation|Knowledge analysis / Technological / Pseudo-quantification risk|Model training / Technological / Confidence miscalibration,Knowledge analysis / Technological / Incorrect spatial-geometric interpretation|Knowledge analysis / Technological / Pseudo-quantification risk|Model training / Technological / Confidence miscalibration|Model training / Technological / Confabulations|Model training / Technological / Noise/blur/compression fragility,Knowledge analysis / Technological / Incorrect spatial-geometric interpretation|Knowledge analysis / Technological / Pseudo-quantification risk|Model training / Technological / Confidence miscalibration|Model training / Technological / Confabulations|Model training / Technological / Noise/blur/compression fragility|Model training / Technological / Metric gaming|Model training / Technological / Training instability|Model training / Technological / Correlated error structure omission|Model training / Technological / Selective prediction / refusal failure|Model operation / Technological / Map inconsistency
P1,187,17800229,True,0.03302247533981681,,,Knowledge analysis / Technological / Pseudo-quantification risk|Knowledge analysis / Technological / Incorrect spatial-geometric interpretation|Model training / Technological / Confidence miscalibration,Knowledge analysis / Technological / Pseudo-quantification risk|Knowledge analysis / Technological / Incorrect spatial-geometric interpretation|Model training / Technological / Confidence miscalibration|Model training / Technological / Confabulations|Model training / Technological / Preprocessing and augmentation pipeline defects,Knowledge analysis / Technological / Pseudo-quantification risk|Knowledge analysis / Technological / Incorrect spatial-geometric interpretation|Model training / Technological / Confidence miscalibration|Model training / Technological / Confabulations|Model training / Technological / Preprocessing and augmentation pipeline defects|Model training / Technological / Correlated error structure omission|Model operation / Technological / Sensor artifacts|Knowledge analysis / Human / Lack of uncertainty estimation|Model training / Technological / Training instability|Model training / Technological / Latency/compute budget breach
P1,188,17800230,True,0.04402750772928427,,,Knowledge analysis / Technological / Incorrect spatial-geometric interpretation|Knowledge analysis / Technological / Pseudo-quantification risk|Model training / Technological / Confidence miscalibration,Knowledge analysis / Technological / Incorrect spatial-geometric interpretation|Knowledge analysis / Technological / Pseudo-quantification risk|Model training / Technological / Confidence miscalibration|Model training / Technological / Confabulations|Model training / Technological / Correlated error structure omission,Knowledge analysis / Technological / Incorrect spatial-geometric interpretation|Knowledge analysis / Technological / Pseudo-quantification risk|Model training / Technological / Confidence miscalibration|Model training / Technological / Confabulations|Model training / Technological / Correlated error structure omission|Model training / Technological / Noise/blur/compression fragility|Model training / Technological / Training instability|Model training / Technological / Metric gaming|Model training / Technological / Preprocessing and augmentation pipeline defects|Model training / Technological / Domain shift as technological robustness failure
P1,189,17800231,True,0.03906735439593493,,,Knowledge analysis / Technological / Incorrect spatial-geometric interpretation|Knowledge analysis / Technological / Pseudo-quantification risk|Model training / Technological / Confidence miscalibration,Knowledge analysis / Technological / Incorrect spatial-geometric interpretation|Knowledge analysis / Technological / Pseudo-quantification risk|Model training / Technological / Confidence miscalibration|Model training / Technological / Confabulations|Model training / Technological / Correlated error structure omission,Knowledge analysis / Technological / Incorrect spatial-geometric interpretation|Knowledge analysis / Technological / Pseudo-quantification risk|Model training / Technological / Confidence miscalibration|Model training / Technological / Confabulations|Model training / Technological / Correlated error structure omission|Model operation / Technological / Map inconsistency|Model training / Technological / Metric gaming|Model training / Technological / Overfitting|Model training / Technological / Training instability|Model training / Technological / Preprocessing and augmentation pipeline defects
P1,190,17800232,True,0.03869117481626271,,,Knowledge analysis / Technological / Incorrect spatial-geometric interpretation|Knowledge analysis / Technological / Pseudo-quantification risk|Model training / Technological / Confidence miscalibration,Knowledge analysis / Technological / Incorrect spatial-geometric interpretation|Knowledge analysis / Technological / Pseudo-quantification risk|Model training / Technological / Confidence miscalibration|Model training / Technological / Confabulations|Model training / Technological / Selective prediction / refusal failure,Knowledge analysis / Technological / Incorrect spatial-geometric interpretation|Knowledge analysis / Technological / Pseudo-quantification risk|Model training / Technological / Confidence miscalibration|Model training / Technological / Confabulations|Model training / Technological / Selective prediction / refusal failure|Model training / Technological / Training instability|Model training / Technological / Correlated error structure omission|Model operation / Technological / Security robustness / spoofing|Model training / Technological / Domain shift as technological robustness failure|Model operation / Technological / Sensor artifacts
P1,191,17800233,True,0.036609515752876756,,,Knowledge analysis / Technological / Pseudo-quantification risk|Knowledge analysis / Technological / Incorrect spatial-geometric interpretation|Model training / Technological / Confabulations,Knowledge analysis / Technological / Pseudo-quantification risk|Knowledge analysis / Technological / Incorrect spatial-geometric interpretation|Model training / Technological / Confabulations|Model training / Technological / Confidence miscalibration|Model training / Technological / Preprocessing and augmentation pipeline defects,Knowledge analysis / Technological / Pseudo-quantification risk|Knowledge analysis / Technological / Incorrect spatial-geometric interpretation|Model training / Technological / Confabulations|Model training / Technological / Confidence miscalibration|Model training / Technological / Preprocessing and augmentation pipeline defects|Model training / Technological / Noise/blur/compression fragility|Model training / Technological / Selective prediction / refusal failure|Model training / Technological / Overfitting|Model operation / Technological / Map inconsistency|Model training / Technological / Latency/compute budget breach
P1,192,17800234,True,0.04211238597170774,,,Knowledge analysis / Technological / Incorrect spatial-geometric interpretation|Knowledge analysis / Technological / Pseudo-quantification risk|Model training / Technological / Confabulations,Knowledge analysis / Technological / Incorrect spatial-geometric interpretation|Knowledge analysis / Technological / Pseudo-quantification risk|Model training / Technological / Confabulations|Model training / Technological / Confidence miscalibration|Model training / Technological / Metric gaming,Knowledge analysis / Technological / Incorrect spatial-geometric interpretation|Knowledge analysis / Technological / Pseudo-quantification risk|Model training / Technological / Confabulations|Model training / Technological / Confidence miscalibration|Model training / Technological / Metric gaming|Model training / Technological / Correlated error structure omission|Model training / Technological / Domain shift as technological robustness failure|Model training / Technological / Overfitting|Model training / Technological / Preprocessing and augmentation pipeline defects|Model training / Technological / Noise/blur/compression fragility
P1,193,17800235,True,0.07231308848930351,,,Knowledge analysis / Technological / Pseudo-quantification risk|Knowledge analysis / Technological / Incorrect spatial-geometric interpretation|Model training / Technological / Confidence miscalibration,Knowledge analysis / Technological / Pseudo-quantification risk|Knowledge analysis / Technological / Incorrect spatial-geometric interpretation|Model training / Technological / Confidence miscalibration|Model training / Technological / Confabulations|Model training / Technological / Selective prediction / refusal failure,Knowledge analysis / Technological / Pseudo-quantification risk|Knowledge analysis / Technological / Incorrect spatial-geometric interpretation|Model training / Technological / Confidence miscalibration|Model training / Technological / Confabulations|Model training / Technological / Selective prediction / refusal failure|Model training / Technological / Latency/compute budget breach|Model training / Technological / Preprocessing and augmentation pipeline defects|Model training / Technological / Metric gaming|Model training / Technological / Overfitting|Model operation / Technological / Concept drift
P1,194,17800236,True,0.05358892658547734,,,Knowledge analysis / Technological / Incorrect spatial-geometric interpretation|Knowledge analysis / Technological / Pseudo-quantification risk|Model training / Technological / Confidence miscalibration,Knowledge analysis / Technological / Incorrect spatial-geometric interpretation|Knowledge analysis / Technological / Pseudo-quantification risk|Model training / Technological / Confidence miscalibration|Model training / Technological / Confabulations|Model training / Technological / Metric gaming,Knowledge analysis / Technological / Incorrect spatial-geometric interpretation|Knowledge analysis / Technological / Pseudo-quantification risk|Model training / Technological / Confidence miscalibration|Model training / Technological / Confabulations|Model training / Technological / Metric gaming|Model training / Technological / Domain shift as technological robustness failure|Model training / Technological / Selective prediction / refusal failure|Model training / Technological / Latency/compute budget breach|Model training / Technological / Correlated error structure omission|Model training / Technological / Preprocessing and augmentation pipeline defects
P1,195,17800237,True,0.03555854725343588,,,Knowledge analysis / Technological / Pseudo-quantification risk|Knowledge analysis / Technological / Incorrect spatial-geometric interpretation|Model training / Technological / Confidence miscalibration,Knowledge analysis / Technological / Pseudo-quantification risk|Knowledge analysis / Technological / Incorrect spatial-geometric interpretation|Model training / Technological / Confidence miscalibration|Model training / Technological / Confabulations|Model training / Technological / Training instability,Knowledge analysis / Technological / Pseudo-quantification risk|Knowledge analysis / Technological / Incorrect spatial-geometric interpretation|Model training / Technological / Confidence miscalibration|Model training / Technological / Confabulations|Model training / Technological / Training instability|Model training / Technological / Latency/compute budget breach|Model training / Technological / Overfitting|Model training / Technological / Selective prediction / refusal failure|Model training / Technological / Noise/blur/compression fragility|Model training / Technological / Metric gaming
P1,196,17800238,True,0.039835079764736214,,,Knowledge analysis / Technological / Incorrect spatial-geometric interpretation|Knowledge analysis / Technological / Pseudo-quantification risk|Model training / Technological / Confidence miscalibration,Knowledge analysis / Technological / Incorrect spatial-geometric interpretation|Knowledge analysis / Technological / Pseudo-quantification risk|Model training / Technological / Confidence miscalibration|Model training / Technological / Confabulations|Model training / Technological / Correlated error structure omission,Knowledge analysis / Technological / Incorrect spatial-geometric interpretation|Knowledge analysis / Technological / Pseudo-quantification risk|Model training / Technological / Confidence miscalibration|Model training / Technological / Confabulations|Model training / Technological / Correlated error structure omission|Model training / Technological / Domain shift as technological robustness failure|Model training / Technological / Preprocessing and augmentation pipeline defects|Model training / Technological / Metric gaming|Model training / Technological / Latency/compute budget breach|Model training / Technological / Selective prediction / refusal failure
P1,197,17800239,True,0.04727742319423535,,,Knowledge analysis / Technological / Pseudo-quantification risk|Knowledge analysis / Technological / Incorrect spatial-geometric interpretation|Model training / Technological / Confabulations,Knowledge analysis / Technological / Pseudo-quantification risk|Knowledge analysis / Technological / Incorrect spatial-geometric interpretation|Model training / Technological / Confabulations|Model training / Technological / Confidence miscalibration|Model training / Technological / Preprocessing and augmentation pipeline defects,Knowledge analysis / Technological / Pseudo-quantification risk|Knowledge analysis / Technological / Incorrect spatial-geometric interpretation|Model training / Technological / Confabulations|Model training / Technological / Confidence miscalibration|Model training / Technological / Preprocessing and augmentation pipeline defects|Model training / Technological / Noise/blur/compression fragility|Model training / Technological / Correlated error structure omission|Model training / Technological / Training instability|Model training / Technological / Latency/compute budget breach|Model training / Technological / Selective prediction / refusal failure
P1,198,17800240,True,0.07756966875580074,,,Knowledge analysis / Technological / Incorrect spatial-geometric interpretation|Knowledge analysis / Technological / Pseudo-quantification risk|Model training / Technological / Confidence miscalibration,Knowledge analysis / Technological / Incorrect spatial-geometric interpretation|Knowledge analysis / Technological / Pseudo-quantification risk|Model training / Technological / Confidence miscalibration|Model training / Technological / Confabulations|Model training / Technological / Metric gaming,Knowledge analysis / Technological / Incorrect spatial-geometric interpretation|Knowledge analysis / Technological / Pseudo-quantification risk|Model training / Technological / Confidence miscalibration|Model training / Technological / Confabulations|Model training / Technological / Metric gaming|Model training / Technological / Correlated error structure omission|Model training / Technological / Domain shift as technological robustness failure|Model training / Technological / Preprocessing and augmentation pipeline defects|Model training / Technological / Training instability|Model training / Technological / Selective prediction / refusal failure
P1,199,17800241,True,0.03499778594270746,,,Knowledge analysis / Technological / Incorrect spatial-geometric interpretation|Knowledge analysis / Technological / Pseudo-quantification risk|Model training / Technological / Confabulations,Knowledge analysis / Technological / Incorrect spatial-geometric interpretation|Knowledge analysis / Technological / Pseudo-quantification risk|Model training / Technological / Confabulations|Model training / Technological / Confidence miscalibration|Model training / Technological / Preprocessing and augmentation pipeline defects,Knowledge analysis / Technological / Incorrect spatial-geometric interpretation|Knowledge analysis / Technological / Pseudo-quantification risk|Model training / Technological / Confabulations|Model training / Technological / Confidence miscalibration|Model training / Technological / Preprocessing and augmentation pipeline defects|Model training / Technological / Overfitting|Model training / Technological / Training instability|Model training / Technological / Correlated error structure omission|Model training / Technological / Metric gaming|Model training / Technological / Domain shift as technological robustness failure
